~/apps/web$ vp build ⊘ cache disabled
transforming...
✓ 6071 modules transformed.
rendering chunks...
computing gzip size...
dist/assets/ghostty-write-pty-hgyAvVbe.wasm                       0.11 kB │ gzip:   0.12 kB
dist/assets/snap-shot-click-CJiuxMEv.mp3                          6.38 kB
dist/assets/notification-input-BJS4voY1.mp3                      11.63 kB
dist/assets/notification-completion-vyCCbYsz.mp3                 11.94 kB
dist/assets/snap-shot-whoosh-CQZ59XJc.mp3                        15.02 kB
dist/index.html                                                  20.14 kB │ gzip:   5.09 kB
dist/assets/ghostty-vt-DdA0Zryv.wasm                            630.93 kB │ gzip: 187.91 kB
dist/third-party-licenses.json                                  733.27 kB │ gzip:  86.00 kB
dist/assets/worker-5jyD51yv.js                                  833.55 kB
dist/.vite/manifest.json                                      1,101.40 kB │ gzip:  75.58 kB
dist/assets/SymbolsNerdFontMono-Regular-aK5vsLov.woff2        1,177.57 kB
dist/assets/main-BmIupgXD.css                                   501.47 kB │ gzip:  66.91 kB
dist/assets/alarm-clock-Co-fqF3S.js                               0.08 kB │ gzip:   0.09 kB
dist/assets/alarm-clock-off-Bw7-bpts.js                           0.08 kB │ gzip:   0.09 kB
dist/assets/archive-D1o6pjuz.js                                   0.08 kB │ gzip:   0.09 kB
dist/assets/arrow-left-CPrLU69U.js                                0.08 kB │ gzip:   0.09 kB
dist/assets/arrow-right-HuyM6gAI.js                               0.08 kB │ gzip:   0.09 kB
dist/assets/arrow-up-down-Da3ma0jp.js                             0.08 kB │ gzip:   0.09 kB
dist/assets/blocks-B6F1FVBP.js                                    0.08 kB │ gzip:   0.09 kB
dist/assets/bot-BPGVXDyc.js                                       0.08 kB │ gzip:   0.09 kB
dist/assets/chart-no-axes-column-D7kFzP84.js                      0.08 kB │ gzip:   0.09 kB
dist/assets/corner-left-up-B9aYTN0H.js                            0.08 kB │ gzip:   0.09 kB
dist/assets/download-BWNv_Gpr.js                                  0.08 kB │ gzip:   0.09 kB
dist/assets/earth-Bhk7bcNR.js                                     0.08 kB │ gzip:   0.09 kB
dist/assets/external-link-BhMfUBcQ.js                             0.08 kB │ gzip:   0.09 kB
dist/assets/eye-yCzUXTJ3.js                                       0.08 kB │ gzip:   0.09 kB
dist/assets/file-search-CdAUYxkj.js                               0.08 kB │ gzip:   0.09 kB
dist/assets/folder-plus-CuSO54Rk.js                               0.08 kB │ gzip:   0.09 kB
dist/assets/git-branch-DlT2g6x1.js                                0.08 kB │ gzip:   0.09 kB
dist/assets/hard-drive-SHyINSo3.js                                0.08 kB │ gzip:   0.09 kB
dist/assets/keyboard-HfuKn4Ft.js                                  0.08 kB │ gzip:   0.09 kB
dist/assets/link-Bcabc33J.js                                      0.08 kB │ gzip:   0.09 kB
dist/assets/message-circle-question-mark-I65ii-44.js              0.08 kB │ gzip:   0.09 kB
dist/assets/message-square-fBdNuOq7.js                            0.08 kB │ gzip:   0.09 kB
dist/assets/palette-D5DQOthq.js                                   0.08 kB │ gzip:   0.09 kB
dist/assets/panels-top-left-eBcugkW4.js                           0.08 kB │ gzip:   0.09 kB
dist/assets/pin-Ce6cmfBM.js                                       0.08 kB │ gzip:   0.09 kB
dist/assets/pin-off-B3eZVKWM.js                                   0.08 kB │ gzip:   0.09 kB
dist/assets/rotate-cw-C2XlnKRT.js                                 0.08 kB │ gzip:   0.09 kB
dist/assets/settings-2-Dc0h1u8D.js                                0.08 kB │ gzip:   0.09 kB
dist/assets/settings-DEN3mdm6.js                                  0.08 kB │ gzip:   0.09 kB
dist/assets/shield-question-mark-D0DBoSwQ.js                      0.08 kB │ gzip:   0.09 kB
dist/assets/square-pen-Ceqq5Rsd.js                                0.08 kB │ gzip:   0.09 kB
dist/assets/text-search-B8h7w6Ug.js                               0.08 kB │ gzip:   0.09 kB
dist/assets/_chat.draft._draftId-DJ7LAi8J.js                      0.09 kB │ gzip:   0.11 kB │ map:     0.53 kB
dist/assets/_chat._environmentId._threadId-DJ7LAi8J.js            0.10 kB │ gzip:   0.12 kB │ map:     0.55 kB
dist/assets/env-wK1YYxA8.js                                       0.11 kB │ gzip:   0.12 kB │ map:     0.55 kB
dist/assets/previewBridge-BwUuF13x.js                             0.13 kB │ gzip:   0.13 kB │ map:     0.63 kB
dist/assets/settings.archived-zplxNY3X.js                         0.13 kB │ gzip:   0.14 kB │ map:     0.49 kB
dist/assets/slash-ztK92SpV.js                                     0.19 kB │ gzip:   0.18 kB │ map:     0.78 kB
dist/assets/tally-1-ByKr8xS7.js                                   0.19 kB │ gzip:   0.19 kB │ map:     0.78 kB
dist/assets/FieldItemContext-BxA6ed_U.js                          0.19 kB │ gzip:   0.18 kB │ map:     0.80 kB
dist/assets/wifi-zero-DLXKtjwX.js                                 0.20 kB │ gzip:   0.19 kB │ map:     0.80 kB
dist/assets/dot-2B7fy361.js                                       0.20 kB │ gzip:   0.19 kB │ map:     0.81 kB
dist/assets/signal-zero-CDLIJqco.js                               0.20 kB │ gzip:   0.19 kB │ map:     0.81 kB
dist/assets/mountain-BI3PEZCZ.js                                  0.21 kB │ gzip:   0.20 kB │ map:     0.81 kB
dist/assets/bluetooth-D9L3IJCo.js                                 0.21 kB │ gzip:   0.20 kB │ map:     0.82 kB
dist/assets/circle-small-Cy3fh6WJ.js                              0.21 kB │ gzip:   0.19 kB │ map:     0.86 kB
dist/assets/fish-symbol-Bti-L5Xn.js                               0.22 kB │ gzip:   0.21 kB │ map:     0.84 kB
dist/assets/space-DOuJTrtT.js                                     0.22 kB │ gzip:   0.21 kB │ map:     0.82 kB
dist/assets/egg-CbGCh2ec.js                                       0.22 kB │ gzip:   0.21 kB │ map:     0.81 kB
dist/assets/twitch-BJB_q4yr.js                                    0.22 kB │ gzip:   0.22 kB │ map:     0.82 kB
dist/assets/framer-CUUQHkFH.js                                    0.22 kB │ gzip:   0.21 kB │ map:     0.82 kB
dist/assets/navigation-lxN-zbBJ.js                                0.22 kB │ gzip:   0.20 kB │ map:     0.84 kB
dist/assets/tally-2-CQxF2Z_i.js                                   0.23 kB │ gzip:   0.20 kB │ map:     0.89 kB
dist/assets/navigation-2-C4T6WNk0.js                              0.23 kB │ gzip:   0.21 kB │ map:     0.85 kB
dist/assets/option-CgE0bfnI.js                                    0.23 kB │ gzip:   0.21 kB │ map:     0.89 kB
dist/assets/code-sZFhL_SK.js                                      0.23 kB │ gzip:   0.20 kB │ map:     0.89 kB
dist/assets/t3ProjectFile-CX1kmoKp.js                             0.23 kB │ gzip:   0.21 kB │ map:     2.45 kB
dist/assets/thermometer-CDzZrOP3.js                               0.23 kB │ gzip:   0.22 kB │ map:     0.85 kB
dist/assets/move-up-CyX3RK8V.js                                   0.23 kB │ gzip:   0.21 kB │ map:     0.90 kB
dist/assets/signal-low-DoH_IP1g.js                                0.23 kB │ gzip:   0.21 kB │ map:     0.91 kB
dist/assets/squircle-yusNVPou.js                                  0.24 kB │ gzip:   0.21 kB │ map:     0.85 kB
dist/assets/move-left-CwsWCuSN.js                                 0.24 kB │ gzip:   0.21 kB │ map:     0.91 kB
dist/assets/minus-Bxp5EcNf.js                                     0.24 kB │ gzip:   0.22 kB │ map:     0.77 kB
dist/assets/music-3-C-lmAA1D.js                                   0.24 kB │ gzip:   0.22 kB │ map:     0.93 kB
dist/assets/clock-6-CNesq-_g.js                                   0.24 kB │ gzip:   0.22 kB │ map:     0.93 kB
dist/assets/clock-12-0nI2vbBe.js                                  0.24 kB │ gzip:   0.22 kB │ map:     0.94 kB
dist/assets/clock-3-BHIIMv6d.js                                   0.24 kB │ gzip:   0.22 kB │ map:     0.93 kB
dist/assets/clock-9-rTuUc-xu.js                                   0.24 kB │ gzip:   0.22 kB │ map:     0.93 kB
dist/assets/move-down-zlKovjTp.js                                 0.24 kB │ gzip:   0.21 kB │ map:     0.91 kB
dist/assets/move-up-left-nqLk9uSE.js                              0.24 kB │ gzip:   0.21 kB │ map:     0.92 kB
dist/assets/music-2-B-aNTuYa.js                                   0.24 kB │ gzip:   0.22 kB │ map:     0.93 kB
dist/assets/rectangle-vertical-DanpkuBx.js                        0.24 kB │ gzip:   0.21 kB │ map:     0.95 kB
dist/assets/chevron-last-D7lULc5a.js                              0.24 kB │ gzip:   0.21 kB │ map:     0.93 kB
dist/assets/clock-1-COLTg9jz.js                                   0.24 kB │ gzip:   0.22 kB │ map:     0.93 kB
dist/assets/clock-2-D_Flp-6o.js                                   0.24 kB │ gzip:   0.22 kB │ map:     0.93 kB
dist/assets/clock-4-DO-Ju7YX.js                                   0.24 kB │ gzip:   0.22 kB │ map:     0.93 kB
dist/assets/clock-5-C2R9Jrf_.js                                   0.24 kB │ gzip:   0.22 kB │ map:     0.93 kB
dist/assets/move-right-DUh3fbz6.js                                0.24 kB │ gzip:   0.21 kB │ map:     0.92 kB
dist/assets/arrow-up-left-DCMS_H11.js                             0.24 kB │ gzip:   0.22 kB │ map:     0.93 kB
dist/assets/blend-DuHfRXK-.js                                     0.24 kB │ gzip:   0.21 kB │ map:     0.96 kB
dist/assets/clock-7-Cb6N0Cey.js                                   0.24 kB │ gzip:   0.22 kB │ map:     0.94 kB
dist/assets/clock-8-D2oRoa07.js                                   0.24 kB │ gzip:   0.22 kB │ map:     0.94 kB
dist/assets/chevron-first-DnYgbhCS.js                             0.24 kB │ gzip:   0.21 kB │ map:     0.94 kB
dist/assets/disc-Cl8JZGaT.js                                      0.24 kB │ gzip:   0.20 kB │ map:     0.95 kB
dist/assets/infinity-ChDi9H1Z.js                                  0.24 kB │ gzip:   0.22 kB │ map:     0.87 kB
dist/assets/move-up-right-Bsaah8YF.js                             0.24 kB │ gzip:   0.21 kB │ map:     0.93 kB
dist/assets/bold-rWsKLPHv.js                                      0.25 kB │ gzip:   0.22 kB │ map:     0.85 kB
dist/assets/check-BtUF0cad.js                                     0.25 kB │ gzip:   0.22 kB │ map:     0.78 kB
dist/assets/clock-10-hRVdSTJm.js                                  0.25 kB │ gzip:   0.22 kB │ map:     0.94 kB
dist/assets/clock-11-D3Ok_GQl.js                                  0.25 kB │ gzip:   0.22 kB │ map:     0.94 kB
dist/assets/rectangle-horizontal--G6rdsoz.js                      0.25 kB │ gzip:   0.21 kB │ map:     0.96 kB
dist/assets/reply-Djybk6rc.js                                     0.25 kB │ gzip:   0.22 kB │ map:     0.91 kB
dist/assets/move-down-left--594djsj.js                            0.25 kB │ gzip:   0.21 kB │ map:     0.94 kB
dist/assets/arrow-down-left-D1JVMXr_.js                           0.25 kB │ gzip:   0.21 kB │ map:     0.94 kB
dist/assets/chevrons-up-CLzK_COQ.js                               0.25 kB │ gzip:   0.21 kB │ map:     0.93 kB
dist/assets/ban-BDqgRC3z.js                                       0.25 kB │ gzip:   0.23 kB │ map:     0.93 kB
dist/assets/chevrons-down-BynixxL5.js                             0.25 kB │ gzip:   0.21 kB │ map:     0.94 kB
dist/assets/circle-minus-DGWN1Tyk.js                              0.25 kB │ gzip:   0.22 kB │ map:     0.96 kB
dist/assets/wifi-low-CTRfondt.js                                  0.25 kB │ gzip:   0.22 kB │ map:     0.92 kB
dist/assets/arrow-down-right-KV91PZHd.js                          0.25 kB │ gzip:   0.22 kB │ map:     0.95 kB
dist/assets/facebook-LwMfQaOC.js                                  0.25 kB │ gzip:   0.23 kB │ map:     0.87 kB
dist/assets/move-down-right-CaWlIhHK.js                           0.25 kB │ gzip:   0.22 kB │ map:     0.95 kB
dist/assets/forward-CVrjg4l4.js                                   0.25 kB │ gzip:   0.22 kB │ map:     0.92 kB
dist/assets/chevrons-left-ctINYnJ3.js                             0.25 kB │ gzip:   0.21 kB │ map:     0.95 kB
dist/assets/chevrons-right-DT-h_Tg7.js                            0.25 kB │ gzip:   0.21 kB │ map:     0.95 kB
dist/assets/mouse-csKBo-oW.js                                     0.25 kB │ gzip:   0.23 kB │ map:     0.97 kB
dist/assets/triangle-DoZKWVFI.js                                  0.25 kB │ gzip:   0.23 kB │ map:     0.88 kB
dist/assets/tv-DjtJu8BJ.js                                        0.25 kB │ gzip:   0.23 kB │ map:     0.96 kB
dist/assets/circle-Dj3_5R8R.js                                    0.25 kB │ gzip:   0.22 kB │ map:     0.82 kB
dist/assets/eclipse-ByDdvGzX.js                                   0.25 kB │ gzip:   0.22 kB │ map:     0.95 kB
dist/assets/authRedirect-DWE5a_T9.js                              0.25 kB │ gzip:   0.18 kB │ map:     1.34 kB
dist/assets/command-BXwlDwEM.js                                   0.25 kB │ gzip:   0.22 kB │ map:     0.87 kB
dist/assets/crop-BCRQrOqj.js                                      0.25 kB │ gzip:   0.22 kB │ map:     0.91 kB
dist/assets/check-check-Dx9f113n.js                               0.25 kB │ gzip:   0.22 kB │ map:     0.94 kB
dist/assets/chevron-up-CIvooWnp.js                                0.25 kB │ gzip:   0.23 kB │ map:     0.81 kB
dist/assets/rows-2-CQEMMl32.js                                    0.25 kB │ gzip:   0.23 kB │ map:     0.97 kB
dist/assets/undo-DGcrlwPZ.js                                      0.25 kB │ gzip:   0.22 kB │ map:     0.91 kB
dist/assets/circle-slash-2-Bc61tcf5.js                            0.26 kB │ gzip:   0.22 kB │ map:     0.98 kB
dist/assets/iteration-cw-D8fkWCFj.js                              0.26 kB │ gzip:   0.22 kB │ map:     0.94 kB
dist/assets/chevron-down-xC6edDw1.js                              0.26 kB │ gzip:   0.23 kB │ map:     0.82 kB
dist/assets/redo-ClZooJAC.js                                      0.26 kB │ gzip:   0.23 kB │ map:     0.91 kB
dist/assets/russian-ruble-JSET1BR3.js                             0.26 kB │ gzip:   0.22 kB │ map:     0.95 kB
dist/assets/equal-Bgl4-Pzi.js                                     0.26 kB │ gzip:   0.21 kB │ map:     1.00 kB
dist/assets/menu-phw8uTxu.js                                      0.26 kB │ gzip:   0.21 kB │ map:     0.97 kB
dist/assets/chart-line-Ydhh0ajp.js                                0.26 kB │ gzip:   0.23 kB │ map:     0.94 kB
dist/assets/chevron-left-DD5ByvDq.js                              0.26 kB │ gzip:   0.23 kB │ map:     0.82 kB
dist/assets/contrast-Bey6p_3o.js                                  0.26 kB │ gzip:   0.23 kB │ map:     0.96 kB
dist/assets/diff-D6e5RtD4.js                                      0.26 kB │ gzip:   0.22 kB │ map:     0.97 kB
dist/assets/chevron-right-DkvvDDdy.js                             0.26 kB │ gzip:   0.23 kB │ map:     0.83 kB
dist/assets/iteration-ccw-vDhvFf8o.js                             0.26 kB │ gzip:   0.23 kB │ map:     0.95 kB
dist/assets/panel-top-CZ_hVjHo.js                                 0.26 kB │ gzip:   0.23 kB │ map:     0.99 kB
dist/assets/chevrons-left-right-Bx-dbjUg.js                       0.26 kB │ gzip:   0.22 kB │ map:     0.98 kB
dist/assets/kanban-CQkcxpXt.js                                    0.26 kB │ gzip:   0.22 kB │ map:     0.98 kB
dist/assets/copyleft-BsPzRsPF.js                                  0.26 kB │ gzip:   0.23 kB │ map:     0.96 kB
dist/assets/book-DA2y7b0B.js                                      0.26 kB │ gzip:   0.23 kB │ map:     0.89 kB
dist/assets/chevrons-right-left-GpuiG0tU.js                       0.26 kB │ gzip:   0.22 kB │ map:     0.98 kB
dist/assets/parentheses-ebg3cVEZ.js                               0.26 kB │ gzip:   0.22 kB │ map:     0.95 kB
dist/assets/tally-3-6NlY0VSA.js                                   0.26 kB │ gzip:   0.22 kB │ map:     0.99 kB
dist/assets/tv-minimal-BqlWCW5X.js                                0.26 kB │ gzip:   0.23 kB │ map:     0.99 kB
dist/assets/corner-right-up-DE2jMHr9.js                           0.26 kB │ gzip:   0.23 kB │ map:     0.96 kB
dist/assets/corner-up-left-CxrKxmFS.js                            0.26 kB │ gzip:   0.23 kB │ map:     0.96 kB
dist/assets/dice-1-Dl_0Jzb6.js                                    0.26 kB │ gzip:   0.23 kB │ map:     0.99 kB
dist/assets/heading-ClHCvqiD.js                                   0.26 kB │ gzip:   0.22 kB │ map:     0.99 kB
dist/assets/circle-chevron-up-CjQvdBSp.js                         0.26 kB │ gzip:   0.23 kB │ map:     1.00 kB
dist/assets/copyright-BLTGHiZv.js                                 0.26 kB │ gzip:   0.23 kB │ map:     0.97 kB
dist/assets/cylinder-n2xgpWok.js                                  0.26 kB │ gzip:   0.24 kB │ map:     0.98 kB
dist/assets/underline-eAB9Qz4w.js                                 0.26 kB │ gzip:   0.23 kB │ map:     0.98 kB
dist/assets/user-0fgEFApE.js                                      0.26 kB │ gzip:   0.23 kB │ map:     0.95 kB
dist/assets/corner-down-left-BZYDI6Do.js                          0.27 kB │ gzip:   0.23 kB │ map:     0.97 kB
dist/assets/square-minus-DPeRZzM6.js                              0.27 kB │ gzip:   0.23 kB │ map:     1.01 kB
dist/assets/useNavigate-Da7BAxBX.js                               0.27 kB │ gzip:   0.22 kB │ map:     2.19 kB
dist/assets/corner-up-right-vhhONcgi.js                           0.27 kB │ gzip:   0.23 kB │ map:     0.97 kB
dist/assets/corner-down-right-D---5tIP.js                         0.27 kB │ gzip:   0.23 kB │ map:     0.98 kB
dist/assets/corner-left-down-BgS7qaCV.js                          0.27 kB │ gzip:   0.23 kB │ map:     0.97 kB
dist/assets/corner-right-down-DJ1ZK8xg.js                         0.27 kB │ gzip:   0.23 kB │ map:     0.98 kB
dist/assets/flame-CkjxnikM.js                                     0.27 kB │ gzip:   0.24 kB │ map:     0.90 kB
dist/assets/slice-CWTz6IZa.js                                     0.27 kB │ gzip:   0.24 kB │ map:     0.90 kB
dist/assets/torus-D1JIcFlE.js                                     0.27 kB │ gzip:   0.22 kB │ map:     1.01 kB
dist/assets/triangle-right-pH781Rac.js                            0.27 kB │ gzip:   0.24 kB │ map:     0.94 kB
dist/assets/circle-chevron-down-Bxusfz_Z.js                       0.27 kB │ gzip:   0.23 kB │ map:     1.01 kB
dist/assets/circle-chevron-left-alvqJQS5.js                       0.27 kB │ gzip:   0.23 kB │ map:     1.01 kB
dist/assets/square-6G6oeO0Z.js                                    0.27 kB │ gzip:   0.24 kB │ map:     0.87 kB
dist/assets/venus-BsklYFpd.js                                     0.27 kB │ gzip:   0.23 kB │ map:     1.02 kB
dist/assets/at-sign-BttK3uEX.js                                   0.27 kB │ gzip:   0.24 kB │ map:     0.96 kB
dist/assets/circle-chevron-right-BYENq_2L.js                      0.27 kB │ gzip:   0.23 kB │ map:     1.02 kB
dist/assets/circle-parking-oAuAMv1h.js                            0.27 kB │ gzip:   0.23 kB │ map:     1.00 kB
dist/assets/flag-triangle-left-i4NN3tqj.js                        0.27 kB │ gzip:   0.23 kB │ map:     0.93 kB
dist/assets/martini-D0RbKFPj.js                                   0.27 kB │ gzip:   0.23 kB │ map:     1.00 kB
dist/assets/flag-triangle-right-CU9wFXXN.js                       0.27 kB │ gzip:   0.24 kB │ map:     0.94 kB
dist/assets/square-check-rkNcDzJQ.js                              0.27 kB │ gzip:   0.24 kB │ map:     1.01 kB
dist/assets/x-Ci32k91F.js                                         0.27 kB │ gzip:   0.23 kB │ map:     0.86 kB
dist/assets/baseline-CZASxSsz.js                                  0.27 kB │ gzip:   0.23 kB │ map:     1.01 kB
dist/assets/loader-circle-C8r8GCJo.js                             0.27 kB │ gzip:   0.24 kB │ map:     0.84 kB
dist/assets/plus-DDYnUvqf.js                                      0.27 kB │ gzip:   0.23 kB │ map:     0.87 kB
dist/assets/square-dot-u-SIxpM4.js                                0.27 kB │ gzip:   0.24 kB │ map:     1.03 kB
dist/assets/circle-check-big-k6lOscYE.js                          0.27 kB │ gzip:   0.24 kB │ map:     0.98 kB
dist/assets/circle-stop-BmOAB1dP.js                               0.27 kB │ gzip:   0.23 kB │ map:     1.04 kB
dist/assets/line-squiggle-BwhTWyMq.js                             0.27 kB │ gzip:   0.24 kB │ map:     0.94 kB
dist/assets/swiss-franc-CJoI7Fl3.js                               0.27 kB │ gzip:   0.23 kB │ map:     1.02 kB
dist/assets/toggle-left-1FmVLAqn.js                               0.27 kB │ gzip:   0.24 kB │ map:     1.04 kB
dist/assets/pocket-z00HdLxG.js                                    0.28 kB │ gzip:   0.23 kB │ map:     0.94 kB
dist/assets/check-line-7BTjm0rp.js                                0.28 kB │ gzip:   0.23 kB │ map:     1.02 kB
dist/assets/cone-C4xUBR5-.js                                      0.28 kB │ gzip:   0.25 kB │ map:     0.98 kB
dist/assets/mars-CvXpwRF6.js                                      0.28 kB │ gzip:   0.24 kB │ map:     1.02 kB
dist/assets/radical-CHjq-8Yu.js                                   0.28 kB │ gzip:   0.25 kB │ map:     0.92 kB
dist/assets/redo-2-L0jh9e-Z.js                                    0.28 kB │ gzip:   0.23 kB │ map:     0.94 kB
dist/assets/text-align-end-C5pU4FsN.js                            0.28 kB │ gzip:   0.22 kB │ map:     1.03 kB
dist/assets/toggle-right-MLEjlbx0.js                              0.28 kB │ gzip:   0.24 kB │ map:     1.05 kB
dist/assets/signal-medium-0omOMzxH.js                             0.28 kB │ gzip:   0.23 kB │ map:     1.03 kB
dist/assets/square-radical-BoGM7vsx.js                            0.28 kB │ gzip:   0.24 kB │ map:     1.03 kB
dist/assets/pause-l3MnVNHV.js                                     0.28 kB │ gzip:   0.22 kB │ map:     1.05 kB
dist/assets/cloud-Dh7aSZXf.js                                     0.28 kB │ gzip:   0.25 kB │ map:     0.82 kB
dist/assets/pill-BKyVr2kC.js                                      0.28 kB │ gzip:   0.24 kB │ map:     0.95 kB
dist/assets/rail-symbol-Asq8UzuG.js                               0.28 kB │ gzip:   0.23 kB │ map:     1.03 kB
dist/assets/ratio-CKGZ-J9w.js                                     0.28 kB │ gzip:   0.23 kB │ map:     1.05 kB
dist/assets/square-chevron-up-BK8n8Ih_.js                         0.28 kB │ gzip:   0.24 kB │ map:     1.04 kB
dist/assets/circle-plus-DMXz-H7D.js                               0.28 kB │ gzip:   0.23 kB │ map:     1.05 kB
dist/assets/credit-card-Ca0PKkx-.js                               0.28 kB │ gzip:   0.24 kB │ map:     1.06 kB
dist/assets/move-diagonal-CapBoeUY.js                             0.28 kB │ gzip:   0.23 kB │ map:     1.03 kB
dist/assets/droplet-D0RyXOdD.js                                   0.28 kB │ gzip:   0.25 kB │ map:     0.92 kB
dist/assets/square-slash-DAQ-zl7C.js                              0.28 kB │ gzip:   0.24 kB │ map:     1.07 kB
dist/assets/tablet-4ggxfU1B.js                                    0.28 kB │ gzip:   0.24 kB │ map:     1.06 kB
dist/assets/text-align-center-7tPoiScq.js                         0.28 kB │ gzip:   0.23 kB │ map:     1.05 kB
dist/assets/ungroup-Csihq_hn.js                                   0.28 kB │ gzip:   0.23 kB │ map:     1.06 kB
dist/assets/sigma-B-6kLTiQ.js                                     0.28 kB │ gzip:   0.24 kB │ map:     0.91 kB
dist/assets/spell-check-TNSWYRm9.js                               0.28 kB │ gzip:   0.23 kB │ map:     1.03 kB
dist/assets/square-sigma-PSTAgJEZ.js                              0.28 kB │ gzip:   0.25 kB │ map:     1.03 kB
dist/assets/unlink-2-xbOj-xg9.js                                  0.28 kB │ gzip:   0.25 kB │ map:     0.84 kB
dist/assets/asterisk-DJkGtv-X.js                                  0.29 kB │ gzip:   0.23 kB │ map:     1.02 kB
dist/assets/move-vertical-B-aCEepW.js                             0.29 kB │ gzip:   0.23 kB │ map:     1.04 kB
dist/assets/text-align-justify-Ph4R9BrZ.js                        0.29 kB │ gzip:   0.22 kB │ map:     1.06 kB
dist/assets/album-CGdU4Fmj.js                                     0.29 kB │ gzip:   0.24 kB │ map:     1.02 kB
dist/assets/arrow-up-Bs89tKSk.js                                  0.29 kB │ gzip:   0.24 kB │ map:     0.90 kB
dist/assets/circle-equal-DIRXeB_n.js                              0.29 kB │ gzip:   0.23 kB │ map:     1.06 kB
dist/assets/dock-D9IoFr87.js                                      0.29 kB │ gzip:   0.24 kB │ map:     1.06 kB
dist/assets/move-diagonal-2-BIBsTo3s.js                           0.29 kB │ gzip:   0.23 kB │ map:     1.05 kB
dist/assets/square-chevron-down-CDicRfRt.js                       0.29 kB │ gzip:   0.24 kB │ map:     1.06 kB
dist/assets/square-chevron-left-clTIHXtc.js                       0.29 kB │ gzip:   0.24 kB │ map:     1.06 kB
dist/assets/terminal-DBPi8zTs.js                                  0.29 kB │ gzip:   0.24 kB │ map:     0.90 kB
dist/assets/arrow-up-to-line-DiTGOxPz.js                          0.29 kB │ gzip:   0.23 kB │ map:     1.05 kB
dist/assets/captions-CQzZu1pH.js                                  0.29 kB │ gzip:   0.25 kB │ map:     1.03 kB
dist/assets/chart-no-axes-gantt-DXgV67iP.js                       0.29 kB │ gzip:   0.23 kB │ map:     1.06 kB
dist/assets/disc-2-C8y8Q53F.js                                    0.29 kB │ gzip:   0.23 kB │ map:     1.07 kB
dist/assets/square-chevron-right-DsnP9U7F.js                      0.29 kB │ gzip:   0.24 kB │ map:     1.06 kB
dist/assets/square-parking-Ds3BcVBv.js                            0.29 kB │ gzip:   0.25 kB │ map:     1.04 kB
dist/assets/music-BYtXnyFh.js                                     0.29 kB │ gzip:   0.24 kB │ map:     1.07 kB
dist/assets/type-CASoLfTc.js                                      0.29 kB │ gzip:   0.23 kB │ map:     1.01 kB
dist/assets/move-horizontal-DV9R_R8w.js                           0.29 kB │ gzip:   0.23 kB │ map:     1.05 kB
dist/assets/rectangle-circle-DxDzEHnt.js                          0.29 kB │ gzip:   0.24 kB │ map:     1.02 kB
dist/assets/square-activity-D1qgtOEX.js                           0.29 kB │ gzip:   0.25 kB │ map:     1.05 kB
dist/assets/arrow-left-to-line-CfqosWrU.js                        0.29 kB │ gzip:   0.23 kB │ map:     1.06 kB
dist/assets/clock-D_wFHpS7.js                                     0.29 kB │ gzip:   0.25 kB │ map:     0.92 kB
dist/assets/arrow-down-O6fe-vUA.js                                0.29 kB │ gzip:   0.24 kB │ map:     0.91 kB
dist/assets/arrow-down-to-line-fyFdRQMM.js                        0.29 kB │ gzip:   0.23 kB │ map:     1.06 kB
dist/assets/arrow-up-from-line-DDiTNRqE.js                        0.29 kB │ gzip:   0.23 kB │ map:     1.06 kB
dist/assets/flask-round-rw_lE5Xn.js                               0.29 kB │ gzip:   0.24 kB │ map:     1.04 kB
dist/assets/rss-BQRAywbW.js                                       0.29 kB │ gzip:   0.24 kB │ map:     1.04 kB
dist/assets/square-stop-0M8J_kDq.js                               0.29 kB │ gzip:   0.24 kB │ map:     1.08 kB
dist/assets/brackets-JGZYN_V6.js                                  0.29 kB │ gzip:   0.24 kB │ map:     0.97 kB
dist/assets/briefcase-R94bWnbD.js                                 0.29 kB │ gzip:   0.25 kB │ map:     1.03 kB
dist/assets/chart-spline-AAtu10px.js                              0.29 kB │ gzip:   0.25 kB │ map:     0.98 kB
dist/assets/turkish-lira-BbRdqV9f.js                              0.29 kB │ gzip:   0.24 kB │ map:     1.04 kB
dist/assets/arrow-down-from-line-he9JAT1Z.js                      0.29 kB │ gzip:   0.24 kB │ map:     1.07 kB
dist/assets/arrow-left-from-line-BehomqzM.js                      0.29 kB │ gzip:   0.24 kB │ map:     1.07 kB
dist/assets/arrow-right-to-line-CJWCFki7.js                       0.29 kB │ gzip:   0.24 kB │ map:     1.07 kB
dist/assets/beaker-DLdcfuYC.js                                    0.29 kB │ gzip:   0.24 kB │ map:     1.02 kB
dist/assets/dollar-sign-pG6rwPfn.js                               0.29 kB │ gzip:   0.24 kB │ map:     1.02 kB
dist/assets/grid-2x2-fzYEVHqq.js                                  0.29 kB │ gzip:   0.24 kB │ map:     1.08 kB
dist/assets/power-CybQvYmN.js                                     0.29 kB │ gzip:   0.25 kB │ map:     0.90 kB
dist/assets/square-square-D8jRDl9t.js                             0.29 kB │ gzip:   0.23 kB │ map:     1.10 kB
dist/assets/laptop-minimal-DsBUJDJv.js                            0.30 kB │ gzip:   0.25 kB │ map:     1.10 kB
dist/assets/merge-Bw7o5E2H.js                                     0.30 kB │ gzip:   0.25 kB │ map:     1.02 kB
dist/assets/columns-3-2q9I703W.js                                 0.30 kB │ gzip:   0.24 kB │ map:     1.09 kB
dist/assets/highlighter-v_eoxTkG.js                               0.30 kB │ gzip:   0.25 kB │ map:     0.98 kB
dist/assets/reply-all-BbiV5ScK.js                                 0.30 kB │ gzip:   0.24 kB │ map:     1.04 kB
dist/assets/search-B1I4nYyJ.js                                    0.30 kB │ gzip:   0.25 kB │ map:     0.93 kB
dist/assets/search-check-B8cWq2uQ.js                              0.30 kB │ gzip:   0.24 kB │ map:     1.08 kB
dist/assets/search-slash-BcTK6lUz.js                              0.30 kB │ gzip:   0.25 kB │ map:     1.08 kB
dist/assets/separator-vertical-C1GE_RCH.js                        0.30 kB │ gzip:   0.23 kB │ map:     1.07 kB
dist/assets/spline-Cp0cz_As.js                                    0.30 kB │ gzip:   0.24 kB │ map:     1.08 kB
dist/assets/target-Dh0XuPX0.js                                    0.30 kB │ gzip:   0.22 kB │ map:     1.10 kB
dist/assets/touchpad-4oDQEcCu.js                                  0.30 kB │ gzip:   0.25 kB │ map:     1.08 kB
dist/assets/arrow-right-from-line-C0coCkJa.js                     0.30 kB │ gzip:   0.24 kB │ map:     1.08 kB
dist/assets/arrow-up-right-B0oLPm87.js                            0.30 kB │ gzip:   0.24 kB │ map:     0.93 kB
dist/assets/gauge-CHxGzTyp.js                                     0.30 kB │ gzip:   0.25 kB │ map:     0.90 kB
dist/assets/undo-dot-Nrd05fSd.js                                  0.30 kB │ gzip:   0.25 kB │ map:     1.06 kB
dist/assets/airplay-BWXIzYzc.js                                   0.30 kB │ gzip:   0.24 kB │ map:     1.00 kB
dist/assets/audio-waveform-Df9t1OyC.js                            0.30 kB │ gzip:   0.23 kB │ map:     0.97 kB
dist/assets/git-commit-vertical-Cn6QhLKz.js                       0.30 kB │ gzip:   0.24 kB │ map:     1.10 kB
dist/assets/japanese-yen-BmBAym-b.js                              0.30 kB │ gzip:   0.24 kB │ map:     1.05 kB
dist/assets/share-DmMFXAHe.js                                     0.30 kB │ gzip:   0.24 kB │ map:     1.02 kB
dist/assets/vote-Cmz5cdP_.js                                      0.30 kB │ gzip:   0.25 kB │ map:     1.02 kB
dist/assets/arrow-up-from-dot-BDRjqHVB.js                         0.30 kB │ gzip:   0.25 kB │ map:     1.09 kB
dist/assets/cloud-check-o7zY4P_t.js                               0.30 kB │ gzip:   0.25 kB │ map:     0.98 kB
dist/assets/cloud-lightning-K2ftZ-K6.js                           0.30 kB │ gzip:   0.25 kB │ map:     1.00 kB
dist/assets/omega-DxWsrqPW.js                                     0.30 kB │ gzip:   0.25 kB │ map:     0.93 kB
dist/assets/square-plus-BrANN52E.js                               0.30 kB │ gzip:   0.25 kB │ map:     1.10 kB
dist/assets/tally-4-BozhShJg.js                                   0.30 kB │ gzip:   0.22 kB │ map:     1.09 kB
dist/assets/arrow-down-to-dot-WHHfcF58.js                         0.30 kB │ gzip:   0.25 kB │ map:     1.10 kB
dist/assets/circle-arrow-down-g1yBQb4i.js                         0.30 kB │ gzip:   0.24 kB │ map:     1.10 kB
dist/assets/club-BzE4EUpk.js                                      0.30 kB │ gzip:   0.25 kB │ map:     0.99 kB
dist/assets/dice-2-BhenXyGf.js                                    0.30 kB │ gzip:   0.25 kB │ map:     1.09 kB
dist/assets/ear-Cr7nQ3hI.js                                       0.30 kB │ gzip:   0.24 kB │ map:     0.95 kB
dist/assets/separator-horizontal-BXWyrJsg.js                      0.30 kB │ gzip:   0.24 kB │ map:     1.08 kB
dist/assets/circle-arrow-left-By1N-Opv.js                         0.30 kB │ gzip:   0.24 kB │ map:     1.10 kB
dist/assets/divide-BLX-0CyV.js                                    0.30 kB │ gzip:   0.24 kB │ map:     1.12 kB
dist/assets/library-CelByVdV.js                                   0.30 kB │ gzip:   0.24 kB │ map:     1.09 kB
dist/assets/log-out-WjMhwOzo.js                                   0.30 kB │ gzip:   0.24 kB │ map:     1.03 kB
dist/assets/section-Bnz03Qiu.js                                   0.30 kB │ gzip:   0.24 kB │ map:     0.97 kB
dist/assets/battery-low-yNYbw9us.js                               0.30 kB │ gzip:   0.24 kB │ map:     1.10 kB
dist/assets/mic-DHRi-9TT.js                                       0.30 kB │ gzip:   0.26 kB │ map:     1.07 kB
dist/assets/pen-1vgZW2DO.js                                       0.30 kB │ gzip:   0.26 kB │ map:     0.92 kB
dist/assets/pi-B8NDD9sl.js                                        0.30 kB │ gzip:   0.25 kB │ map:     1.06 kB
dist/assets/rainbow-7AGgmRBn.js                                   0.30 kB │ gzip:   0.24 kB │ map:     1.04 kB
dist/assets/stretch-vertical-BE-VNM7z.js                          0.30 kB │ gzip:   0.23 kB │ map:     1.12 kB
dist/assets/trending-up-4gC5Widc.js                               0.30 kB │ gzip:   0.25 kB │ map:     0.93 kB
dist/assets/bluetooth-off-CR5sU79N.js                             0.30 kB │ gzip:   0.24 kB │ map:     1.06 kB
dist/assets/circle-arrow-right-DNnFKp9Y.js                        0.30 kB │ gzip:   0.24 kB │ map:     1.10 kB
dist/assets/hexagon-DkTFOeub.js                                   0.30 kB │ gzip:   0.24 kB │ map:     0.94 kB
dist/assets/square-equal-BZWjURB9.js                              0.30 kB │ gzip:   0.25 kB │ map:     1.11 kB
dist/assets/square-x-BGA52QEH.js                                  0.30 kB │ gzip:   0.25 kB │ map:     1.10 kB
dist/assets/clock-check-Cdo1KVqf.js                               0.31 kB │ gzip:   0.25 kB │ map:     1.05 kB
dist/assets/hdmi-port-CvRvAD3T.js                                 0.31 kB │ gzip:   0.24 kB │ map:     1.01 kB
dist/assets/smartphone-charging-tS_1C5xF.js                       0.31 kB │ gzip:   0.26 kB │ map:     1.09 kB
dist/assets/text-quote-BM8sgYXP.js                                0.31 kB │ gzip:   0.23 kB │ map:     1.11 kB
dist/assets/wifi-high-DCTuusOt.js                                 0.31 kB │ gzip:   0.25 kB │ map:     1.04 kB
dist/assets/bed-B-Ai5dFB.js                                       0.31 kB │ gzip:   0.24 kB │ map:     1.08 kB
dist/assets/chevrons-down-up-JXSYtbhg.js                          0.31 kB │ gzip:   0.25 kB │ map:     0.95 kB
dist/assets/chevrons-up-down-DdjoZX_n.js                          0.31 kB │ gzip:   0.24 kB │ map:     0.95 kB
dist/assets/circle-check-nwUEB1YA.js                              0.31 kB │ gzip:   0.25 kB │ map:     0.96 kB
dist/assets/circle-power-SSjDmACG.js                              0.31 kB │ gzip:   0.25 kB │ map:     1.08 kB
dist/assets/stretch-horizontal-CQ5MPtzg.js                        0.31 kB │ gzip:   0.23 kB │ map:     1.13 kB
dist/assets/door-closed-CY_Ql4Il.js                               0.31 kB │ gzip:   0.24 kB │ map:     1.05 kB
dist/assets/heading-1-BatwiPet.js                                 0.31 kB │ gzip:   0.23 kB │ map:     1.10 kB
dist/assets/list-minus-Cqt-5F6j.js                                0.31 kB │ gzip:   0.23 kB │ map:     1.11 kB
dist/assets/shell-jKTPABMJ.js                                     0.31 kB │ gzip:   0.25 kB │ map:     0.94 kB
dist/assets/timer-Cr_onGVD.js                                     0.31 kB │ gzip:   0.24 kB │ map:     1.14 kB
dist/assets/trending-down-Ca2ProY0.js                             0.31 kB │ gzip:   0.25 kB │ map:     0.94 kB
dist/assets/voicemail-DH4ouhzM.js                                 0.31 kB │ gzip:   0.24 kB │ map:     1.14 kB
dist/assets/annoyed-D8ZSKTKG.js                                   0.31 kB │ gzip:   0.24 kB │ map:     1.13 kB
dist/assets/circle-dot-LAWIE0SA.js                                0.31 kB │ gzip:   0.24 kB │ map:     0.98 kB
dist/assets/user-round-C7-HMig2.js                                0.31 kB │ gzip:   0.26 kB │ map:     0.96 kB
dist/assets/wallet-minimal-CyW2PuOV.js                            0.31 kB │ gzip:   0.24 kB │ map:     1.04 kB
dist/assets/square-check-big-BpHd6LMJ.js                          0.31 kB │ gzip:   0.25 kB │ map:     1.03 kB
dist/assets/user-round-minus-DWBGw-ue.js                          0.31 kB │ gzip:   0.25 kB │ map:     1.10 kB
dist/assets/book-minus-DlBf0V72.js                                0.31 kB │ gzip:   0.25 kB │ map:     1.02 kB
dist/assets/cloudy-BugdV4Sc.js                                    0.31 kB │ gzip:   0.26 kB │ map:     0.98 kB
dist/assets/gallery-vertical-CYvgyUp0.js                          0.31 kB │ gzip:   0.25 kB │ map:     1.13 kB
dist/assets/play-aD1Csc_h.js                                      0.31 kB │ gzip:   0.26 kB │ map:     0.88 kB
dist/assets/skip-back-CENsn0F2.js                                 0.31 kB │ gzip:   0.26 kB │ map:     1.02 kB
dist/assets/headphones-TjmpCY8t.js                                0.31 kB │ gzip:   0.24 kB │ map:     0.96 kB
dist/assets/mountain-snow-Cpajqq-t.js                             0.31 kB │ gzip:   0.26 kB │ map:     1.02 kB
dist/assets/philippine-peso-c8SUIVxG.js                           0.31 kB │ gzip:   0.24 kB │ map:     1.07 kB
dist/assets/signal-high-rjpOnH_4.js                               0.31 kB │ gzip:   0.24 kB │ map:     1.12 kB
dist/assets/square-code-UgOWR21f.js                               0.31 kB │ gzip:   0.25 kB │ map:     1.11 kB
dist/assets/square-round-corner-23FL6Ma_.js                       0.31 kB │ gzip:   0.24 kB │ map:     1.03 kB
dist/assets/step-back-B_jm6UXn.js                                 0.31 kB │ gzip:   0.26 kB │ map:     1.02 kB
dist/assets/ampersand-NwG8iYYk.js                                 0.31 kB │ gzip:   0.26 kB │ map:     1.02 kB
dist/assets/chart-no-axes-column-decreasing-CBuALAYF.js           0.31 kB │ gzip:   0.24 kB │ map:     1.13 kB
dist/assets/chart-no-axes-column-increasing-DZUePNfr.js           0.31 kB │ gzip:   0.24 kB │ map:     1.13 kB
dist/assets/columns-2-BHfa7Nyg.js                                 0.31 kB │ gzip:   0.26 kB │ map:     0.98 kB
dist/assets/disc-album-qIEYLMY1.js                                0.31 kB │ gzip:   0.26 kB │ map:     1.13 kB
dist/assets/list-check-DY1HZH8l.js                                0.31 kB │ gzip:   0.24 kB │ map:     1.11 kB
dist/assets/panel-top-open-DWGka_8n.js                            0.31 kB │ gzip:   0.25 kB │ map:     1.12 kB
dist/assets/redo-dot-Bnc8XEnp.js                                  0.31 kB │ gzip:   0.26 kB │ map:     1.07 kB
dist/assets/circle-gauge-1JpXeaaD.js                              0.31 kB │ gzip:   0.25 kB │ map:     1.09 kB
dist/assets/gallery-horizontal-Dpgp4LAL.js                        0.31 kB │ gzip:   0.25 kB │ map:     1.14 kB
dist/assets/lasso-DoDhDB3J.js                                     0.31 kB │ gzip:   0.26 kB │ map:     1.07 kB
dist/assets/panel-left-D2FzuCa-.js                                0.31 kB │ gzip:   0.26 kB │ map:     0.99 kB
dist/assets/panel-left-open-nJzbibOx.js                           0.31 kB │ gzip:   0.25 kB │ map:     1.13 kB
dist/assets/panel-top-close-xxYWXRXA.js                           0.31 kB │ gzip:   0.25 kB │ map:     1.13 kB
dist/assets/percent-6GhswhKa.js                                   0.31 kB │ gzip:   0.24 kB │ map:     1.14 kB
dist/assets/popsicle-BGIJ9yOJ.js                                  0.31 kB │ gzip:   0.26 kB │ map:     1.02 kB
dist/assets/skip-forward-1Jw7zLyp.js                              0.31 kB │ gzip:   0.25 kB │ map:     1.03 kB
dist/assets/circle-arrow-out-up-left-DOzTx7g6.js                  0.31 kB │ gzip:   0.25 kB │ map:     1.11 kB
dist/assets/italic-IVbgSYB4.js                                    0.31 kB │ gzip:   0.24 kB │ map:     1.16 kB
dist/assets/move-3d-d2W7437s.js                                   0.31 kB │ gzip:   0.24 kB │ map:     1.11 kB
dist/assets/panels-left-bottom-CmLFGykl.js                        0.31 kB │ gzip:   0.25 kB │ map:     1.14 kB
dist/assets/step-forward-B2Dop7Ja.js                              0.31 kB │ gzip:   0.26 kB │ map:     1.03 kB
dist/assets/user-round-check-pww3inDH.js                          0.31 kB │ gzip:   0.26 kB │ map:     1.11 kB
dist/assets/wind-B6t_ric6.js                                      0.31 kB │ gzip:   0.25 kB │ map:     1.04 kB
dist/assets/battery-CeYGFnrT.js                                   0.32 kB │ gzip:   0.27 kB │ map:     0.98 kB
dist/assets/diamond-Cvl801yB.js                                   0.32 kB │ gzip:   0.23 kB │ map:     0.95 kB
dist/assets/square-arrow-up-BHRpr1PZ.js                           0.32 kB │ gzip:   0.26 kB │ map:     1.13 kB
dist/assets/cloud-fog-CJTSfikW.js                                 0.32 kB │ gzip:   0.26 kB │ map:     1.05 kB
dist/assets/equal-approximately-Ds-SuS4F.js                       0.32 kB │ gzip:   0.23 kB │ map:     1.04 kB
dist/assets/goal-BsTQEtTD.js                                      0.32 kB │ gzip:   0.26 kB │ map:     1.04 kB
dist/assets/panel-right-DjIPuybF.js                               0.32 kB │ gzip:   0.26 kB │ map:     1.00 kB
dist/assets/proportions-CoccDYFf.js                               0.32 kB │ gzip:   0.26 kB │ map:     1.12 kB
dist/assets/vibrate-Gvop23AL.js                                   0.32 kB │ gzip:   0.25 kB │ map:     1.10 kB
dist/assets/banknote-ucRxgbv_.js                                  0.32 kB │ gzip:   0.26 kB │ map:     1.14 kB
dist/assets/book-check-C5NK0wyU.js                                0.32 kB │ gzip:   0.26 kB │ map:     1.03 kB
dist/assets/gallery-vertical-end-C_1esUyy.js                      0.32 kB │ gzip:   0.26 kB │ map:     1.15 kB
dist/assets/panel-right-close-Bg35Tk_9.js                         0.32 kB │ gzip:   0.26 kB │ map:     1.14 kB
dist/assets/panel-right-open-mqSUq2kS.js                          0.32 kB │ gzip:   0.25 kB │ map:     1.14 kB
dist/assets/panels-right-bottom-Cz2WEOhC.js                       0.32 kB │ gzip:   0.25 kB │ map:     1.15 kB
dist/assets/square-arrow-down-CKRxjNjz.js                         0.32 kB │ gzip:   0.25 kB │ map:     1.14 kB
dist/assets/tent-CGUjQ6wx.js                                      0.32 kB │ gzip:   0.24 kB │ map:     1.10 kB
dist/assets/twitter-B19y8Gy8.js                                   0.32 kB │ gzip:   0.27 kB │ map:     0.96 kB
dist/assets/video-CMmbVKgl.js                                     0.32 kB │ gzip:   0.27 kB │ map:     1.07 kB
dist/assets/chart-bar-Dx_l2Fp7.js                                 0.32 kB │ gzip:   0.24 kB │ map:     1.12 kB
dist/assets/circle-slash-DCN0rGej.js                              0.32 kB │ gzip:   0.26 kB │ map:     1.02 kB
dist/assets/donut-DiLg9iHG.js                                     0.32 kB │ gzip:   0.27 kB │ map:     1.04 kB
dist/assets/panel-bottom-Cq2HqBn_.js                              0.32 kB │ gzip:   0.26 kB │ map:     1.00 kB
dist/assets/panel-bottom-open-_56ANucG.js                         0.32 kB │ gzip:   0.26 kB │ map:     1.14 kB
dist/assets/square-arrow-left-BwHDjyIh.js                         0.32 kB │ gzip:   0.26 kB │ map:     1.14 kB
dist/assets/circle-arrow-out-up-right-nP0E2Ow0.js                 0.32 kB │ gzip:   0.24 kB │ map:     1.12 kB
dist/assets/equal-not-e42VBo9S.js                                 0.32 kB │ gzip:   0.24 kB │ map:     1.18 kB
dist/assets/circle-user-round-CvGcdN9D.js                         0.32 kB │ gzip:   0.25 kB │ map:     1.15 kB
dist/assets/panel-bottom-close-BfVfkzAh.js                        0.32 kB │ gzip:   0.26 kB │ map:     1.15 kB
dist/assets/square-arrow-right-DBooawAp.js                        0.32 kB │ gzip:   0.25 kB │ map:     1.15 kB
dist/assets/sword-B2F7ZVCH.js                                     0.32 kB │ gzip:   0.25 kB │ map:     1.10 kB
dist/assets/zoom-out-CpN77Zgo.js                                  0.32 kB │ gzip:   0.25 kB │ map:     1.16 kB
dist/assets/non-binary-BISV9hpz.js                                0.32 kB │ gzip:   0.25 kB │ map:     1.15 kB
dist/assets/trash-BomZrHRB.js                                     0.32 kB │ gzip:   0.25 kB │ map:     1.05 kB
dist/assets/book-marked-Dsqf4J4z.js                               0.32 kB │ gzip:   0.26 kB │ map:     1.04 kB
dist/assets/circle-arrow-out-down-left-DA4DmxeG.js                0.32 kB │ gzip:   0.25 kB │ map:     1.12 kB
dist/assets/circle-pause-DcdI3Y0d.js                              0.32 kB │ gzip:   0.24 kB │ map:     1.18 kB
dist/assets/compass-QR9SlX_F.js                                   0.32 kB │ gzip:   0.26 kB │ map:     1.05 kB
dist/assets/flag-yToD12mz.js                                      0.32 kB │ gzip:   0.26 kB │ map:     0.95 kB
dist/assets/gallery-horizontal-end-4GY27M_g.js                    0.32 kB │ gzip:   0.26 kB │ map:     1.17 kB
dist/assets/list-filter-Bo9c0x_H.js                               0.32 kB │ gzip:   0.25 kB │ map:     1.01 kB
dist/assets/pentagon-a4wzU3uU.js                                  0.32 kB │ gzip:   0.25 kB │ map:     0.96 kB
dist/assets/square-arrow-up-left-Cf1oTILV.js                      0.32 kB │ gzip:   0.26 kB │ map:     1.16 kB
dist/assets/square-arrow-up-right-DfKZbd9u.js                     0.32 kB │ gzip:   0.26 kB │ map:     1.16 kB
dist/assets/square-power-B6khGc21.js                              0.32 kB │ gzip:   0.27 kB │ map:     1.13 kB
dist/assets/test-tube-C0qCSDEZ.js                                 0.32 kB │ gzip:   0.26 kB │ map:     1.06 kB
dist/assets/webcam-B1PADxiC.js                                    0.32 kB │ gzip:   0.25 kB │ map:     1.16 kB
dist/assets/chart-gantt-CatTJakq.js                               0.32 kB │ gzip:   0.25 kB │ map:     1.13 kB
dist/assets/circle-off-C6uT1gkg.js                                0.32 kB │ gzip:   0.25 kB │ map:     1.07 kB
dist/assets/cloud-alert-CkCTZ_Rb.js                               0.32 kB │ gzip:   0.26 kB │ map:     1.07 kB
dist/assets/route-BgBLNemh.js                                     0.32 kB │ gzip:   0.25 kB │ map:     1.10 kB
dist/assets/smartphone-CgWAqVDw.js                                0.32 kB │ gzip:   0.27 kB │ map:     1.01 kB
dist/assets/info-B86FvFwQ.js                                      0.32 kB │ gzip:   0.26 kB │ map:     1.01 kB
dist/assets/laptop-minimal-check-GKtgDg61.js                      0.32 kB │ gzip:   0.26 kB │ map:     1.16 kB
dist/assets/lollipop-Be04Y9tf.js                                  0.32 kB │ gzip:   0.26 kB │ map:     1.09 kB
dist/assets/strikethrough-D3j8JfHZ.js                             0.32 kB │ gzip:   0.26 kB │ map:     1.13 kB
dist/assets/globe-x-Bd7HOpUA.js                                   0.33 kB │ gzip:   0.25 kB │ map:     1.07 kB
dist/assets/table-C3bj_Uy0.js                                     0.33 kB │ gzip:   0.25 kB │ map:     1.16 kB
dist/assets/funnel-fteW5xrf.js                                    0.33 kB │ gzip:   0.26 kB │ map:     0.96 kB
dist/assets/lock-BJ_-5cW0.js                                      0.33 kB │ gzip:   0.28 kB │ map:     1.00 kB
dist/assets/rotate-ccw-f7ajMKxV.js                                0.33 kB │ gzip:   0.27 kB │ map:     0.95 kB
dist/assets/square-arrow-down-left-DKb0uinR.js                    0.33 kB │ gzip:   0.26 kB │ map:     1.17 kB
dist/assets/square-arrow-down-right-CkmtLVW0.js                   0.33 kB │ gzip:   0.25 kB │ map:     1.17 kB
dist/assets/chart-column-CU2hZH99.js                              0.33 kB │ gzip:   0.25 kB │ map:     1.14 kB
dist/assets/circle-arrow-out-down-right-2sT9Hu81.js               0.33 kB │ gzip:   0.25 kB │ map:     1.13 kB
dist/assets/heart-DjKGDALV.js                                     0.33 kB │ gzip:   0.27 kB │ map:     0.96 kB
dist/assets/arrow-left-right-BKehJIxU.js                          0.33 kB │ gzip:   0.25 kB │ map:     1.16 kB
dist/assets/arrow-right-left-Ybrgjvaa.js                          0.33 kB │ gzip:   0.25 kB │ map:     1.16 kB
dist/assets/bluetooth-searching-B2OWi3jh.js                       0.33 kB │ gzip:   0.26 kB │ map:     1.11 kB
dist/assets/euro-BeToqarb.js                                      0.33 kB │ gzip:   0.26 kB │ map:     1.08 kB
dist/assets/grid-2x2-check-BO0nEGjs.js                            0.33 kB │ gzip:   0.25 kB │ map:     1.06 kB
dist/assets/mars-stroke-BKvvGcOv.js                               0.33 kB │ gzip:   0.26 kB │ map:     1.16 kB
dist/assets/split-BgGaahNP.js                                     0.33 kB │ gzip:   0.26 kB │ map:     1.11 kB
dist/assets/square-m-BQRcjmQK.js                                  0.33 kB │ gzip:   0.27 kB │ map:     1.09 kB
dist/assets/users-round-Dq8q6M7A.js                               0.33 kB │ gzip:   0.27 kB │ map:     1.10 kB
dist/assets/anchor-Bw9G5SkD.js                                    0.33 kB │ gzip:   0.27 kB │ map:     1.15 kB
dist/assets/clipboard-uwRST6KR.js                                 0.33 kB │ gzip:   0.26 kB │ map:     1.11 kB
dist/assets/pc-case-BNIJj64S.js                                   0.33 kB │ gzip:   0.26 kB │ map:     1.17 kB
dist/assets/pyramid-eWEffS6J.js                                   0.33 kB │ gzip:   0.26 kB │ map:     1.03 kB
dist/assets/search-alert-DnyGeD_4.js                              0.33 kB │ gzip:   0.25 kB │ map:     1.17 kB
dist/assets/search-x-eD049O5P.js                                  0.33 kB │ gzip:   0.25 kB │ map:     1.15 kB
dist/assets/ticket-minus-DKb-jJXo.js                              0.33 kB │ gzip:   0.25 kB │ map:     1.05 kB
dist/assets/circle-dollar-sign-BoaFg8s-.js                        0.33 kB │ gzip:   0.26 kB │ map:     1.13 kB
dist/assets/circle-percent-C3WQthWK.js                            0.33 kB │ gzip:   0.25 kB │ map:     1.18 kB
dist/assets/grid-3x2-DIqw_vj2.js                                  0.33 kB │ gzip:   0.25 kB │ map:     1.18 kB
dist/assets/map-pin-Br0as3du.js                                   0.33 kB │ gzip:   0.27 kB │ map:     1.06 kB
dist/assets/music-4-25sJqdD_.js                                   0.33 kB │ gzip:   0.25 kB │ map:     1.18 kB
dist/assets/squares-unite-XHKJkwVV.js                             0.33 kB │ gzip:   0.24 kB │ map:     0.99 kB
dist/assets/undo-2-BcxleRpj.js                                    0.33 kB │ gzip:   0.26 kB │ map:     0.94 kB
dist/assets/user-minus-w3woEVKo.js                                0.33 kB │ gzip:   0.27 kB │ map:     1.14 kB
dist/assets/weight-CFiobeoS.js                                    0.33 kB │ gzip:   0.27 kB │ map:     1.05 kB
dist/assets/align-vertical-space-around-DB9Mb3ep.js               0.33 kB │ gzip:   0.26 kB │ map:     1.19 kB
dist/assets/circle-play-C7Vt6ks-.js                               0.33 kB │ gzip:   0.26 kB │ map:     1.07 kB
dist/assets/circle-x-Ye_UDCmv.js                                  0.33 kB │ gzip:   0.26 kB │ map:     1.03 kB
dist/assets/ghost-CKQ2M_2H.js                                     0.33 kB │ gzip:   0.26 kB │ map:     1.09 kB
dist/assets/key-BLgI_m8M.js                                       0.33 kB │ gzip:   0.27 kB │ map:     1.08 kB
dist/assets/lock-keyhole-U9fZDKj9.js                              0.33 kB │ gzip:   0.27 kB │ map:     1.16 kB
dist/assets/rows-4-yfT020gR.js                                    0.33 kB │ gzip:   0.25 kB │ map:     1.17 kB
dist/assets/vegan-DioFSEaA.js                                     0.33 kB │ gzip:   0.27 kB │ map:     1.06 kB
dist/assets/app-window-CfyFl8NF.js                                0.33 kB │ gzip:   0.26 kB │ map:     1.19 kB
dist/assets/circle-question-mark-DmUzB2GD.js                      0.33 kB │ gzip:   0.26 kB │ map:     1.14 kB
dist/assets/code-xml-D5hXwg6v.js                                  0.33 kB │ gzip:   0.26 kB │ map:     1.01 kB
dist/assets/handbag-Mv4a6Oxm.js                                   0.33 kB │ gzip:   0.26 kB │ map:     1.03 kB
dist/assets/heading-2-BhI0ifzP.js                                 0.33 kB │ gzip:   0.25 kB │ map:     1.13 kB
dist/assets/import-BaQ6ZQRa.js                                    0.33 kB │ gzip:   0.25 kB │ map:     1.09 kB
dist/assets/pound-sterling-Cj2_Cprt.js                            0.33 kB │ gzip:   0.25 kB │ map:     1.15 kB
dist/assets/georgian-lari-CgqX8VWh.js                             0.33 kB │ gzip:   0.25 kB │ map:     1.15 kB
dist/assets/leaf-CjbRU0b2.js                                      0.33 kB │ gzip:   0.28 kB │ map:     1.02 kB
dist/assets/list-indent-decrease-BEyMSzmy.js                      0.33 kB │ gzip:   0.24 kB │ map:     1.18 kB
dist/assets/list-indent-increase-BZ3l0U7a.js                      0.33 kB │ gzip:   0.24 kB │ map:     1.18 kB
dist/assets/mail-B3EiZzoK.js                                      0.33 kB │ gzip:   0.28 kB │ map:     0.99 kB
dist/assets/text-align-start-C-l2ml-o.js                          0.33 kB │ gzip:   0.25 kB │ map:     1.04 kB
dist/assets/utensils-DvJTr02v.js                                  0.33 kB │ gzip:   0.26 kB │ map:     1.07 kB
dist/assets/circle-ellipsis-DM2Fty1R.js                           0.33 kB │ gzip:   0.24 kB │ map:     1.19 kB
dist/assets/align-horizontal-space-around-KwOXEfPP.js             0.34 kB │ gzip:   0.26 kB │ map:     1.20 kB
dist/assets/bed-single-Cm0RXmM4.js                                0.34 kB │ gzip:   0.25 kB │ map:     1.08 kB
dist/assets/circle-user-DtLkE-pu.js                               0.34 kB │ gzip:   0.26 kB │ map:     1.14 kB
dist/assets/lock-open-LovU6pNR.js                                 0.34 kB │ gzip:   0.28 kB │ map:     1.02 kB
dist/assets/refrigerator-Ml11CSD1.js                              0.34 kB │ gzip:   0.25 kB │ map:     1.10 kB
dist/assets/tablets-Bq4FEJ76.js                                   0.34 kB │ gzip:   0.26 kB │ map:     1.18 kB
dist/assets/text-cursor-vAIt3oAd.js                               0.34 kB │ gzip:   0.25 kB │ map:     1.08 kB
dist/assets/ticket-check-B9sVBQHU.js                              0.34 kB │ gzip:   0.26 kB │ map:     1.06 kB
dist/assets/ticket-slash-NdCSai44.js                              0.34 kB │ gzip:   0.25 kB │ map:     1.06 kB
dist/assets/barcode-BHGEKeQK.js                                   0.34 kB │ gzip:   0.23 kB │ map:     1.19 kB
dist/assets/person-standing-ByjPnj9Q.js                           0.34 kB │ gzip:   0.26 kB │ map:     1.19 kB
dist/assets/badge-UiEIlYr2.js                                     0.34 kB │ gzip:   0.24 kB │ map:     0.97 kB
dist/assets/clock-alert-Br2TYSb9.js                               0.34 kB │ gzip:   0.26 kB │ map:     1.14 kB
dist/assets/columns-4-dr2nXz0E.js                                 0.34 kB │ gzip:   0.26 kB │ map:     1.19 kB
dist/assets/moon-t1hVaStl.js                                      0.34 kB │ gzip:   0.28 kB │ map:     0.91 kB
dist/assets/square-menu-BgbU2bhT.js                               0.34 kB │ gzip:   0.25 kB │ map:     1.20 kB
dist/assets/square-user-round-CDREMoAV.js                         0.34 kB │ gzip:   0.28 kB │ map:     1.19 kB
dist/assets/tornado-BmomGBbm.js                                   0.34 kB │ gzip:   0.25 kB │ map:     1.19 kB
dist/assets/workflow-BQKF02ZW.js                                  0.34 kB │ gzip:   0.26 kB │ map:     1.18 kB
dist/assets/pilcrow-Dbmtg3gz.js                                   0.34 kB │ gzip:   0.26 kB │ map:     1.01 kB
dist/assets/signal-DcTTTZoe.js                                    0.34 kB │ gzip:   0.25 kB │ map:     1.19 kB
dist/assets/square-kanban-C-h9bB7-.js                             0.34 kB │ gzip:   0.26 kB │ map:     1.21 kB
dist/assets/tally-5-IDBLATpA.js                                   0.34 kB │ gzip:   0.24 kB │ map:     1.19 kB
dist/assets/axis-3d-BILykAL9.js                                   0.34 kB │ gzip:   0.26 kB │ map:     1.14 kB
dist/assets/case-lower-BL-zvcwz.js                                0.34 kB │ gzip:   0.25 kB │ map:     1.20 kB
dist/assets/dice-3-CczDsWh3.js                                    0.34 kB │ gzip:   0.26 kB │ map:     1.19 kB
dist/assets/rectangle-goggles-BnAktQ2n.js                         0.34 kB │ gzip:   0.26 kB │ map:     1.02 kB
dist/assets/scroll-Byr3KD9E.js                                    0.34 kB │ gzip:   0.26 kB │ map:     1.04 kB
dist/assets/square-pause-DnONgosK.js                              0.34 kB │ gzip:   0.26 kB │ map:     1.23 kB
dist/assets/table-2-CjazVxWb.js                                   0.34 kB │ gzip:   0.27 kB │ map:     0.92 kB
dist/assets/trello-CkPk1eWP.js                                    0.34 kB │ gzip:   0.24 kB │ map:     1.22 kB
dist/assets/chart-bar-decreasing-GLdN2ytx.js                      0.34 kB │ gzip:   0.25 kB │ map:     1.18 kB
dist/assets/chart-bar-increasing-CIZ8UutQ.js                      0.34 kB │ gzip:   0.25 kB │ map:     1.18 kB
dist/assets/navigation-off-C6QnltFL.js                            0.34 kB │ gzip:   0.27 kB │ map:     1.14 kB
dist/assets/tree-deciduous-DLTEgjh4.js                            0.34 kB │ gzip:   0.27 kB │ map:     1.07 kB
dist/assets/balloon-BsXa_93X.js                                   0.34 kB │ gzip:   0.26 kB │ map:     1.08 kB
dist/assets/bluetooth-connected-CEE9kPXX.js                       0.34 kB │ gzip:   0.26 kB │ map:     1.20 kB
dist/assets/closed-caption-CfD95J8t.js                            0.34 kB │ gzip:   0.26 kB │ map:     1.16 kB
dist/assets/list-plus-a11PiixR.js                                 0.34 kB │ gzip:   0.24 kB │ map:     1.20 kB
dist/assets/user-round-x-DzYXA4rt.js                              0.34 kB │ gzip:   0.27 kB │ map:     1.18 kB
dist/assets/align-end-vertical-DU35VvYj.js                        0.34 kB │ gzip:   0.25 kB │ map:     1.23 kB
dist/assets/repeat-Cyu3lLLx.js                                    0.34 kB │ gzip:   0.25 kB │ map:     1.14 kB
dist/assets/rows-3-Bea0I1EB.js                                    0.34 kB │ gzip:   0.27 kB │ map:     1.06 kB
dist/assets/award-DWEb9EmN.js                                     0.34 kB │ gzip:   0.28 kB │ map:     1.06 kB
dist/assets/book-text-CapAfUbP.js                                 0.34 kB │ gzip:   0.26 kB │ map:     1.11 kB
dist/assets/lock-keyhole-open-BRbpPoUF.js                         0.34 kB │ gzip:   0.28 kB │ map:     1.20 kB
dist/assets/navigation-2-off-Cqws1M6U.js                          0.34 kB │ gzip:   0.27 kB │ map:     1.15 kB
dist/assets/book-plus-BmfKA5uu.js                                 0.34 kB │ gzip:   0.26 kB │ map:     1.11 kB
dist/assets/map-pin-minus-inside-BCzOPQjP.js                      0.34 kB │ gzip:   0.27 kB │ map:     1.09 kB
dist/assets/radio-receiver-ClIIs3Tl.js                            0.34 kB │ gzip:   0.26 kB │ map:     1.22 kB
dist/assets/speaker-B_NWcBCx.js                                   0.34 kB │ gzip:   0.27 kB │ map:     1.22 kB
dist/assets/square-user-gfRHxwVY.js                               0.34 kB │ gzip:   0.27 kB │ map:     1.17 kB
dist/assets/timer-reset-BQF6NP0h.js                               0.34 kB │ gzip:   0.26 kB │ map:     1.15 kB
dist/assets/user-round-plus-BW344edk.js                           0.34 kB │ gzip:   0.27 kB │ map:     1.20 kB
dist/assets/align-start-vertical-DYRi0Xxh.js                      0.35 kB │ gzip:   0.25 kB │ map:     1.24 kB
dist/assets/bolt-BSdmptEo.js                                      0.35 kB │ gzip:   0.27 kB │ map:     1.06 kB
dist/assets/book-x-BFNLX0UX.js                                    0.35 kB │ gzip:   0.27 kB │ map:     1.10 kB
dist/assets/list-x-0y98g3HI.js                                    0.35 kB │ gzip:   0.25 kB │ map:     1.20 kB
dist/assets/repeat-2-6UP4Ear0.js                                  0.35 kB │ gzip:   0.26 kB │ map:     1.14 kB
dist/assets/settings.general-BnYd_a6B.js                          0.35 kB │ gzip:   0.28 kB │ map:     0.73 kB
dist/assets/square-library-hMRDm9gG.js                            0.35 kB │ gzip:   0.26 kB │ map:     1.22 kB
dist/assets/test-tube-diagonal-dw0_f9pk.js                        0.35 kB │ gzip:   0.26 kB │ map:     1.13 kB
dist/assets/trending-up-down-2uSm0cwq.js                          0.35 kB │ gzip:   0.26 kB │ map:     1.17 kB
dist/assets/align-end-horizontal-C57dLi7v.js                      0.35 kB │ gzip:   0.26 kB │ map:     1.24 kB
dist/assets/app-window-mac-DgR0Ct6n.js                            0.35 kB │ gzip:   0.25 kB │ map:     1.22 kB
dist/assets/battery-medium-DwGo05uS.js                            0.35 kB │ gzip:   0.26 kB │ map:     1.22 kB
dist/assets/bomb-TiarlIu8.js                                      0.35 kB │ gzip:   0.28 kB │ map:     1.13 kB
dist/assets/chart-pie-DB7yk8Gk.js                                 0.35 kB │ gzip:   0.28 kB │ map:     1.05 kB
dist/assets/folder-minus-C-JjABEO.js                              0.35 kB │ gzip:   0.26 kB │ map:     1.07 kB
dist/assets/monitor-check-Bm2Wt8RT.js                             0.35 kB │ gzip:   0.27 kB │ map:     1.22 kB
dist/assets/signpost-big-CKeXPkhV.js                              0.35 kB │ gzip:   0.26 kB │ map:     1.16 kB
dist/assets/umbrella-CEFM9vuc.js                                  0.35 kB │ gzip:   0.26 kB │ map:     1.11 kB
dist/assets/book-up-449i-UYf.js                                   0.35 kB │ gzip:   0.27 kB │ map:     1.11 kB
dist/assets/clock-plus-XMJ2opLQ.js                                0.35 kB │ gzip:   0.26 kB │ map:     1.15 kB
dist/assets/ice-cream-cone-C1_MdqLZ.js                            0.35 kB │ gzip:   0.26 kB │ map:     1.11 kB
dist/assets/search-code-BwtKstlV.js                               0.35 kB │ gzip:   0.27 kB │ map:     1.19 kB
dist/assets/square-arrow-out-up-left-BOYKNUOg.js                  0.35 kB │ gzip:   0.26 kB │ map:     1.14 kB
dist/assets/square-percent-DtaNSQwU.js                            0.35 kB │ gzip:   0.27 kB │ map:     1.22 kB
dist/assets/square-pi-DIKfvd_b.js                                 0.35 kB │ gzip:   0.27 kB │ map:     1.20 kB
dist/assets/square-play-UXM5T8AR.js                               0.35 kB │ gzip:   0.28 kB │ map:     1.12 kB
dist/assets/table-properties-Bv0LF139.js                          0.35 kB │ gzip:   0.27 kB │ map:     1.23 kB
dist/assets/book-a-BRhziklp.js                                    0.35 kB │ gzip:   0.27 kB │ map:     1.11 kB
dist/assets/chart-bar-big-BZXXLCt3.js                             0.35 kB │ gzip:   0.26 kB │ map:     1.21 kB
dist/assets/coins-CwDfeWYQ.js                                     0.35 kB │ gzip:   0.28 kB │ map:     1.16 kB
dist/assets/volume-BuiI9WYR.js                                    0.35 kB │ gzip:   0.27 kB │ map:     0.98 kB
dist/assets/wifi-CoSGKXtW.js                                      0.35 kB │ gzip:   0.26 kB │ map:     1.13 kB
dist/assets/align-start-horizontal-CBUMTkyv.js                    0.35 kB │ gzip:   0.26 kB │ map:     1.25 kB
dist/assets/book-alert-D0QiW8Mi.js                                0.35 kB │ gzip:   0.26 kB │ map:     1.12 kB
dist/assets/chart-column-decreasing-LcnxCLcJ.js                   0.35 kB │ gzip:   0.26 kB │ map:     1.20 kB
dist/assets/chart-column-increasing-DmRkDvQC.js                   0.35 kB │ gzip:   0.26 kB │ map:     1.20 kB
dist/assets/square-chart-gantt-Cht8-3qq.js                        0.35 kB │ gzip:   0.26 kB │ map:     1.24 kB
dist/assets/table-cells-split-S7BRv3od.js                         0.35 kB │ gzip:   0.26 kB │ map:     1.23 kB
dist/assets/circle-arrow-up-Ds2KQ6yn.js                           0.35 kB │ gzip:   0.27 kB │ map:     1.08 kB
dist/assets/ellipsis-CZmN4sDA.js                                  0.35 kB │ gzip:   0.25 kB │ map:     1.11 kB
dist/assets/folder-Zur2FOm1.js                                    0.35 kB │ gzip:   0.27 kB │ map:     0.93 kB
dist/assets/form-CjLqdRcT.js                                      0.35 kB │ gzip:   0.26 kB │ map:     1.24 kB
dist/assets/map-pin-check-inside-DPDym34B.js                      0.35 kB │ gzip:   0.28 kB │ map:     1.10 kB
dist/assets/rotate-cw-square-DlGJjiD7.js                          0.35 kB │ gzip:   0.26 kB │ map:     1.12 kB
dist/assets/scale-3d-CzoztgeT.js                                  0.35 kB │ gzip:   0.26 kB │ map:     1.20 kB
dist/assets/square-arrow-out-up-right-CLRXEUBu.js                 0.35 kB │ gzip:   0.26 kB │ map:     1.15 kB
dist/assets/square-dashed-bottom-Bfe5KWM4.js                      0.35 kB │ gzip:   0.25 kB │ map:     1.15 kB
dist/assets/book-down-ClNoousu.js                                 0.35 kB │ gzip:   0.27 kB │ map:     1.12 kB
dist/assets/bookmark-minus-KycjsBDe.js                            0.35 kB │ gzip:   0.27 kB │ map:     1.08 kB
dist/assets/receipt-euro-DKz6sxx0.js                              0.35 kB │ gzip:   0.26 kB │ map:     1.12 kB
dist/assets/rewind-DpPMIQfu.js                                    0.35 kB │ gzip:   0.24 kB │ map:     1.05 kB
dist/assets/square-asterisk-BUnoWnLT.js                           0.35 kB │ gzip:   0.27 kB │ map:     1.23 kB
dist/assets/wine-BfQtdPaw.js                                      0.35 kB │ gzip:   0.26 kB │ map:     1.15 kB
dist/assets/a-arrow-up-CHRBfHoX.js                                0.35 kB │ gzip:   0.27 kB │ map:     1.16 kB
dist/assets/between-vertical-end-DKRjbzbZ.js                      0.35 kB │ gzip:   0.26 kB │ map:     1.25 kB
dist/assets/eraser-CWC4KeCU.js                                    0.35 kB │ gzip:   0.27 kB │ map:     1.05 kB
dist/assets/folder-check-BzC4u6iy.js                              0.35 kB │ gzip:   0.27 kB │ map:     1.07 kB
dist/assets/list-filter-plus-Dq_tEteE.js                          0.35 kB │ gzip:   0.25 kB │ map:     1.24 kB
dist/assets/mail-minus-DyEvloDv.js                                0.35 kB │ gzip:   0.28 kB │ map:     1.09 kB
dist/assets/power-off-ClME9ev4.js                                 0.35 kB │ gzip:   0.27 kB │ map:     1.15 kB
dist/assets/upload-Cx8F7Enf.js                                    0.35 kB │ gzip:   0.28 kB │ map:     1.02 kB
dist/assets/chart-column-big-BTYbWnBY.js                          0.35 kB │ gzip:   0.27 kB │ map:     1.23 kB
dist/assets/git-branch-minus-uU3_xN-I.js                          0.35 kB │ gzip:   0.26 kB │ map:     1.24 kB
dist/assets/git-merge-qmRu7RkG.js                                 0.35 kB │ gzip:   0.27 kB │ map:     1.09 kB
dist/assets/lamp-floor-BdRZ8nbG.js                                0.35 kB │ gzip:   0.27 kB │ map:     1.13 kB
dist/assets/log-in-_BmvHXNQ.js                                    0.35 kB │ gzip:   0.27 kB │ map:     1.02 kB
dist/assets/rotate-ccw-square-BUtg_ZwZ.js                         0.35 kB │ gzip:   0.26 kB │ map:     1.13 kB
dist/assets/settings.appearance-DRbnhEH_.js                       0.35 kB │ gzip:   0.28 kB │ map:     0.76 kB
dist/assets/square-arrow-out-down-left-CW9uAjmT.js                0.35 kB │ gzip:   0.26 kB │ map:     1.15 kB
dist/assets/square-function-C4mN4TJX.js                           0.35 kB │ gzip:   0.28 kB │ map:     1.19 kB
dist/assets/bookmark-V9RKUtpH.js                                  0.35 kB │ gzip:   0.28 kB │ map:     0.94 kB
dist/assets/cloud-rain-DZka9GTP.js                                0.35 kB │ gzip:   0.26 kB │ map:     1.16 kB
dist/assets/list-music-CAMFew-h.js                                0.35 kB │ gzip:   0.26 kB │ map:     1.24 kB
dist/assets/plug-BEp6PSOa.js                                      0.35 kB │ gzip:   0.26 kB │ map:     1.15 kB
dist/assets/receipt-cent-B3B6ebpQ.js                              0.35 kB │ gzip:   0.26 kB │ map:     1.12 kB
dist/assets/user-search-mbRfkC6u.js                               0.35 kB │ gzip:   0.27 kB │ map:     1.22 kB
dist/assets/circle-pound-sterling-CUImxIOI.js                     0.36 kB │ gzip:   0.26 kB │ map:     1.23 kB
dist/assets/drumstick-5OHMS-Pc.js                                 0.36 kB │ gzip:   0.28 kB │ map:     1.08 kB
dist/assets/grid-2x2-x-C7psgTID.js                                0.36 kB │ gzip:   0.26 kB │ map:     1.13 kB
dist/assets/inbox-vZK0tZP-.js                                     0.36 kB │ gzip:   0.28 kB │ map:     1.05 kB
dist/assets/shirt-BW3_eqzf.js                                     0.36 kB │ gzip:   0.28 kB │ map:     0.99 kB
dist/assets/sticky-note-uDOsMSKA.js                               0.36 kB │ gzip:   0.27 kB │ map:     1.07 kB
dist/assets/a-arrow-down-B6qfMvCP.js                              0.36 kB │ gzip:   0.27 kB │ map:     1.17 kB
dist/assets/between-vertical-start-ffsc_Axi.js                    0.36 kB │ gzip:   0.26 kB │ map:     1.26 kB
dist/assets/bike-55Uf7mjz.js                                      0.36 kB │ gzip:   0.26 kB │ map:     1.22 kB
dist/assets/bookmark-check-D570c8_G.js                            0.36 kB │ gzip:   0.28 kB │ map:     1.09 kB
dist/assets/copy-DJ_51za_.js                                      0.36 kB │ gzip:   0.29 kB │ map:     1.03 kB
dist/assets/heading-4-kFMQtrCZ.js                                 0.36 kB │ gzip:   0.26 kB │ map:     1.22 kB
dist/assets/wallet-gnz9Dz6f.js                                    0.36 kB │ gzip:   0.26 kB │ map:     1.05 kB
dist/assets/between-horizontal-end-TIEQ_RWu.js                    0.36 kB │ gzip:   0.26 kB │ map:     1.26 kB
dist/assets/clock-arrow-down-BK7wAEWc.js                          0.36 kB │ gzip:   0.27 kB │ map:     1.19 kB
dist/assets/ligature-D-c4YAp7.js                                  0.36 kB │ gzip:   0.26 kB │ map:     1.22 kB
dist/assets/message-square-dot-Bz0EG2Hq.js                        0.36 kB │ gzip:   0.29 kB │ map:     1.13 kB
dist/assets/rectangle-ellipsis-DZfwrur5.js                        0.36 kB │ gzip:   0.26 kB │ map:     1.25 kB
dist/assets/scaling-TjdPw0Gf.js                                   0.36 kB │ gzip:   0.26 kB │ map:     1.15 kB
dist/assets/scan-Bzqyhu7J.js                                      0.36 kB │ gzip:   0.26 kB │ map:     1.14 kB
dist/assets/shrub-y51RSB3r.js                                     0.36 kB │ gzip:   0.28 kB │ map:     1.08 kB
dist/assets/activity-ByGlhAk5.js                                  0.36 kB │ gzip:   0.28 kB │ map:     0.94 kB
dist/assets/arrow-big-up-CeOtS8-8.js                              0.36 kB │ gzip:   0.27 kB │ map:     1.01 kB
dist/assets/bell-wCcuitqs.js                                      0.36 kB │ gzip:   0.29 kB │ map:     1.05 kB
dist/assets/disc-3-DS6k_7SL.js                                    0.36 kB │ gzip:   0.27 kB │ map:     1.20 kB
dist/assets/folder-dot-CNDFgkzC.js                                0.36 kB │ gzip:   0.28 kB │ map:     1.10 kB
dist/assets/grid-2x2-plus-Chtj5kJV.js                             0.36 kB │ gzip:   0.26 kB │ map:     1.14 kB
dist/assets/mail-check-Dd6I1oHu.js                                0.36 kB │ gzip:   0.27 kB │ map:     1.10 kB
dist/assets/paperclip-CYvVP5DL.js                                 0.36 kB │ gzip:   0.28 kB │ map:     0.95 kB
dist/assets/square-arrow-out-down-right-C8xQJ-Fn.js               0.36 kB │ gzip:   0.26 kB │ map:     1.16 kB
dist/assets/align-vertical-justify-end-BXppHYSn.js                0.36 kB │ gzip:   0.26 kB │ map:     1.27 kB
dist/assets/between-horizontal-start-Ij9MTlU9.js                  0.36 kB │ gzip:   0.26 kB │ map:     1.27 kB
dist/assets/clock-arrow-up-BgXJU29t.js                            0.36 kB │ gzip:   0.27 kB │ map:     1.18 kB
dist/assets/computer-C5tbkdql.js                                  0.36 kB │ gzip:   0.26 kB │ map:     1.27 kB
dist/assets/copy-check-DDmT25RB.js                                0.36 kB │ gzip:   0.29 kB │ map:     1.17 kB
dist/assets/tangent-CasY-Nif.js                                   0.36 kB │ gzip:   0.27 kB │ map:     1.21 kB
dist/assets/git-compare-Ci3OZU5E.js                               0.36 kB │ gzip:   0.27 kB │ map:     1.22 kB
dist/assets/glass-water-oK7S3tXq.js                               0.36 kB │ gzip:   0.28 kB │ map:     1.08 kB
dist/assets/history-CVHrUOAe.js                                   0.36 kB │ gzip:   0.28 kB │ map:     1.03 kB
dist/assets/toy-brick-C9Ba5-cz.js                                 0.36 kB │ gzip:   0.27 kB │ map:     1.15 kB
dist/assets/wind-arrow-down-i_uAlkYK.js                           0.36 kB │ gzip:   0.26 kB │ map:     1.19 kB
dist/assets/arrow-big-down-kh0Hc41b.js                            0.36 kB │ gzip:   0.27 kB │ map:     1.03 kB
dist/assets/fast-forward-CFS7obFD.js                              0.36 kB │ gzip:   0.25 kB │ map:     1.08 kB
dist/assets/list-end-Bqc5U_n3.js                                  0.36 kB │ gzip:   0.26 kB │ map:     1.22 kB
dist/assets/meh-CdkHRIVy.js                                       0.36 kB │ gzip:   0.26 kB │ map:     1.29 kB
dist/assets/radius-BdquSnEM.js                                    0.36 kB │ gzip:   0.27 kB │ map:     1.21 kB
dist/assets/align-vertical-justify-start-C-cKCjwv.js              0.36 kB │ gzip:   0.26 kB │ map:     1.28 kB
dist/assets/decimals-arrow-left-BzI4ZG03.js                       0.36 kB │ gzip:   0.28 kB │ map:     1.26 kB
dist/assets/diamond-minus-CCwzKH_0.js                             0.36 kB │ gzip:   0.26 kB │ map:     1.09 kB
dist/assets/egg-off-xITlO4w-.js                                   0.36 kB │ gzip:   0.28 kB │ map:     1.09 kB
dist/assets/list-collapse-DHQmzjKT.js                             0.36 kB │ gzip:   0.25 kB │ map:     1.24 kB
dist/assets/mail-open-DTVL1Oke.js                                 0.36 kB │ gzip:   0.28 kB │ map:     1.07 kB
dist/assets/presentation-DlCWE7na.js                              0.36 kB │ gzip:   0.28 kB │ map:     1.06 kB
dist/assets/smile-DtisjcWf.js                                     0.36 kB │ gzip:   0.27 kB │ map:     1.26 kB
dist/assets/align-horizontal-justify-end-RGmWe1mg.js              0.36 kB │ gzip:   0.26 kB │ map:     1.28 kB
dist/assets/arrow-big-left-Z-WXUjQL.js                            0.36 kB │ gzip:   0.27 kB │ map:     1.03 kB
dist/assets/fishing-hook-CvxlTRMr.js                              0.36 kB │ gzip:   0.29 kB │ map:     1.17 kB
dist/assets/globe-C_nOMzz3.js                                     0.36 kB │ gzip:   0.28 kB │ map:     1.06 kB
dist/assets/receipt-wgQnjVlO.js                                   0.36 kB │ gzip:   0.26 kB │ map:     1.11 kB
dist/assets/satellite-dish-DSFEm7zs.js                            0.36 kB │ gzip:   0.27 kB │ map:     1.19 kB
dist/assets/tablet-smartphone-BN9PAewY.js                         0.36 kB │ gzip:   0.28 kB │ map:     1.19 kB
dist/assets/ticket-plus-CArPapiZ.js                               0.36 kB │ gzip:   0.26 kB │ map:     1.14 kB
dist/assets/frown-BuVccySa.js                                     0.36 kB │ gzip:   0.27 kB │ map:     1.26 kB
dist/assets/hash-Bjy7MWxp.js                                      0.36 kB │ gzip:   0.25 kB │ map:     1.31 kB
dist/assets/heading-6-FhBdPeuG.js                                 0.36 kB │ gzip:   0.27 kB │ map:     1.25 kB
dist/assets/link-2-BeOo14Ve.js                                    0.36 kB │ gzip:   0.28 kB │ map:     1.08 kB
dist/assets/list-start-CSbC6ZFq.js                                0.36 kB │ gzip:   0.26 kB │ map:     1.23 kB
dist/assets/maximize-2-CES4uZyj.js                                0.36 kB │ gzip:   0.27 kB │ map:     1.11 kB
dist/assets/pill-bottle-CplWmwnS.js                               0.36 kB │ gzip:   0.28 kB │ map:     1.17 kB
dist/assets/send-horizontal-D1S6JjlR.js                           0.36 kB │ gzip:   0.28 kB │ map:     1.10 kB
dist/assets/variable-FQnb7HbC.js                                  0.36 kB │ gzip:   0.27 kB │ map:     1.25 kB
dist/assets/align-vertical-justify-center-BQ-maAZl.js             0.37 kB │ gzip:   0.27 kB │ map:     1.29 kB
dist/assets/arrow-big-right-DlD7HTNu.js                           0.37 kB │ gzip:   0.27 kB │ map:     1.03 kB
dist/assets/frame-D8jTTUim.js                                     0.37 kB │ gzip:   0.25 kB │ map:     1.32 kB
dist/assets/layout-template-B4Y2TG0q.js                           0.37 kB │ gzip:   0.25 kB │ map:     1.29 kB
dist/assets/maximize-C55YxdBl.js                                  0.37 kB │ gzip:   0.26 kB │ map:     1.17 kB
dist/assets/minimize-Bo8wvXR_.js                                  0.37 kB │ gzip:   0.26 kB │ map:     1.17 kB
dist/assets/align-horizontal-justify-start-Bx9kDa54.js            0.37 kB │ gzip:   0.26 kB │ map:     1.30 kB
dist/assets/linkedin-DlCEBm36.js                                  0.37 kB │ gzip:   0.29 kB │ map:     1.20 kB
dist/assets/minimize-2-B8KRGwMm.js                                0.37 kB │ gzip:   0.27 kB │ map:     1.11 kB
dist/assets/monitor-stop-D3X5t41Y.js                              0.37 kB │ gzip:   0.27 kB │ map:     1.29 kB
dist/assets/remove-formatting-FGOvsH0G.js                         0.37 kB │ gzip:   0.26 kB │ map:     1.26 kB
dist/assets/turntable-DdU26wZ7.js                                 0.37 kB │ gzip:   0.29 kB │ map:     1.25 kB
dist/assets/database-Bu4zBTfh.js                                  0.37 kB │ gzip:   0.28 kB │ map:     1.09 kB
dist/assets/grid-3x3-Dg0CQWkE.js                                  0.37 kB │ gzip:   0.27 kB │ map:     1.28 kB
dist/assets/indian-rupee-CJptwhTy.js                              0.37 kB │ gzip:   0.26 kB │ map:     1.24 kB
dist/assets/layout-panel-top-Cr4dFnjT.js                          0.37 kB │ gzip:   0.25 kB │ map:     1.30 kB
dist/assets/moon-star-DWr0_iLi.js                                 0.37 kB │ gzip:   0.28 kB │ map:     1.14 kB
dist/assets/square-pilcrow-CR6eW5bA.js                            0.37 kB │ gzip:   0.28 kB │ map:     1.24 kB
dist/assets/user-round-search-Cyn4Wl3F.js                         0.37 kB │ gzip:   0.28 kB │ map:     1.26 kB
dist/assets/arrow-up-narrow-wide-Cu1BDRVx.js                      0.37 kB │ gzip:   0.25 kB │ map:     1.27 kB
dist/assets/arrow-up-wide-narrow-DJz3uzMz.js                      0.37 kB │ gzip:   0.25 kB │ map:     1.27 kB
dist/assets/bone-D6LUuS2J.js                                      0.37 kB │ gzip:   0.27 kB │ map:     0.99 kB
dist/assets/book-user-o_M-A4u-.js                                 0.37 kB │ gzip:   0.28 kB │ map:     1.17 kB
dist/assets/ellipsis-vertical-DjW9mCu2.js                         0.37 kB │ gzip:   0.25 kB │ map:     1.16 kB
dist/assets/layout-panel-left-xkXAMIWp.js                         0.37 kB │ gzip:   0.25 kB │ map:     1.30 kB
dist/assets/link-2-off-DARqaVir.js                                0.37 kB │ gzip:   0.27 kB │ map:     1.25 kB
dist/assets/panel-left-close-DYKJZEKH.js                          0.37 kB │ gzip:   0.29 kB │ map:     1.13 kB
dist/assets/spade-aM-H_l7v.js                                     0.37 kB │ gzip:   0.29 kB │ map:     1.06 kB
dist/assets/ticket-x-BQvFX7YS.js                                  0.37 kB │ gzip:   0.27 kB │ map:     1.14 kB
dist/assets/align-horizontal-justify-center-BbDPgxVB.js           0.37 kB │ gzip:   0.27 kB │ map:     1.31 kB
dist/assets/bean-BBnmAhkb.js                                      0.37 kB │ gzip:   0.30 kB │ map:     1.06 kB
dist/assets/git-pull-request-jaWIJtH4.js                          0.37 kB │ gzip:   0.28 kB │ map:     1.29 kB
dist/assets/headset-DiPgA0CZ.js                                   0.37 kB │ gzip:   0.27 kB │ map:     1.07 kB
dist/assets/instagram-Cch2I_nd.js                                 0.37 kB │ gzip:   0.29 kB │ map:     1.22 kB
dist/assets/list-tree-BktG97EQ.js                                 0.37 kB │ gzip:   0.25 kB │ map:     1.23 kB
dist/assets/pilcrow-left-DoZ97_X5.js                              0.37 kB │ gzip:   0.26 kB │ map:     1.24 kB
dist/assets/shopping-cart-e0KWvylU.js                             0.37 kB │ gzip:   0.28 kB │ map:     1.21 kB
dist/assets/user-check-CmWa26LY.js                                0.37 kB │ gzip:   0.29 kB │ map:     1.08 kB
dist/assets/arrows-up-from-line-BbBLjxE_.js                       0.37 kB │ gzip:   0.26 kB │ map:     1.27 kB
dist/assets/case-sensitive-BjEUj74w.js                            0.37 kB │ gzip:   0.29 kB │ map:     1.22 kB
dist/assets/egg-fried-CPqxAcly.js                                 0.37 kB │ gzip:   0.29 kB │ map:     1.10 kB
dist/assets/feather-DUTChRLH.js                                   0.37 kB │ gzip:   0.29 kB │ map:     1.13 kB
dist/assets/list-CmB1CMb7.js                                      0.37 kB │ gzip:   0.24 kB │ map:     1.27 kB
dist/assets/venus-and-mars-RivQwPo-.js                            0.37 kB │ gzip:   0.27 kB │ map:     1.28 kB
dist/assets/arrow-down-narrow-wide-BjZ2P71E.js                    0.37 kB │ gzip:   0.25 kB │ map:     1.28 kB
dist/assets/arrow-down-wide-narrow-CopplVt3.js                    0.37 kB │ gzip:   0.25 kB │ map:     1.28 kB
dist/assets/bed-double-QEZyeAqN.js                                0.37 kB │ gzip:   0.26 kB │ map:     1.18 kB
dist/assets/cloud-rain-wind-BV7uQBFH.js                           0.37 kB │ gzip:   0.28 kB │ map:     1.19 kB
dist/assets/message-circle-Dfj2Z4aa.js                            0.37 kB │ gzip:   0.30 kB │ map:     0.98 kB
dist/assets/pilcrow-right-Ct5X3wZ9.js                             0.37 kB │ gzip:   0.27 kB │ map:     1.25 kB
dist/assets/calendar-1-BMOiZH_q.js                                0.37 kB │ gzip:   0.27 kB │ map:     1.29 kB
dist/assets/copy-minus-BE5ba3lv.js                                0.37 kB │ gzip:   0.30 kB │ map:     1.22 kB
dist/assets/copy-slash-CRRUjCa8.js                                0.37 kB │ gzip:   0.29 kB │ map:     1.22 kB
dist/assets/cloud-off-Dy8sAA0z.js                                 0.37 kB │ gzip:   0.28 kB │ map:     1.11 kB
dist/assets/delete-DHPaeFXS.js                                    0.37 kB │ gzip:   0.28 kB │ map:     1.13 kB
dist/assets/list-chevrons-down-up-vbH8rnNk.js                     0.37 kB │ gzip:   0.25 kB │ map:     1.28 kB
dist/assets/list-chevrons-up-down-DPPjazE5.js                     0.37 kB │ gzip:   0.26 kB │ map:     1.28 kB
dist/assets/mails-DN62Q1M0.js                                     0.37 kB │ gzip:   0.29 kB │ map:     1.15 kB
dist/assets/receipt-russian-ruble-Hl0I_4He.js                     0.37 kB │ gzip:   0.26 kB │ map:     1.18 kB
dist/assets/square-terminal-GIYYTJ8Y.js                           0.37 kB │ gzip:   0.29 kB │ map:     1.15 kB
dist/assets/zoom-in-Da7J60T7.js                                   0.37 kB │ gzip:   0.26 kB │ map:     1.32 kB
dist/assets/arrow-down-up-CEAfkD1K.js                             0.37 kB │ gzip:   0.27 kB │ map:     1.13 kB
dist/assets/bubbles-Dj_fhcDy.js                                   0.37 kB │ gzip:   0.27 kB │ map:     1.25 kB
dist/assets/coffee-SBUGgBTo.js                                    0.37 kB │ gzip:   0.26 kB │ map:     1.19 kB
dist/assets/monitor-cloud-Dz5ZWw7k.js                             0.37 kB │ gzip:   0.29 kB │ map:     1.25 kB
dist/assets/shrink-DX6pxmiL.js                                    0.37 kB │ gzip:   0.28 kB │ map:     1.17 kB
dist/assets/video-off-Bo68ov_Y.js                                 0.37 kB │ gzip:   0.28 kB │ map:     1.13 kB
dist/assets/monitor-dot-C8_eQp42.js                               0.38 kB │ gzip:   0.28 kB │ map:     1.22 kB
dist/assets/plane-B0qN9t69.js                                     0.38 kB │ gzip:   0.30 kB │ map:     1.01 kB
dist/assets/subscript-Dif4fFO8.js                                 0.38 kB │ gzip:   0.29 kB │ map:     1.15 kB
dist/assets/thumbs-up-D-TU_d9y.js                                 0.38 kB │ gzip:   0.29 kB │ map:     1.08 kB
dist/assets/dice-4-BG9w5jaM.js                                    0.38 kB │ gzip:   0.26 kB │ map:     1.29 kB
dist/assets/folder-symlink-CwvKuPBI.js                            0.38 kB │ gzip:   0.27 kB │ map:     1.11 kB
dist/assets/forklift-CyzOjwIn.js                                  0.38 kB │ gzip:   0.29 kB │ map:     1.23 kB
dist/assets/milestone-B929-sLW.js                                 0.38 kB │ gzip:   0.27 kB │ map:     1.15 kB
dist/assets/user-x-B7mmNmfP.js                                    0.38 kB │ gzip:   0.28 kB │ map:     1.27 kB
dist/assets/battery-full-Bj-T8twb.js                              0.38 kB │ gzip:   0.27 kB │ map:     1.30 kB
dist/assets/box-CH3rSHq0.js                                       0.38 kB │ gzip:   0.28 kB │ map:     1.13 kB
dist/assets/clipboard-minus-Cv6YZ2Kh.js                           0.38 kB │ gzip:   0.28 kB │ map:     1.24 kB
dist/assets/cross-cwPFP0iS.js                                     0.38 kB │ gzip:   0.25 kB │ map:     1.01 kB
dist/assets/laugh-V70wwsxt.js                                     0.38 kB │ gzip:   0.28 kB │ map:     1.27 kB
dist/assets/monitor-up-eZYs17Xx.js                                0.38 kB │ gzip:   0.28 kB │ map:     1.30 kB
dist/assets/brush-DDIIRyRp.js                                     0.38 kB │ gzip:   0.29 kB │ map:     1.12 kB
dist/assets/circle-alert-BtacwQ88.js                              0.38 kB │ gzip:   0.27 kB │ map:     1.18 kB
dist/assets/flame-kindling-BrYYPr8r.js                            0.38 kB │ gzip:   0.29 kB │ map:     1.17 kB
dist/assets/joystick-BbcXsFCY.js                                  0.38 kB │ gzip:   0.28 kB │ map:     1.23 kB
dist/assets/map-pin-plus-inside-Ce9D9M0t.js                       0.38 kB │ gzip:   0.29 kB │ map:     1.19 kB
dist/assets/monitor-pause-yDFLJMsN.js                             0.38 kB │ gzip:   0.27 kB │ map:     1.31 kB
dist/assets/mouse-off-BZrrmjmO.js                                 0.38 kB │ gzip:   0.27 kB │ map:     1.18 kB
dist/assets/receipt-turkish-lira-BvQD5DYM.js                      0.38 kB │ gzip:   0.27 kB │ map:     1.18 kB
dist/assets/thumbs-down-C9YSlHhu.js                               0.38 kB │ gzip:   0.29 kB │ map:     1.09 kB
dist/assets/ampersands-CmnK8Orb.js                                0.38 kB │ gzip:   0.25 kB │ map:     1.13 kB
dist/assets/circle-divide-DWuSu3zJ.js                             0.38 kB │ gzip:   0.26 kB │ map:     1.35 kB
dist/assets/cloud-upload-DuuO0bnr.js                              0.38 kB │ gzip:   0.29 kB │ map:     1.07 kB
dist/assets/panel-top-dashed-CZ61sORn.js                          0.38 kB │ gzip:   0.27 kB │ map:     1.32 kB
dist/assets/regex-DVkyeM7w.js                                     0.38 kB │ gzip:   0.27 kB │ map:     1.18 kB
dist/assets/sprout-CzVvXBfc.js                                    0.38 kB │ gzip:   0.27 kB │ map:     1.14 kB
dist/assets/audio-lines-BZUR3ZMH.js                               0.38 kB │ gzip:   0.26 kB │ map:     1.31 kB
dist/assets/case-upper-BxyZRAYV.js                                0.38 kB │ gzip:   0.28 kB │ map:     1.16 kB
dist/assets/chef-hat-Clx18jpa.js                                  0.38 kB │ gzip:   0.29 kB │ map:     1.08 kB
dist/assets/lamp-ceiling-C1nQ07q4.js                              0.38 kB │ gzip:   0.29 kB │ map:     1.16 kB
dist/assets/paint-roller-CdCRwEBY.js                              0.38 kB │ gzip:   0.28 kB │ map:     1.24 kB
dist/assets/text-wrap-DMsxiXCm.js                                 0.38 kB │ gzip:   0.28 kB │ map:     1.12 kB
dist/assets/arrow-up-a-z-CQi28Vtb.js                              0.38 kB │ gzip:   0.27 kB │ map:     1.25 kB
dist/assets/book-audio-BIHfS3KF.js                                0.38 kB │ gzip:   0.28 kB │ map:     1.22 kB
dist/assets/calendar-C1ZOCREO.js                                  0.38 kB │ gzip:   0.29 kB │ map:     1.17 kB
dist/assets/monitor-x-BiQ4sgil.js                                 0.38 kB │ gzip:   0.28 kB │ map:     1.30 kB
dist/assets/panel-left-dashed-Dn8Hz0fp.js                         0.38 kB │ gzip:   0.27 kB │ map:     1.33 kB
dist/assets/user-lock-CHn0mrTK.js                                 0.38 kB │ gzip:   0.30 kB │ map:     1.27 kB
dist/assets/zap-BPnVb6y3.js                                       0.38 kB │ gzip:   0.29 kB │ map:     0.95 kB
dist/assets/arrow-up-z-a-CoylS9jF.js                              0.38 kB │ gzip:   0.28 kB │ map:     1.25 kB
dist/assets/calendar-minus-2-DXB0m3M8.js                          0.38 kB │ gzip:   0.27 kB │ map:     1.33 kB
dist/assets/monitor-D3IhSrbp.js                                   0.38 kB │ gzip:   0.29 kB │ map:     1.19 kB
dist/assets/monitor-down-CWNmUiKO.js                              0.38 kB │ gzip:   0.28 kB │ map:     1.31 kB
dist/assets/mouse-pointer-2-DeaUBTUx.js                           0.38 kB │ gzip:   0.30 kB │ map:     0.99 kB
dist/assets/tree-pine-CneLof9i.js                                 0.38 kB │ gzip:   0.27 kB │ map:     1.09 kB
dist/assets/apple-Dl3MRWeU.js                                     0.38 kB │ gzip:   0.28 kB │ map:     1.08 kB
dist/assets/arrow-up-0-1-BzxSW_1U.js                              0.38 kB │ gzip:   0.28 kB │ map:     1.31 kB
dist/assets/arrow-up-1-0-fSCCyr1j.js                              0.38 kB │ gzip:   0.28 kB │ map:     1.31 kB
dist/assets/calendar-check-BeIB97Ye.js                            0.38 kB │ gzip:   0.27 kB │ map:     1.32 kB
dist/assets/clipboard-check-DuYvqAfY.js                           0.38 kB │ gzip:   0.29 kB │ map:     1.25 kB
dist/assets/folder-up-NBeVvxqS.js                                 0.38 kB │ gzip:   0.28 kB │ map:     1.15 kB
dist/assets/map-pin-x-inside-By2lbNdc.js                          0.38 kB │ gzip:   0.29 kB │ map:     1.18 kB
dist/assets/mouse-pointer-Dv74Be8I.js                             0.38 kB │ gzip:   0.29 kB │ map:     1.11 kB
dist/assets/picture-in-picture-2-Dez-KMsy.js                      0.38 kB │ gzip:   0.30 kB │ map:     1.10 kB
dist/assets/scissors-D8siGGPd.js                                  0.38 kB │ gzip:   0.27 kB │ map:     1.30 kB
dist/assets/antenna-lvTGysB5.js                                   0.39 kB │ gzip:   0.26 kB │ map:     1.30 kB
dist/assets/book-type-WUSYtMzn.js                                 0.39 kB │ gzip:   0.28 kB │ map:     1.22 kB
dist/assets/bookmark-plus-Bh7Km2S5.js                             0.39 kB │ gzip:   0.28 kB │ map:     1.17 kB
dist/assets/folder-clock-DmtjoNG3.js                              0.39 kB │ gzip:   0.29 kB │ map:     1.20 kB
dist/assets/gavel-Dt_g4Ny9.js                                     0.39 kB │ gzip:   0.28 kB │ map:     1.23 kB
dist/assets/mail-x-BygpdwYh.js                                    0.39 kB │ gzip:   0.28 kB │ map:     1.17 kB
dist/assets/repeat-1-BL9WAseD.js                                  0.39 kB │ gzip:   0.27 kB │ map:     1.25 kB
dist/assets/text-initial-BMZp1DAO.js                              0.39 kB │ gzip:   0.28 kB │ map:     1.26 kB
dist/assets/arrow-down-a-z-nucBZnzu.js                            0.39 kB │ gzip:   0.28 kB │ map:     1.27 kB
dist/assets/cast-cgUCHM3e.js                                      0.39 kB │ gzip:   0.28 kB │ map:     1.21 kB
dist/assets/file-minus-1AoExSB7.js                                0.39 kB │ gzip:   0.28 kB │ map:     1.16 kB
dist/assets/flag-off-DHyXZL2r.js                                  0.39 kB │ gzip:   0.30 kB │ map:     1.18 kB
dist/assets/message-square-share-BRxsByWx.js                      0.39 kB │ gzip:   0.29 kB │ map:     1.20 kB
dist/assets/table-cells-merge-RLD-LAWB.js                         0.39 kB │ gzip:   0.27 kB │ map:     1.33 kB
dist/assets/arrow-down-z-a-upcSFGkS.js                            0.39 kB │ gzip:   0.28 kB │ map:     1.27 kB
dist/assets/banana-m1NbX2n9.js                                    0.39 kB │ gzip:   0.30 kB │ map:     1.09 kB
dist/assets/cloud-backup-Bx1uT7aO.js                              0.39 kB │ gzip:   0.29 kB │ map:     1.17 kB
dist/assets/folder-x-BTMMBSeb.js                                  0.39 kB │ gzip:   0.28 kB │ map:     1.16 kB
dist/assets/gallery-thumbnails-BBYVd6qZ.js                        0.39 kB │ gzip:   0.27 kB │ map:     1.34 kB
dist/assets/mail-plus-CQLfbXbI.js                                 0.39 kB │ gzip:   0.29 kB │ map:     1.19 kB
dist/assets/panel-right-dashed-DADZLCj9.js                        0.39 kB │ gzip:   0.27 kB │ map:     1.34 kB
dist/assets/shapes-MOcVR32g.js                                    0.39 kB │ gzip:   0.30 kB │ map:     1.23 kB
dist/assets/toilet-G77J5iw7.js                                    0.39 kB │ gzip:   0.28 kB │ map:     1.09 kB
dist/assets/arrow-down-0-1-BRP6cROs.js                            0.39 kB │ gzip:   0.28 kB │ map:     1.32 kB
dist/assets/arrow-down-1-0-COrawh91.js                            0.39 kB │ gzip:   0.28 kB │ map:     1.32 kB
dist/assets/concierge-bell-CcyvDHVG.js                            0.39 kB │ gzip:   0.27 kB │ map:     1.23 kB
dist/assets/folder-down-Cb0xNV4V.js                               0.39 kB │ gzip:   0.28 kB │ map:     1.17 kB
dist/assets/fuel-D4d5_4Dx.js                                      0.39 kB │ gzip:   0.27 kB │ map:     1.19 kB
dist/assets/heart-minus-BrayN32y.js                               0.39 kB │ gzip:   0.30 kB │ map:     1.10 kB
dist/assets/move-BACG5UBo.js                                      0.39 kB │ gzip:   0.27 kB │ map:     1.30 kB
dist/assets/book-image-BOh1jlaP.js                                0.39 kB │ gzip:   0.30 kB │ map:     1.19 kB
dist/assets/bookmark-x-BZqBzEKr.js                                0.39 kB │ gzip:   0.29 kB │ map:     1.16 kB
dist/assets/chart-area-CvmuhEso.js                                0.39 kB │ gzip:   0.28 kB │ map:     1.10 kB
dist/assets/chromium-CkE50zY2.js                                  0.39 kB │ gzip:   0.28 kB │ map:     1.31 kB
dist/assets/inspection-panel-DleU2SG4.js                          0.39 kB │ gzip:   0.26 kB │ map:     1.33 kB
dist/assets/languages-D6-t4EIJ.js                                 0.39 kB │ gzip:   0.27 kB │ map:     1.32 kB
dist/assets/panel-bottom-dashed-TgRG_qXF.js                       0.39 kB │ gzip:   0.27 kB │ map:     1.34 kB
dist/assets/receipt-swiss-franc-DP6MYEY9.js                       0.39 kB │ gzip:   0.26 kB │ map:     1.24 kB
dist/assets/saudi-riyal-DTVgyFrp.js                               0.39 kB │ gzip:   0.29 kB │ map:     1.20 kB
dist/assets/shield-half-BI4JbAuf.js                               0.39 kB │ gzip:   0.30 kB │ map:     1.10 kB
dist/assets/file-D_JmJdcT.js                                      0.39 kB │ gzip:   0.30 kB │ map:     1.02 kB
dist/assets/folder-input-CCfQVZpW.js                              0.39 kB │ gzip:   0.28 kB │ map:     1.17 kB
dist/assets/image-BqxbEEvJ.js                                     0.39 kB │ gzip:   0.31 kB │ map:     1.15 kB
dist/assets/printer-BiYq63zK.js                                   0.39 kB │ gzip:   0.29 kB │ map:     1.21 kB
dist/assets/shield-minus-CyTd9MvY.js                              0.39 kB │ gzip:   0.30 kB │ map:     1.11 kB
dist/assets/signature-DU5RYfFm.js                                 0.39 kB │ gzip:   0.30 kB │ map:     1.10 kB
dist/assets/stamp-DLCvy1Qp.js                                     0.39 kB │ gzip:   0.28 kB │ map:     1.15 kB
dist/assets/videotape-1tsGj89Q.js                                 0.39 kB │ gzip:   0.28 kB │ map:     1.36 kB
dist/assets/badge-check-E3TaC1PF.js                               0.39 kB │ gzip:   0.27 kB │ map:     1.11 kB
dist/assets/cloud-download-bK29Xdvd.js                            0.39 kB │ gzip:   0.30 kB │ map:     1.10 kB
dist/assets/git-commit-horizontal-CDTJU1gZ.js                     0.39 kB │ gzip:   0.28 kB │ map:     1.23 kB
dist/assets/hard-hat-BqtWP8r5.js                                  0.39 kB │ gzip:   0.29 kB │ map:     1.25 kB
dist/assets/phone-D4il_eSl.js                                     0.39 kB │ gzip:   0.28 kB │ map:     1.02 kB
dist/assets/file-check-DfHJDEEc.js                                0.39 kB │ gzip:   0.29 kB │ map:     1.17 kB
dist/assets/file-minus-corner-HaG8hxQK.js                         0.39 kB │ gzip:   0.28 kB │ map:     1.20 kB
dist/assets/folder-search-BdRg7KuY.js                             0.39 kB │ gzip:   0.29 kB │ map:     1.21 kB
dist/assets/folders-DClvBrE5.js                                   0.39 kB │ gzip:   0.28 kB │ map:     1.11 kB
dist/assets/ice-cream-bowl-CdZNLx9H.js                            0.39 kB │ gzip:   0.28 kB │ map:     1.18 kB
dist/assets/star-half-CBArtCSe.js                                 0.39 kB │ gzip:   0.30 kB │ map:     1.04 kB
dist/assets/bring-to-front-CnHtQkFs.js                            0.39 kB │ gzip:   0.28 kB │ map:     1.21 kB
dist/assets/cup-soda-D7e9mfXB.js                                  0.39 kB │ gzip:   0.28 kB │ map:     1.19 kB
dist/assets/folder-output-CoP6jnkd.js                             0.39 kB │ gzip:   0.28 kB │ map:     1.18 kB
dist/assets/hard-drive-upload-C3AxUTZn.js                         0.39 kB │ gzip:   0.28 kB │ map:     1.34 kB
dist/assets/list-video-CpgBHfCS.js                                0.39 kB │ gzip:   0.27 kB │ map:     1.23 kB
dist/assets/message-square-plus-CHeccQnw.js                       0.39 kB │ gzip:   0.29 kB │ map:     1.20 kB
dist/assets/pencil-line-BqyM3XNF.js                               0.39 kB │ gzip:   0.29 kB │ map:     1.17 kB
dist/assets/user-round-key-BrJyYDmp.js                            0.39 kB │ gzip:   0.28 kB │ map:     1.33 kB
dist/assets/book-copy-FTq2WjXP.js                                 0.39 kB │ gzip:   0.28 kB │ map:     1.17 kB
dist/assets/book-search-CMPu0RaO.js                               0.39 kB │ gzip:   0.29 kB │ map:     1.23 kB
dist/assets/fan-SikfTmOA.js                                       0.39 kB │ gzip:   0.27 kB │ map:     1.08 kB
dist/assets/git-pull-request-create-BrKDL6_L.js                   0.39 kB │ gzip:   0.28 kB │ map:     1.34 kB
dist/assets/id-card-DU12JzR2.js                                   0.39 kB │ gzip:   0.30 kB │ map:     1.33 kB
dist/assets/shield-BQ-ihBVv.js                                    0.39 kB │ gzip:   0.31 kB │ map:     0.97 kB
dist/assets/cloud-moon-3NgKHHzC.js                                0.40 kB │ gzip:   0.31 kB │ map:     1.11 kB
dist/assets/microwave-D91nFovZ.js                                 0.40 kB │ gzip:   0.28 kB │ map:     1.37 kB
dist/assets/nfc-CLqitKUg.js                                       0.40 kB │ gzip:   0.28 kB │ map:     1.18 kB
dist/assets/save-CpFukkhF.js                                      0.40 kB │ gzip:   0.28 kB │ map:     1.15 kB
dist/assets/triangle-alert-DCDK0IeI.js                            0.40 kB │ gzip:   0.30 kB │ map:     1.13 kB
dist/assets/useLocation-qK1Rj9vR.js                               0.40 kB │ gzip:   0.28 kB │ map:     2.10 kB
dist/assets/diamond-plus-CDVplbyf.js                              0.40 kB │ gzip:   0.27 kB │ map:     1.18 kB
dist/assets/file-check-corner-MFPTR2X9.js                         0.40 kB │ gzip:   0.29 kB │ map:     1.20 kB
dist/assets/hard-drive-download-B6orrEPm.js                       0.40 kB │ gzip:   0.29 kB │ map:     1.35 kB
dist/assets/refresh-ccw-Cd9Ly89b.js                               0.40 kB │ gzip:   0.28 kB │ map:     1.20 kB
dist/assets/shield-check-DK8sKpCy.js                              0.40 kB │ gzip:   0.30 kB │ map:     1.12 kB
dist/assets/superscript-DArC4eJv.js                               0.40 kB │ gzip:   0.30 kB │ map:     1.17 kB
dist/assets/eye-closed-Hw2zNfeq.js                                0.40 kB │ gzip:   0.27 kB │ map:     1.27 kB
dist/assets/file-exclamation-point-CvSqNkqm.js                    0.40 kB │ gzip:   0.28 kB │ map:     1.22 kB
dist/assets/folder-root-CB54295l.js                               0.40 kB │ gzip:   0.30 kB │ map:     1.20 kB
dist/assets/send-to-back-G2fTJ7Jl.js                              0.40 kB │ gzip:   0.28 kB │ map:     1.32 kB
dist/assets/square-stack-BzT2gEk3.js                              0.40 kB │ gzip:   0.28 kB │ map:     1.20 kB
dist/assets/user-key-CXGKtOwv.js                                  0.40 kB │ gzip:   0.28 kB │ map:     1.31 kB
dist/assets/whole-word-DrKM3wwm.js                                0.40 kB │ gzip:   0.28 kB │ map:     1.32 kB
dist/assets/funnel-plus-aAJ2o9mJ.js                               0.40 kB │ gzip:   0.29 kB │ map:     1.17 kB
dist/assets/hand-helping-BOhlH1Jg.js                              0.40 kB │ gzip:   0.30 kB │ map:     1.18 kB
dist/assets/message-circle-x-B_miS-1D.js                          0.40 kB │ gzip:   0.30 kB │ map:     1.20 kB
dist/assets/message-square-x-ByGROWLh.js                          0.40 kB │ gzip:   0.29 kB │ map:     1.20 kB
dist/assets/pencil-Bdo-9g7P.js                                    0.40 kB │ gzip:   0.31 kB │ map:     1.04 kB
dist/assets/sailboat-B7uVaxFw.js                                  0.40 kB │ gzip:   0.29 kB │ map:     1.18 kB
dist/assets/align-vertical-space-between-Cs2Epmwp.js              0.40 kB │ gzip:   0.27 kB │ map:     1.38 kB
dist/assets/bath-AT0xwPGL.js                                      0.40 kB │ gzip:   0.27 kB │ map:     1.27 kB
dist/assets/heading-5-D36Jj6-e.js                                 0.40 kB │ gzip:   0.28 kB │ map:     1.27 kB
dist/assets/screen-share-Dru1-ivr.js                              0.40 kB │ gzip:   0.27 kB │ map:     1.27 kB
dist/assets/spell-check-2-CP6_Hnkl.js                             0.40 kB │ gzip:   0.26 kB │ map:     1.19 kB
dist/assets/table-of-contents-C-QzOSAg.js                         0.40 kB │ gzip:   0.26 kB │ map:     1.35 kB
dist/assets/youtube-ZEPnrJgV.js                                   0.40 kB │ gzip:   0.27 kB │ map:     1.10 kB
dist/assets/a-large-small-B2zH2nC2.js                             0.40 kB │ gzip:   0.30 kB │ map:     1.22 kB
dist/assets/calendar-minus-Cw88hamh.js                            0.40 kB │ gzip:   0.27 kB │ map:     1.28 kB
dist/assets/mail-warning-DkzcFGp2.js                              0.40 kB │ gzip:   0.29 kB │ map:     1.21 kB
dist/assets/tickets-DfYIR3nO.js                                   0.40 kB │ gzip:   0.30 kB │ map:     1.31 kB
dist/assets/useT3ConnectAuthPrompt-Dd-hq4Pz.js                    0.40 kB │ gzip:   0.30 kB │ map:     1.00 kB
dist/assets/volume-1-soAQ369L.js                                  0.40 kB │ gzip:   0.29 kB │ map:     1.10 kB
dist/assets/book-heart-COw58U8h.js                                0.40 kB │ gzip:   0.30 kB │ map:     1.15 kB
dist/assets/braces-BezJf0bm.js                                    0.40 kB │ gzip:   0.29 kB │ map:     1.06 kB
dist/assets/folder-closed-B4ifykJn.js                             0.40 kB │ gzip:   0.29 kB │ map:     1.07 kB
dist/assets/gem-CCk99nN8.js                                       0.40 kB │ gzip:   0.29 kB │ map:     1.15 kB
dist/assets/library-big-C7CeIIuP.js                               0.40 kB │ gzip:   0.31 kB │ map:     1.23 kB
dist/assets/message-circle-plus-hRs2PzRt.js                       0.40 kB │ gzip:   0.30 kB │ map:     1.21 kB
dist/assets/notebook-DfmV6DoQ.js                                  0.40 kB │ gzip:   0.28 kB │ map:     1.38 kB
dist/assets/pen-line-CbnNJ-MQ.js                                  0.40 kB │ gzip:   0.31 kB │ map:     1.05 kB
dist/assets/rocking-chair-BTp1RMBg.js                             0.40 kB │ gzip:   0.28 kB │ map:     1.30 kB
dist/assets/rotate-ccw-key-9RnvtIih.js                            0.40 kB │ gzip:   0.29 kB │ map:     1.31 kB
dist/assets/align-vertical-distribute-end-yr0lO00h.js             0.40 kB │ gzip:   0.27 kB │ map:     1.39 kB
dist/assets/bell-minus-AOfYGnJ9.js                                0.40 kB │ gzip:   0.31 kB │ map:     1.18 kB
dist/assets/funnel-x-tPb6e80D.js                                  0.40 kB │ gzip:   0.30 kB │ map:     1.17 kB
dist/assets/git-fork-BbqIke2u.js                                  0.40 kB │ gzip:   0.28 kB │ map:     1.34 kB
dist/assets/house-sf8Ul1Fd.js                                     0.40 kB │ gzip:   0.30 kB │ map:     1.04 kB
dist/assets/align-horizontal-space-between-B0MCDepC.js            0.40 kB │ gzip:   0.28 kB │ map:     1.39 kB
dist/assets/contact-round-DHvKDMVF.js                             0.40 kB │ gzip:   0.30 kB │ map:     1.37 kB
dist/assets/scooter-Bt1HfXly.js                                   0.40 kB │ gzip:   0.30 kB │ map:     1.27 kB
dist/assets/shield-ban-DbTAAIG2.js                                0.40 kB │ gzip:   0.31 kB │ map:     1.12 kB
dist/assets/square-divide-kDPgyxyx.js                             0.40 kB │ gzip:   0.28 kB │ map:     1.41 kB
dist/assets/tv-minimal-play-Bxcw6X_q.js                           0.40 kB │ gzip:   0.31 kB │ map:     1.25 kB
dist/assets/arrow-big-up-dash-gRJY_PMm.js                         0.40 kB │ gzip:   0.29 kB │ map:     1.14 kB
dist/assets/badge-minus-B_iq_F0d.js                               0.40 kB │ gzip:   0.28 kB │ map:     1.16 kB
dist/assets/book-open-De0HQ87h.js                                 0.40 kB │ gzip:   0.29 kB │ map:     1.05 kB
dist/assets/plug-2-Bn9n-BEV.js                                    0.40 kB │ gzip:   0.29 kB │ map:     1.20 kB
dist/assets/scan-line-BYE9rNE_.js                                 0.40 kB │ gzip:   0.27 kB │ map:     1.27 kB
dist/assets/spool-uPtepJQA.js                                     0.40 kB │ gzip:   0.30 kB │ map:     1.13 kB
dist/assets/squares-exclude-CMX9_Ooh.js                           0.40 kB │ gzip:   0.27 kB │ map:     1.17 kB
dist/assets/wallet-cards-oz33a6M3.js                              0.40 kB │ gzip:   0.31 kB │ map:     1.24 kB
dist/assets/align-vertical-distribute-start-DFjcQIjN.js           0.41 kB │ gzip:   0.27 kB │ map:     1.41 kB
dist/assets/layers-2-_Uj29tuJ.js                                  0.41 kB │ gzip:   0.29 kB │ map:     1.14 kB
dist/assets/align-horizontal-distribute-end-C-PxWIZ6.js           0.41 kB │ gzip:   0.28 kB │ map:     1.41 kB
dist/assets/arrow-big-down-dash-Cy10zQcJ.js                       0.41 kB │ gzip:   0.29 kB │ map:     1.15 kB
dist/assets/contact-BX0WTw5d.js                                   0.41 kB │ gzip:   0.29 kB │ map:     1.34 kB
dist/assets/dribbble-C-hZmrML.js                                  0.41 kB │ gzip:   0.31 kB │ map:     1.23 kB
dist/assets/flip-horizontal-2-ST9qvJJe.js                         0.41 kB │ gzip:   0.26 kB │ map:     1.36 kB
dist/assets/list-checks-BLHgFobU.js                               0.41 kB │ gzip:   0.27 kB │ map:     1.22 kB
dist/assets/map-pin-minus-Bkx9KDei.js                             0.41 kB │ gzip:   0.32 kB │ map:     1.22 kB
dist/assets/message-square-code-DoarUyyb.js                       0.41 kB │ gzip:   0.29 kB │ map:     1.22 kB
dist/assets/battery-charging-u1S9cV_X.js                          0.41 kB │ gzip:   0.29 kB │ map:     1.24 kB
dist/assets/briefcase-business-f3xah3Uj.js                        0.41 kB │ gzip:   0.29 kB │ map:     1.30 kB
dist/assets/focus-CDK0skRL.js                                     0.41 kB │ gzip:   0.28 kB │ map:     1.29 kB
dist/assets/heading-3-Ct1NCsAw.js                                 0.41 kB │ gzip:   0.28 kB │ map:     1.27 kB
dist/assets/screen-share-off-B7kJus2k.js                          0.41 kB │ gzip:   0.28 kB │ map:     1.30 kB
dist/assets/calendar-check-2-DI6VzbyT.js                          0.41 kB │ gzip:   0.28 kB │ map:     1.30 kB
dist/assets/heart-pulse-DuWCTX2o.js                               0.41 kB │ gzip:   0.31 kB │ map:     1.12 kB
dist/assets/monitor-smartphone-Ch5_T1rg.js                        0.41 kB │ gzip:   0.29 kB │ map:     1.30 kB
dist/assets/receipt-indian-rupee-CnRK5kG6.js                      0.41 kB │ gzip:   0.27 kB │ map:     1.27 kB
dist/assets/wallpaper-B7-gKVkE.js                                 0.41 kB │ gzip:   0.31 kB │ map:     1.35 kB
dist/assets/align-horizontal-distribute-start-CXSvy2hX.js         0.41 kB │ gzip:   0.28 kB │ map:     1.42 kB
dist/assets/angry-CQttnLrF.js                                     0.41 kB │ gzip:   0.28 kB │ map:     1.35 kB
dist/assets/arrow-big-left-dash-BtvmjNZh.js                       0.41 kB │ gzip:   0.29 kB │ map:     1.15 kB
dist/assets/book-lock-TO-asxKV.js                                 0.41 kB │ gzip:   0.31 kB │ map:     1.27 kB
dist/assets/flip-vertical-2-NBW-AieO.js                           0.41 kB │ gzip:   0.27 kB │ map:     1.36 kB
dist/assets/image-up-DLKF-SBX.js                                  0.41 kB │ gzip:   0.30 kB │ map:     1.27 kB
dist/assets/lectern-CcJvUl7w.js                                   0.41 kB │ gzip:   0.31 kB │ map:     1.23 kB
dist/assets/arrow-big-right-dash-pprJ2KNl.js                      0.41 kB │ gzip:   0.29 kB │ map:     1.16 kB
dist/assets/bitcoin-hmj-0rQ_.js                                   0.41 kB │ gzip:   0.31 kB │ map:     1.05 kB
dist/assets/clipboard-x-Ce0fHhZR.js                               0.41 kB │ gzip:   0.29 kB │ map:     1.32 kB
dist/assets/graduation-cap-DEtNQqxN.js                            0.41 kB │ gzip:   0.30 kB │ map:     1.20 kB
dist/assets/message-circle-warning-CYGDMfhQ.js                    0.41 kB │ gzip:   0.30 kB │ map:     1.23 kB
dist/assets/send-BcMrK1Yu.js                                      0.41 kB │ gzip:   0.31 kB │ map:     1.04 kB
dist/assets/book-key-CC0vyCFa.js                                  0.41 kB │ gzip:   0.30 kB │ map:     1.30 kB
dist/assets/bottle-wine-DbLubnPI.js                               0.41 kB │ gzip:   0.29 kB │ map:     1.13 kB
dist/assets/calendar-x-BSHi7QB1.js                                0.41 kB │ gzip:   0.28 kB │ map:     1.39 kB
dist/assets/cooking-pot-C62TkExQ.js                               0.41 kB │ gzip:   0.29 kB │ map:     1.25 kB
dist/assets/image-down-C6HyqvXn.js                                0.41 kB │ gzip:   0.30 kB │ map:     1.28 kB
dist/assets/lightbulb-yssW4G9r.js                                 0.41 kB │ gzip:   0.31 kB │ map:     1.12 kB
dist/assets/package-2-jIwJj_7y.js                                 0.41 kB │ gzip:   0.29 kB │ map:     1.18 kB
dist/assets/ticket-percent-bMSKldwk.js                            0.41 kB │ gzip:   0.28 kB │ map:     1.26 kB
dist/assets/citrus-CAtdBs1Q.js                                    0.41 kB │ gzip:   0.30 kB │ map:     1.24 kB
dist/assets/creative-commons-CXpAE6K6.js                          0.41 kB │ gzip:   0.27 kB │ map:     1.24 kB
dist/assets/file-chart-line-D4l1u8fn.js                           0.41 kB │ gzip:   0.29 kB │ map:     1.21 kB
dist/assets/flashlight-BNqJ1o3W.js                                0.41 kB │ gzip:   0.30 kB │ map:     1.19 kB
dist/assets/receipt-pound-sterling-DMfD6SHR.js                    0.41 kB │ gzip:   0.28 kB │ map:     1.28 kB
dist/assets/air-vent-DPipJ5yI.js                                  0.41 kB │ gzip:   0.29 kB │ map:     1.24 kB
dist/assets/clipboard-plus-Cd44Vt19.js                            0.41 kB │ gzip:   0.29 kB │ map:     1.34 kB
dist/assets/list-restart-Cd18xEOC.js                              0.41 kB │ gzip:   0.29 kB │ map:     1.32 kB
dist/assets/user-pen-CrN7saMj.js                                  0.41 kB │ gzip:   0.31 kB │ map:     1.21 kB
dist/assets/book-open-check-CmqY1DHs.js                           0.41 kB │ gzip:   0.28 kB │ map:     1.21 kB
dist/assets/lamp-CwDKsVll.js                                      0.41 kB │ gzip:   0.30 kB │ map:     1.18 kB
dist/assets/message-circle-code-E7b3uGmW.js                       0.41 kB │ gzip:   0.30 kB │ map:     1.23 kB
dist/assets/signpost-D8OstHvb.js                                  0.41 kB │ gzip:   0.28 kB │ map:     1.18 kB
dist/assets/timer-off-D77Q9F9a.js                                 0.41 kB │ gzip:   0.28 kB │ map:     1.28 kB
dist/assets/type-outline-6ehdaB-R.js                              0.41 kB │ gzip:   0.26 kB │ map:     1.07 kB
dist/assets/database-zap-Ba-XIocF.js                              0.42 kB │ gzip:   0.30 kB │ map:     1.33 kB
dist/assets/dice-5-CwCpgPkX.js                                    0.42 kB │ gzip:   0.27 kB │ map:     1.39 kB
dist/assets/folder-lock-C8K3DDoR.js                               0.42 kB │ gzip:   0.30 kB │ map:     1.25 kB
dist/assets/folder-search-2-CVa2HTLB.js                           0.42 kB │ gzip:   0.30 kB │ map:     1.24 kB
dist/assets/stone-BWYyaby1.js                                     0.42 kB │ gzip:   0.30 kB │ map:     1.17 kB
dist/assets/folder-key-Df7Pcdaz.js                                0.42 kB │ gzip:   0.30 kB │ map:     1.28 kB
dist/assets/gpu-DLJXuOXP.js                                       0.42 kB │ gzip:   0.29 kB │ map:     1.31 kB
dist/assets/image-minus-C81Z7IBS.js                               0.42 kB │ gzip:   0.31 kB │ map:     1.29 kB
dist/assets/octagon-BfOo4TrD.js                                   0.42 kB │ gzip:   0.28 kB │ map:     1.05 kB
dist/assets/pen-off-CBphr9K-.js                                   0.42 kB │ gzip:   0.31 kB │ map:     1.18 kB
dist/assets/shopping-bag-Cd-loSiW.js                              0.42 kB │ gzip:   0.29 kB │ map:     1.20 kB
dist/assets/skull-DHgpd56T.js                                     0.42 kB │ gzip:   0.29 kB │ map:     1.29 kB
dist/assets/weight-tilde-CVAV33a4.js                              0.42 kB │ gzip:   0.31 kB │ map:     1.23 kB
dist/assets/bell-dot-DcPz2P-T.js                                  0.42 kB │ gzip:   0.32 kB │ map:     1.21 kB
dist/assets/calendar-plus-2-DP9P_n3z.js                           0.42 kB │ gzip:   0.29 kB │ map:     1.42 kB
dist/assets/file-question-mark-DM9NkTlA.js                        0.42 kB │ gzip:   0.30 kB │ map:     1.22 kB
dist/assets/file-symlink-dsI-_JSG.js                              0.42 kB │ gzip:   0.29 kB │ map:     1.20 kB
dist/assets/globe-lock-DGN_ZiAT.js                                0.42 kB │ gzip:   0.31 kB │ map:     1.31 kB
dist/assets/newspaper-Cr3QLBHk.js                                 0.42 kB │ gzip:   0.30 kB │ map:     1.31 kB
dist/assets/stethoscope-DbYSiJwW.js                               0.42 kB │ gzip:   0.29 kB │ map:     1.32 kB
dist/assets/blinds-Cvh7oS_L.js                                    0.42 kB │ gzip:   0.28 kB │ map:     1.42 kB
dist/assets/drafting-compass-BXEVOdbT.js                          0.42 kB │ gzip:   0.31 kB │ map:     1.34 kB
dist/assets/ethernet-port-BrB20fPy.js                             0.42 kB │ gzip:   0.27 kB │ map:     1.33 kB
dist/assets/loader-pinwheel-DnZ5ztQW.js                           0.42 kB │ gzip:   0.29 kB │ map:     1.28 kB
dist/assets/archive-restore-DJCFmkU7.js                           0.42 kB │ gzip:   0.30 kB │ map:     1.37 kB
dist/assets/battery-warning-DCyCZ-Kb.js                           0.42 kB │ gzip:   0.28 kB │ map:     1.31 kB
dist/assets/currency-msN7qbkm.js                                  0.42 kB │ gzip:   0.26 kB │ map:     1.47 kB
dist/assets/folder-open-Da4aLWzB.js                               0.42 kB │ gzip:   0.31 kB │ map:     1.01 kB
dist/assets/heart-plus-oX7NPOO0.js                                0.42 kB │ gzip:   0.31 kB │ map:     1.19 kB
dist/assets/locate-DG6nX0DQ.js                                    0.42 kB │ gzip:   0.27 kB │ map:     1.46 kB
dist/assets/megaphone-DNeS_9WN.js                                 0.42 kB │ gzip:   0.30 kB │ map:     1.19 kB
dist/assets/message-square-reply-CIi7SGbw.js                      0.42 kB │ gzip:   0.30 kB │ map:     1.24 kB
dist/assets/square-split-vertical-CqCNImlh.js                     0.42 kB │ gzip:   0.32 kB │ map:     1.19 kB
dist/assets/utility-pole-cY9ROeV3.js                              0.42 kB │ gzip:   0.26 kB │ map:     1.42 kB
dist/assets/accessibility-DV9ixs_p.js                             0.42 kB │ gzip:   0.30 kB │ map:     1.34 kB
dist/assets/copy-x-C5vJmi8R.js                                    0.42 kB │ gzip:   0.30 kB │ map:     1.36 kB
dist/assets/house-heart-CdJkkSdK.js                               0.42 kB │ gzip:   0.30 kB │ map:     1.17 kB
dist/assets/paw-print-D9ogra1J.js                                 0.42 kB │ gzip:   0.30 kB │ map:     1.33 kB
dist/assets/podcast-CfORu7Hh.js                                   0.42 kB │ gzip:   0.30 kB │ map:     1.29 kB
dist/assets/venetian-mask-2UxP9O1C.js                             0.42 kB │ gzip:   0.29 kB │ map:     1.21 kB
dist/assets/file-x-corner-C6rWnUEV.js                             0.42 kB │ gzip:   0.29 kB │ map:     1.27 kB
dist/assets/git-graph-CADdP9d0.js                                 0.42 kB │ gzip:   0.28 kB │ map:     1.43 kB
dist/assets/land-plot-PHJy1Gg1.js                                 0.42 kB │ gzip:   0.30 kB │ map:     1.26 kB
dist/assets/layout-grid-CQ_c1ac1.js                               0.42 kB │ gzip:   0.25 kB │ map:     1.45 kB
dist/assets/clapperboard-a9RP0tsW.js                              0.42 kB │ gzip:   0.30 kB │ map:     1.26 kB
dist/assets/droplet-off-Cx-uzrYj.js                               0.42 kB │ gzip:   0.32 kB │ map:     1.22 kB
dist/assets/file-plus-BD1E4c9K.js                                 0.42 kB │ gzip:   0.30 kB │ map:     1.25 kB
dist/assets/picture-in-picture-DsGawS4T.js                        0.42 kB │ gzip:   0.30 kB │ map:     1.38 kB
dist/assets/alarm-clock-minus-BMKkbXDO.js                         0.42 kB │ gzip:   0.29 kB │ map:     1.41 kB
dist/assets/archive-x-D3ZcSxi1.js                                 0.42 kB │ gzip:   0.31 kB │ map:     1.22 kB
dist/assets/map-pin-check-KJXAo6Ol.js                             0.42 kB │ gzip:   0.33 kB │ map:     1.24 kB
dist/assets/mouse-pointer-ban-BB04vxpm.js                         0.42 kB │ gzip:   0.32 kB │ map:     1.25 kB
dist/assets/square-mouse-pointer-D4dilJ7b.js                      0.42 kB │ gzip:   0.31 kB │ map:     1.18 kB
dist/assets/square-split-horizontal-quNhWZXQ.js                   0.42 kB │ gzip:   0.32 kB │ map:     1.20 kB
dist/assets/webhook-DEDEYqUa.js                                   0.42 kB │ gzip:   0.32 kB │ map:     1.19 kB
dist/assets/chess-pawn-DiOQKjT8.js                                0.42 kB │ gzip:   0.30 kB │ map:     1.33 kB
dist/assets/file-up-DdfnctJz.js                                   0.42 kB │ gzip:   0.30 kB │ map:     1.25 kB
dist/assets/gift-CfTmle-8.js                                      0.42 kB │ gzip:   0.31 kB │ map:     1.29 kB
dist/assets/orbit-DWgC0hDM.js                                     0.42 kB │ gzip:   0.29 kB │ map:     1.36 kB
dist/assets/scroll-text-mkrd1EAT.js                               0.42 kB │ gzip:   0.28 kB │ map:     1.26 kB
dist/assets/shield-plus-CdFWsBgO.js                               0.42 kB │ gzip:   0.31 kB │ map:     1.20 kB
dist/assets/smartphone-nfc-D2t3uIIW.js                            0.42 kB │ gzip:   0.31 kB │ map:     1.31 kB
dist/assets/book-up-2-_IxPsRY5.js                                 0.43 kB │ gzip:   0.29 kB │ map:     1.29 kB
dist/assets/folder-open-dot-DNYCg4xB.js                           0.43 kB │ gzip:   0.31 kB │ map:     1.18 kB
dist/assets/list-todo-lrbf1_pQ.js                                 0.43 kB │ gzip:   0.30 kB │ map:     1.28 kB
dist/assets/plug-zap-D3Xk4B5D.js                                  0.43 kB │ gzip:   0.29 kB │ map:     1.30 kB
dist/assets/wrench-DGk_dKYs.js                                    0.43 kB │ gzip:   0.32 kB │ map:     1.00 kB
dist/assets/copy-plus-CAIZJtLN.js                                 0.43 kB │ gzip:   0.31 kB │ map:     1.38 kB
dist/assets/crosshair-ofgHSAZJ.js                                 0.43 kB │ gzip:   0.28 kB │ map:     1.48 kB
dist/assets/diameter-BNwHwmYi.js                                  0.43 kB │ gzip:   0.29 kB │ map:     1.34 kB
dist/assets/folder-kanban-CpaWaxVy.js                             0.43 kB │ gzip:   0.30 kB │ map:     1.27 kB
dist/assets/laptop-D3VRLqkc.js                                    0.43 kB │ gzip:   0.31 kB │ map:     1.07 kB
dist/assets/message-circle-reply-DqrXCDKv.js                      0.43 kB │ gzip:   0.31 kB │ map:     1.24 kB
dist/assets/monitor-off-LYBPGXaq.js                               0.43 kB │ gzip:   0.29 kB │ map:     1.30 kB
dist/assets/battery-plus-JttIpPVv.js                              0.43 kB │ gzip:   0.29 kB │ map:     1.30 kB
dist/assets/file-x-X3mdNoCp.js                                    0.43 kB │ gzip:   0.29 kB │ map:     1.25 kB
dist/assets/monitor-speaker-D_GNhf0q.js                           0.43 kB │ gzip:   0.31 kB │ map:     1.40 kB
dist/assets/turtle-FdvuvXbt.js                                    0.43 kB │ gzip:   0.29 kB │ map:     1.25 kB
dist/assets/user-round-pen-2RdXaYZg.js                            0.43 kB │ gzip:   0.32 kB │ map:     1.25 kB
dist/assets/users-Z_YwiZAx.js                                     0.43 kB │ gzip:   0.30 kB │ map:     1.19 kB
dist/assets/washing-machine-Bh_zwdE7.js                           0.43 kB │ gzip:   0.31 kB │ map:     1.40 kB
dist/assets/dessert-YebxYWcy.js                                   0.43 kB │ gzip:   0.31 kB │ map:     1.22 kB
dist/assets/file-down-BuC2tzuW.js                                 0.43 kB │ gzip:   0.30 kB │ map:     1.26 kB
dist/assets/glasses-DE8MQqQp.js                                   0.43 kB │ gzip:   0.29 kB │ map:     1.34 kB
dist/assets/key-round-BfGdnJiY.js                                 0.43 kB │ gzip:   0.31 kB │ map:     1.18 kB
dist/assets/share-2-BOLQOizO.js                                   0.43 kB │ gzip:   0.29 kB │ map:     1.45 kB
dist/assets/train-track-CaOfNCnd.js                               0.43 kB │ gzip:   0.26 kB │ map:     1.42 kB
dist/assets/alarm-clock-check-ByeOql7m.js                         0.43 kB │ gzip:   0.29 kB │ map:     1.42 kB
dist/assets/chart-bar-stacked-CNWBOFr3.js                         0.43 kB │ gzip:   0.29 kB │ map:     1.43 kB
dist/assets/cigarette-CMJWKPHR.js                                 0.43 kB │ gzip:   0.28 kB │ map:     1.30 kB
dist/assets/cookie-EwJhycEb.js                                    0.43 kB │ gzip:   0.27 kB │ map:     1.34 kB
dist/assets/file-plus-corner-Xp4k9PdG.js                          0.43 kB │ gzip:   0.30 kB │ map:     1.29 kB
dist/assets/house-plus-cSGW5p2-.js                                0.43 kB │ gzip:   0.30 kB │ map:     1.27 kB
dist/assets/message-square-lock-COum1vfX.js                       0.43 kB │ gzip:   0.32 kB │ map:     1.30 kB
dist/assets/message-square-quote-B4FcMoL1.js                      0.43 kB │ gzip:   0.29 kB │ map:     1.25 kB
dist/assets/message-square-text-Ca4F930x.js                       0.43 kB │ gzip:   0.30 kB │ map:     1.30 kB
dist/assets/shield-alert-B2ikJgLs.js                              0.43 kB │ gzip:   0.31 kB │ map:     1.21 kB
dist/assets/shield-x-CiAvEoai.js                                  0.43 kB │ gzip:   0.31 kB │ map:     1.20 kB
dist/assets/speech-BQ_WxfXL.js                                    0.43 kB │ gzip:   0.32 kB │ map:     1.19 kB
dist/assets/binary-DT2GNC1F.js                                    0.43 kB │ gzip:   0.28 kB │ map:     1.45 kB
dist/assets/circuit-board-dH7BsM_h.js                             0.43 kB │ gzip:   0.30 kB │ map:     1.42 kB
dist/assets/file-axis-3d-Lc51-Ivz.js                              0.43 kB │ gzip:   0.30 kB │ map:     1.27 kB
dist/assets/message-square-diff-DAtClaTF.js                       0.43 kB │ gzip:   0.30 kB │ map:     1.30 kB
dist/assets/crown-B9CeJUBS.js                                     0.43 kB │ gzip:   0.31 kB │ map:     1.12 kB
dist/assets/decimals-arrow-right-BBAZ1oYD.js                      0.43 kB │ gzip:   0.29 kB │ map:     1.45 kB
dist/assets/flask-conical-CN0yIItL.js                             0.43 kB │ gzip:   0.31 kB │ map:     1.16 kB
dist/assets/layout-dashboard-3ydacJf-.js                          0.43 kB │ gzip:   0.26 kB │ map:     1.48 kB
dist/assets/receipt-japanese-yen-DybNoob-.js                      0.43 kB │ gzip:   0.28 kB │ map:     1.35 kB
dist/assets/snail--2A_UY-8.js                                     0.43 kB │ gzip:   0.31 kB │ map:     1.31 kB
dist/assets/toastHelpers-Dsph6LwL.js                              0.43 kB │ gzip:   0.27 kB │ map:     3.11 kB
dist/assets/bell-plus-DoM1qjId.js                                 0.43 kB │ gzip:   0.31 kB │ map:     1.26 kB
dist/assets/book-headphones-kOV36xJs.js                           0.43 kB │ gzip:   0.30 kB │ map:     1.35 kB
dist/assets/card-sim-iDANqQ9q.js                                  0.43 kB │ gzip:   0.31 kB │ map:     1.31 kB
dist/assets/syringe-CDWh1YIp.js                                   0.43 kB │ gzip:   0.30 kB │ map:     1.35 kB
dist/assets/file-clock-DbNjFjBw.js                                0.43 kB │ gzip:   0.31 kB │ map:     1.30 kB
dist/assets/file-input-MB3wFtib.js                                0.43 kB │ gzip:   0.30 kB │ map:     1.27 kB
dist/assets/folder-heart-DU8-5oMV.js                              0.43 kB │ gzip:   0.31 kB │ map:     1.19 kB
dist/assets/hourglass-Ctkv_3zG.js                                 0.43 kB │ gzip:   0.29 kB │ map:     1.28 kB
dist/assets/list-ordered-mpjZF6p9.js                              0.43 kB │ gzip:   0.28 kB │ map:     1.37 kB
dist/assets/mailbox-DMRwmOXe.js                                   0.43 kB │ gzip:   0.32 kB │ map:     1.30 kB
dist/assets/mic-vocal-CSYKnZq1.js                                 0.43 kB │ gzip:   0.33 kB │ map:     1.26 kB
dist/assets/monitor-play-CFDpkrC8.js                              0.43 kB │ gzip:   0.32 kB │ map:     1.33 kB
dist/assets/watch-xj_URemx.js                                     0.43 kB │ gzip:   0.31 kB │ map:     1.26 kB
dist/assets/fullscreen-CkYlmkGi.js                                0.43 kB │ gzip:   0.30 kB │ map:     1.36 kB
dist/assets/lightbulb-off-CO3QJEWE.js                             0.43 kB │ gzip:   0.31 kB │ map:     1.31 kB
dist/assets/trees-DW8ann30.js                                     0.43 kB │ gzip:   0.30 kB │ map:     1.25 kB
dist/assets/badge-cent-uWXEx7EC.js                                0.44 kB │ gzip:   0.28 kB │ map:     1.21 kB
dist/assets/badge-euro-Cs6x7zR9.js                                0.44 kB │ gzip:   0.28 kB │ map:     1.21 kB
dist/assets/calendar-x-2-Br4qEZ6m.js                              0.44 kB │ gzip:   0.28 kB │ map:     1.37 kB
dist/assets/chart-column-stacked-C4yOljEe.js                      0.44 kB │ gzip:   0.30 kB │ map:     1.45 kB
dist/assets/file-terminal-DcnnEIWs.js                             0.44 kB │ gzip:   0.30 kB │ map:     1.29 kB
dist/assets/user-plus-C71-hUA1.js                                 0.44 kB │ gzip:   0.31 kB │ map:     1.29 kB
dist/assets/armchair-Djpj166t.js                                  0.44 kB │ gzip:   0.29 kB │ map:     1.27 kB
dist/assets/lamp-wall-up-AVsrRsZI.js                              0.44 kB │ gzip:   0.30 kB │ map:     1.23 kB
dist/assets/layout-list-DHoBsmeT.js                               0.44 kB │ gzip:   0.28 kB │ map:     1.48 kB
dist/assets/switch-camera-ckwic5dt.js                             0.44 kB │ gzip:   0.29 kB │ map:     1.35 kB
dist/assets/bell-off-BRrp9mST.js                                  0.44 kB │ gzip:   0.32 kB │ map:     1.27 kB
dist/assets/house-wifi-D2EduYMD.js                                0.44 kB │ gzip:   0.30 kB │ map:     1.28 kB
dist/assets/image-plus-Yj1l2QpD.js                                0.44 kB │ gzip:   0.30 kB │ map:     1.33 kB
dist/assets/message-square-more-CwXBCvto.js                       0.44 kB │ gzip:   0.30 kB │ map:     1.31 kB
dist/assets/lamp-wall-down-CdWvteXL.js                            0.44 kB │ gzip:   0.30 kB │ map:     1.25 kB
dist/assets/sheet-BKB4EFlm.js                                     0.44 kB │ gzip:   0.29 kB │ map:     1.52 kB
dist/assets/birdhouse-DDOZ8k4F.js                                 0.44 kB │ gzip:   0.31 kB │ map:     1.40 kB
dist/assets/calendar-plus-7cHjNvqf.js                             0.44 kB │ gzip:   0.29 kB │ map:     1.38 kB
dist/assets/captions-off-C0p1MeD1.js                              0.44 kB │ gzip:   0.28 kB │ map:     1.38 kB
dist/assets/door-closed-locked-twnTLphN.js                        0.44 kB │ gzip:   0.30 kB │ map:     1.39 kB
dist/assets/file-music-Bn1QQBI9.js                                0.44 kB │ gzip:   0.32 kB │ map:     1.31 kB
dist/assets/parking-meter-CZrTEn0k.js                             0.44 kB │ gzip:   0.29 kB │ map:     1.35 kB
dist/assets/cake-slice-BVzHZpZp.js                                0.44 kB │ gzip:   0.32 kB │ map:     1.30 kB
dist/assets/hd-8FfboLjH.js                                        0.44 kB │ gzip:   0.30 kB │ map:     1.36 kB
dist/assets/images-BjFyomcg.js                                    0.44 kB │ gzip:   0.32 kB │ map:     1.33 kB
dist/assets/milk-B-P3TTnS.js                                      0.44 kB │ gzip:   0.31 kB │ map:     1.19 kB
dist/assets/bird-Bu-oRMJt.js                                      0.44 kB │ gzip:   0.30 kB │ map:     1.35 kB
dist/assets/caravan-B0fKtx2L.js                                   0.44 kB │ gzip:   0.30 kB │ map:     1.27 kB
dist/assets/map-pin-plus-CSLV4Xeo.js                              0.44 kB │ gzip:   0.32 kB │ map:     1.31 kB
dist/assets/utensils-crossed-BF8hvYE3.js                          0.44 kB │ gzip:   0.31 kB │ map:     1.29 kB
dist/assets/axe-zVqNo_u7.js                                       0.44 kB │ gzip:   0.32 kB │ map:     1.13 kB
dist/assets/radio-D1WY8CFh.js                                     0.44 kB │ gzip:   0.30 kB │ map:     1.32 kB
dist/assets/ticket-DwhsK1un.js                                    0.44 kB │ gzip:   0.30 kB │ map:     1.21 kB
dist/assets/map-pin-x-DHdmhsLk.js                                 0.44 kB │ gzip:   0.32 kB │ map:     1.30 kB
dist/assets/messages-square-CbS9Mzug.js                           0.44 kB │ gzip:   0.30 kB │ map:     1.21 kB
dist/assets/notepad-text-X8XMk6yQ.js                              0.44 kB │ gzip:   0.29 kB │ map:     1.50 kB
dist/assets/sparkle-3cdLvTz1.js                                   0.44 kB │ gzip:   0.28 kB │ map:     1.08 kB
dist/assets/door-open-dfIyAy8q.js                                 0.45 kB │ gzip:   0.30 kB │ map:     1.34 kB
dist/assets/droplets-CG5Hfb5Q.js                                  0.45 kB │ gzip:   0.34 kB │ map:     1.18 kB
dist/assets/ev-charger-D9iDrPM9.js                                0.45 kB │ gzip:   0.30 kB │ map:     1.33 kB
dist/assets/file-code-D7ZrxWO5.js                                 0.45 kB │ gzip:   0.30 kB │ map:     1.28 kB
dist/assets/file-user-CpmhUGgq.js                                 0.45 kB │ gzip:   0.31 kB │ map:     1.31 kB
dist/assets/gamepad-slH1ociM.js                                   0.45 kB │ gzip:   0.29 kB │ map:     1.52 kB
dist/assets/gitlab-ns9TspLI.js                                    0.45 kB │ gzip:   0.30 kB │ map:     1.08 kB
dist/assets/message-circle-more-DIwbjDRS.js                       0.45 kB │ gzip:   0.31 kB │ map:     1.32 kB
dist/assets/message-square-off-BYavWRrS.js                        0.45 kB │ gzip:   0.32 kB │ map:     1.20 kB
dist/assets/tag-CpNA8OCJ.js                                       0.45 kB │ gzip:   0.33 kB │ map:     1.12 kB
dist/assets/tent-tree-CRpVnowj.js                                 0.45 kB │ gzip:   0.29 kB │ map:     1.46 kB
dist/assets/beef-38wYXTlE.js                                      0.45 kB │ gzip:   0.34 kB │ map:     1.26 kB
dist/assets/chevrons-left-right-ellipsis-ra2ySX6d.js              0.45 kB │ gzip:   0.29 kB │ map:     1.33 kB
dist/assets/circle-pile-BxDqLuOi.js                               0.45 kB │ gzip:   0.25 kB │ map:     1.54 kB
dist/assets/cuboid-M-aHzLmS.js                                    0.45 kB │ gzip:   0.31 kB │ map:     1.21 kB
dist/assets/folder-archive-tmLPaWDI.js                            0.45 kB │ gzip:   0.31 kB │ map:     1.33 kB
dist/assets/candy-cane-e08AbOzw.js                                0.45 kB │ gzip:   0.31 kB │ map:     1.35 kB
dist/assets/file-output-DgSdfbST.js                               0.45 kB │ gzip:   0.31 kB │ map:     1.29 kB
dist/assets/file-stack-ClARZKrJ.js                                0.45 kB │ gzip:   0.29 kB │ map:     1.22 kB
dist/assets/refresh-cw-Bq_lQHfI.js                                0.45 kB │ gzip:   0.31 kB │ map:     1.19 kB
dist/assets/touchpad-off-CIrhLrca.js                              0.45 kB │ gzip:   0.29 kB │ map:     1.39 kB
dist/assets/vibrate-off-BjTd35hP.js                               0.45 kB │ gzip:   0.31 kB │ map:     1.36 kB
dist/assets/banknote-x-C0SKziDA.js                                0.45 kB │ gzip:   0.30 kB │ map:     1.40 kB
dist/assets/clipboard-clock-D2RnCrpv.js                           0.45 kB │ gzip:   0.32 kB │ map:     1.42 kB
dist/assets/git-pull-request-create-arrow-CcolRurX.js             0.45 kB │ gzip:   0.30 kB │ map:     1.48 kB
dist/assets/grip-vertical-C1-njbtV.js                             0.45 kB │ gzip:   0.25 kB │ map:     1.55 kB
dist/assets/warehouse-uas4Cv4q.js                                 0.45 kB │ gzip:   0.30 kB │ map:     1.28 kB
dist/assets/badge-x-BKnnwhA5.js                                   0.45 kB │ gzip:   0.29 kB │ map:     1.29 kB
dist/assets/router-BvNvU2B5.js                                    0.45 kB │ gzip:   0.31 kB │ map:     1.42 kB
dist/assets/drum-DFszeOtW.js                                      0.45 kB │ gzip:   0.30 kB │ map:     1.46 kB
dist/assets/folder-pen-8oKgNW1l.js                                0.45 kB │ gzip:   0.32 kB │ map:     1.19 kB
dist/assets/badge-turkish-lira-Ikp5qf2S.js                        0.45 kB │ gzip:   0.29 kB │ map:     1.26 kB
dist/assets/file-search-corner-CSuB8F72.js                        0.45 kB │ gzip:   0.32 kB │ map:     1.35 kB
dist/assets/trash-2-SEnUNhMZ.js                                   0.45 kB │ gzip:   0.30 kB │ map:     1.25 kB
dist/assets/flip-vertical-C3cpG5Vl.js                             0.45 kB │ gzip:   0.28 kB │ map:     1.39 kB
dist/assets/grip-horizontal-ChJB7Cj4.js                           0.45 kB │ gzip:   0.25 kB │ map:     1.57 kB
dist/assets/luggage-BXQzTxhP.js                                   0.45 kB │ gzip:   0.29 kB │ map:     1.38 kB
dist/assets/message-circle-off-D8kObIpj.js                        0.45 kB │ gzip:   0.32 kB │ map:     1.26 kB
dist/assets/printer-check-DHaLT2_b.js                             0.45 kB │ gzip:   0.29 kB │ map:     1.27 kB
dist/assets/refresh-ccw-dot-Cj5ch1No.js                           0.45 kB │ gzip:   0.30 kB │ map:     1.37 kB
dist/assets/tram-front-Bkk_mRCU.js                                0.45 kB │ gzip:   0.30 kB │ map:     1.49 kB
dist/assets/cassette-tape-Dr-ZTlH-.js                             0.45 kB │ gzip:   0.32 kB │ map:     1.44 kB
dist/assets/dice-6-DuVy87qI.js                                    0.45 kB │ gzip:   0.28 kB │ map:     1.49 kB
dist/assets/flip-horizontal-CKy_QKsE.js                           0.45 kB │ gzip:   0.29 kB │ map:     1.40 kB
dist/assets/map-pin-pen-B7hEuhbz.js                               0.45 kB │ gzip:   0.33 kB │ map:     1.26 kB
dist/assets/popcorn-BVblZa7x.js                                   0.45 kB │ gzip:   0.31 kB │ map:     1.31 kB
dist/assets/scale-DgxyZpfj.js                                     0.45 kB │ gzip:   0.30 kB │ map:     1.25 kB
dist/assets/square-parking-off-CBeKb0Mf.js                        0.45 kB │ gzip:   0.30 kB │ map:     1.35 kB
dist/assets/view-DWCyMIQ7.js                                      0.45 kB │ gzip:   0.31 kB │ map:     1.30 kB
dist/assets/clipboard-type-CtPouIre.js                            0.45 kB │ gzip:   0.30 kB │ map:     1.44 kB
dist/assets/flask-conical-off-DA_s0xvf.js                         0.45 kB │ gzip:   0.30 kB │ map:     1.41 kB
dist/assets/hospital-coAPcQsP.js                                  0.45 kB │ gzip:   0.29 kB │ map:     1.35 kB
dist/assets/id-card-lanyard-CeabHF4O.js                           0.45 kB │ gzip:   0.31 kB │ map:     1.40 kB
dist/assets/life-buoy-B_PwY5BQ.js                                 0.45 kB │ gzip:   0.28 kB │ map:     1.44 kB
dist/assets/message-square-warning-BAGccKK2.js                    0.45 kB │ gzip:   0.32 kB │ map:     1.22 kB
dist/assets/shuffle-B4hsDeUe.js                                   0.45 kB │ gzip:   0.30 kB │ map:     1.32 kB
dist/assets/waves-ladder-XwDoPL2H.js                              0.45 kB │ gzip:   0.29 kB │ map:     1.36 kB
dist/assets/file-lock-VylLfAbM.js                                 0.46 kB │ gzip:   0.32 kB │ map:     1.35 kB
dist/assets/git-pull-request-draft-CYn3HG1-.js                    0.46 kB │ gzip:   0.31 kB │ map:     1.41 kB
dist/assets/network-CbzaDtOO.js                                   0.46 kB │ gzip:   0.29 kB │ map:     1.48 kB
dist/assets/square-dashed-bottom-code-DJnq7ksx.js                 0.46 kB │ gzip:   0.29 kB │ map:     1.40 kB
dist/assets/badge-russian-ruble-CFYhN8S4.js                       0.46 kB │ gzip:   0.29 kB │ map:     1.27 kB
dist/assets/briefcase-medical-CJqZWyp9.js                         0.46 kB │ gzip:   0.30 kB │ map:     1.47 kB
dist/assets/calendar-clock-BCsYilQu.js                            0.46 kB │ gzip:   0.30 kB │ map:     1.43 kB
dist/assets/diamond-percent-Bzwv3o_S.js                           0.46 kB │ gzip:   0.29 kB │ map:     1.32 kB
dist/assets/image-play-BcIHfXPO.js                                0.46 kB │ gzip:   0.32 kB │ map:     1.32 kB
dist/assets/mouse-pointer-2-off-iqYdVwxs.js                       0.46 kB │ gzip:   0.33 kB │ map:     1.27 kB
dist/assets/badge-plus-BrBnRLZm.js                                0.46 kB │ gzip:   0.30 kB │ map:     1.31 kB
dist/assets/building-2-h2uIBjhv.js                                0.46 kB │ gzip:   0.29 kB │ map:     1.36 kB
dist/assets/clipboard-copy-D5ARi09Z.js                            0.46 kB │ gzip:   0.31 kB │ map:     1.41 kB
dist/assets/expand-BgT2Bj9r.js                                    0.46 kB │ gzip:   0.28 kB │ map:     1.49 kB
dist/assets/file-diff-C_Grivq5.js                                 0.46 kB │ gzip:   0.32 kB │ map:     1.23 kB
dist/assets/file-key-CIHbAZtU.js                                  0.46 kB │ gzip:   0.32 kB │ map:     1.38 kB
dist/assets/folder-code-BPF9wywJ.js                               0.46 kB │ gzip:   0.32 kB │ map:     1.18 kB
dist/assets/alarm-clock-plus-BcNQrHh3.js                          0.46 kB │ gzip:   0.30 kB │ map:     1.50 kB
dist/assets/calendars-BtnQMT7O.js                                 0.46 kB │ gzip:   0.31 kB │ map:     1.44 kB
dist/assets/camera-CDBPbdIK.js                                    0.46 kB │ gzip:   0.34 kB │ map:     1.13 kB
dist/assets/cloud-sync-BQGZ_W8k.js                                0.46 kB │ gzip:   0.32 kB │ map:     1.34 kB
dist/assets/git-compare-arrows-DuvUMrxK.js                        0.46 kB │ gzip:   0.30 kB │ map:     1.48 kB
dist/assets/heart-off-Ci8reiPf.js                                 0.46 kB │ gzip:   0.33 kB │ map:     1.26 kB
dist/assets/microscope-Dn-DTUd3.js                                0.46 kB │ gzip:   0.30 kB │ map:     1.39 kB
dist/assets/train-front-DNrE8vi1.js                               0.46 kB │ gzip:   0.31 kB │ map:     1.39 kB
dist/assets/cannabis-pXwBbD5f.js                                  0.46 kB │ gzip:   0.32 kB │ map:     1.16 kB
dist/assets/git-pull-request-arrow-CpwF5VN3.js                    0.46 kB │ gzip:   0.32 kB │ map:     1.37 kB
dist/assets/badge-info-Cb8e-DZE.js                                0.46 kB │ gzip:   0.30 kB │ map:     1.32 kB
dist/assets/bandage-CMNjNhEL.js                                   0.46 kB │ gzip:   0.29 kB │ map:     1.50 kB
dist/assets/clipboard-paste-D-uKAlMK.js                           0.46 kB │ gzip:   0.32 kB │ map:     1.41 kB
dist/assets/pencil-off-DfMAtKx2.js                                0.46 kB │ gzip:   0.32 kB │ map:     1.30 kB
dist/assets/projector-Chb3pqTb.js                                 0.46 kB │ gzip:   0.31 kB │ map:     1.44 kB
dist/assets/server-BUrGvoLR.js                                    0.46 kB │ gzip:   0.30 kB │ map:     1.41 kB
dist/assets/worm-B4PGxb51.js                                      0.46 kB │ gzip:   0.33 kB │ map:     1.21 kB
dist/assets/backpack-B3diaOVX.js                                  0.46 kB │ gzip:   0.29 kB │ map:     1.34 kB
dist/assets/calendar-off-0Ylr_E9I.js                              0.46 kB │ gzip:   0.30 kB │ map:     1.40 kB
dist/assets/file-heart-Bz1uPPZ-.js                                0.46 kB │ gzip:   0.32 kB │ map:     1.27 kB
dist/assets/locate-off-C4Xf-WZG.js                                0.46 kB │ gzip:   0.29 kB │ map:     1.45 kB
dist/assets/mic-off-Bz3TBxut.js                                   0.46 kB │ gzip:   0.30 kB │ map:     1.38 kB
dist/assets/motorbike-CFTuuwP_.js                                 0.46 kB │ gzip:   0.31 kB │ map:     1.40 kB
dist/assets/scan-search-CqJtwRfi.js                               0.46 kB │ gzip:   0.31 kB │ map:     1.43 kB
dist/assets/shield-user-Bclc0x_G.js                               0.46 kB │ gzip:   0.34 kB │ map:     1.27 kB
dist/assets/volume-x-CducON1-.js                                  0.46 kB │ gzip:   0.32 kB │ map:     1.31 kB
dist/assets/badge-alert-CGdDwgj8.js                               0.46 kB │ gzip:   0.30 kB │ map:     1.32 kB
dist/assets/baggage-claim-CIu5ludt.js                             0.46 kB │ gzip:   0.32 kB │ map:     1.46 kB
dist/assets/pocket-knife-B1VggJ8y.js                              0.46 kB │ gzip:   0.31 kB │ map:     1.34 kB
dist/assets/sun-moon-DSPmherh.js                                  0.46 kB │ gzip:   0.32 kB │ map:     1.36 kB
dist/assets/swatch-book-fNaZ9rT7.js                               0.46 kB │ gzip:   0.31 kB │ map:     1.31 kB
dist/assets/calendar-search-CxB2_83D.js                           0.46 kB │ gzip:   0.31 kB │ map:     1.44 kB
dist/assets/cloud-sun-Cog4cXV0.js                                 0.46 kB │ gzip:   0.31 kB │ map:     1.39 kB
dist/assets/codepen-DccuMn6i.js                                   0.46 kB │ gzip:   0.29 kB │ map:     1.41 kB
dist/assets/octagon-minus-CNbuoREU.js                             0.46 kB │ gzip:   0.30 kB │ map:     1.19 kB
dist/assets/baby-6Djn2RMf.js                                      0.47 kB │ gzip:   0.32 kB │ map:     1.28 kB
dist/assets/banknote-arrow-up-CFQctHRl.js                         0.47 kB │ gzip:   0.31 kB │ map:     1.45 kB
dist/assets/sofa-BvzW0NMe.js                                      0.47 kB │ gzip:   0.29 kB │ map:     1.34 kB
dist/assets/thermometer-sun-B1ueK3zf.js                           0.47 kB │ gzip:   0.30 kB │ map:     1.42 kB
dist/assets/chart-no-axes-combined-k4VjsAs2.js                    0.47 kB │ gzip:   0.31 kB │ map:     1.45 kB
dist/assets/hat-glasses-OWrKBSZS.js                               0.47 kB │ gzip:   0.32 kB │ map:     1.42 kB
dist/assets/paintbrush-vertical-B_8LeRWS.js                       0.47 kB │ gzip:   0.30 kB │ map:     1.34 kB
dist/assets/badge-dollar-sign-DAe4eYOL.js                         0.47 kB │ gzip:   0.30 kB │ map:     1.27 kB
dist/assets/badge-percent-DmPPIiVz.js                             0.47 kB │ gzip:   0.29 kB │ map:     1.32 kB
dist/assets/file-headphone--MrowYKm.js                            0.47 kB │ gzip:   0.31 kB │ map:     1.29 kB
dist/assets/message-circle-heart-dq1pW8tw.js                      0.47 kB │ gzip:   0.33 kB │ map:     1.25 kB
dist/assets/ruler-44pfJ492.js                                     0.47 kB │ gzip:   0.30 kB │ map:     1.35 kB
dist/assets/banknote-arrow-down-D30-cCQw.js                       0.47 kB │ gzip:   0.31 kB │ map:     1.46 kB
dist/assets/calendar-fold-sk4EbPCz.js                             0.47 kB │ gzip:   0.31 kB │ map:     1.38 kB
dist/assets/hand-metal-BLH89OQQ.js                                0.47 kB │ gzip:   0.31 kB │ map:     1.31 kB
dist/assets/usb-Cn8lImzg.js                                       0.47 kB │ gzip:   0.31 kB │ map:     1.49 kB
dist/assets/piano-CeyXx1iY.js                                     0.47 kB │ gzip:   0.30 kB │ map:     1.41 kB
dist/assets/bell-ring-rcFJvMem.js                                 0.47 kB │ gzip:   0.33 kB │ map:     1.31 kB
dist/assets/cloud-drizzle-CrG7-FYe.js                             0.47 kB │ gzip:   0.29 kB │ map:     1.47 kB
dist/assets/cloud-hail-C30lo50m.js                                0.47 kB │ gzip:   0.29 kB │ map:     1.46 kB
dist/assets/spline-pointer-DcAZUDm6.js                            0.47 kB │ gzip:   0.33 kB │ map:     1.38 kB
dist/assets/logs-DIwpo2Ub.js                                      0.47 kB │ gzip:   0.27 kB │ map:     1.56 kB
dist/assets/magnet-D2ni7tA2.js                                    0.47 kB │ gzip:   0.29 kB │ map:     1.23 kB
dist/assets/test-tubes-VCbuiNVy.js                                0.47 kB │ gzip:   0.29 kB │ map:     1.40 kB
dist/assets/haze-uVvgLgma.js                                      0.47 kB │ gzip:   0.29 kB │ map:     1.50 kB
dist/assets/landmark-CG_6bSc3.js                                  0.47 kB │ gzip:   0.31 kB │ map:     1.42 kB
dist/assets/badge-swiss-franc-CjtWoesw.js                         0.47 kB │ gzip:   0.29 kB │ map:     1.34 kB
dist/assets/car-front-bMLP3yPz.js                                 0.47 kB │ gzip:   0.33 kB │ map:     1.47 kB
dist/assets/fold-horizontal-DU9HU_Wr.js                           0.47 kB │ gzip:   0.28 kB │ map:     1.55 kB
dist/assets/fold-vertical-Cj1kXrNV.js                             0.47 kB │ gzip:   0.29 kB │ map:     1.54 kB
dist/assets/map-pinned-Bx1WfrwH.js                                0.47 kB │ gzip:   0.34 kB │ map:     1.31 kB
dist/assets/save-all-BZOPhBuM.js                                  0.47 kB │ gzip:   0.30 kB │ map:     1.31 kB
dist/assets/bell-electric-D9bruTC-.js                             0.47 kB │ gzip:   0.33 kB │ map:     1.53 kB
dist/assets/car-BAg9S0cY.js                                       0.47 kB │ gzip:   0.34 kB │ map:     1.34 kB
dist/assets/chess-bishop-z2b8fHrN.js                              0.47 kB │ gzip:   0.33 kB │ map:     1.34 kB
dist/assets/database-search-BVgA1pDw.js                           0.47 kB │ gzip:   0.32 kB │ map:     1.50 kB
dist/assets/file-image-8J4pDSW8.js                                0.47 kB │ gzip:   0.33 kB │ map:     1.34 kB
dist/assets/hand-BCHHXcV6.js                                      0.47 kB │ gzip:   0.30 kB │ map:     1.29 kB
dist/assets/rotate-3d-C5bPc4ky.js                                 0.47 kB │ gzip:   0.34 kB │ map:     1.28 kB
dist/assets/shield-off-DGao1Tg2.js                                0.47 kB │ gzip:   0.34 kB │ map:     1.28 kB
dist/assets/umbrella-off-DZ9AyIcg.js                              0.47 kB │ gzip:   0.32 kB │ map:     1.37 kB
dist/assets/dices-DZHcNsZO.js                                     0.48 kB │ gzip:   0.32 kB │ map:     1.47 kB
dist/assets/heart-crack-CholiCff.js                               0.48 kB │ gzip:   0.34 kB │ map:     1.22 kB
dist/assets/kayak-BEZNIUch.js                                     0.48 kB │ gzip:   0.32 kB │ map:     1.30 kB
dist/assets/scan-text-CHuiNTmS.js                                 0.48 kB │ gzip:   0.29 kB │ map:     1.47 kB
dist/assets/truck-BSFD96rJ.js                                     0.48 kB │ gzip:   0.32 kB │ map:     1.41 kB
dist/assets/cloud-snow-ATufA-Nj.js                                0.48 kB │ gzip:   0.29 kB │ map:     1.46 kB
dist/assets/file-digit-BgnDo69z.js                                0.48 kB │ gzip:   0.33 kB │ map:     1.43 kB
dist/assets/files-BNiclEA6.js                                     0.48 kB │ gzip:   0.31 kB │ map:     1.18 kB
dist/assets/mail-search-_LJ1aL4b.js                               0.48 kB │ gzip:   0.33 kB │ map:     1.38 kB
dist/assets/shield-ellipsis-rewkhJ1m.js                           0.48 kB │ gzip:   0.32 kB │ map:     1.33 kB
dist/assets/unfold-horizontal-DygAY95Z.js                         0.48 kB │ gzip:   0.29 kB │ map:     1.56 kB
dist/assets/anvil-DbZjc-j0.js                                     0.48 kB │ gzip:   0.30 kB │ map:     1.36 kB
dist/assets/cherry-B0CbPE1b.js                                    0.48 kB │ gzip:   0.32 kB │ map:     1.27 kB
dist/assets/file-chart-column-CXE9IhQY.js                         0.48 kB │ gzip:   0.31 kB │ map:     1.40 kB
dist/assets/github-BD4QY4XK.js                                    0.48 kB │ gzip:   0.35 kB │ map:     1.18 kB
dist/assets/mail-question-mark-BwpDLLzy.js                        0.48 kB │ gzip:   0.33 kB │ map:     1.35 kB
dist/assets/plane-takeoff-VzvkJZIw.js                             0.48 kB │ gzip:   0.34 kB │ map:     1.20 kB
dist/assets/printer-x-BkZ4GWmA.js                                 0.48 kB │ gzip:   0.30 kB │ map:     1.35 kB
dist/assets/unfold-vertical-DziGNjyp.js                           0.48 kB │ gzip:   0.29 kB │ map:     1.55 kB
dist/assets/aperture-BEDbwj6m.js                                  0.48 kB │ gzip:   0.31 kB │ map:     1.50 kB
dist/assets/brick-wall-L5XUe0Pp.js                                0.48 kB │ gzip:   0.29 kB │ map:     1.58 kB
dist/assets/cigarette-off-cgJftfiw.js                             0.48 kB │ gzip:   0.30 kB │ map:     1.42 kB
dist/assets/factory-DWfEoq0v.js                                   0.48 kB │ gzip:   0.31 kB │ map:     1.30 kB
dist/assets/waves-arrow-up-CwviYd-0.js                            0.48 kB │ gzip:   0.28 kB │ map:     1.36 kB
dist/assets/folder-git-DUGSZeKr.js                                0.48 kB │ gzip:   0.33 kB │ map:     1.28 kB
dist/assets/locate-fixed-dvCnh1K-.js                              0.48 kB │ gzip:   0.28 kB │ map:     1.64 kB
dist/assets/align-vertical-distribute-center-Cepeq6_U.js          0.48 kB │ gzip:   0.30 kB │ map:     1.61 kB
dist/assets/brush-cleaning-CUF7vDd2.js                            0.48 kB │ gzip:   0.31 kB │ map:     1.34 kB
dist/assets/circle-parking-off-CF8ZIoCO.js                        0.48 kB │ gzip:   0.32 kB │ map:     1.44 kB
dist/assets/cloud-moon-rain-CvsUbw2i.js                           0.48 kB │ gzip:   0.34 kB │ map:     1.34 kB
dist/assets/squirrel-DvEZRf6H.js                                  0.48 kB │ gzip:   0.33 kB │ map:     1.31 kB
dist/assets/text-cursor-input-DEFkdDuh.js                         0.48 kB │ gzip:   0.29 kB │ map:     1.38 kB
dist/assets/file-play-BhisWt7Y.js                                 0.48 kB │ gzip:   0.33 kB │ map:     1.29 kB
dist/assets/hamburger-B_AMiJ7C.js                                 0.48 kB │ gzip:   0.32 kB │ map:     1.32 kB
dist/assets/loader-BJsr63tj.js                                    0.48 kB │ gzip:   0.29 kB │ map:     1.52 kB
dist/assets/phone-missed-C1Jc8IWC.js                              0.48 kB │ gzip:   0.32 kB │ map:     1.26 kB
dist/assets/scissors-line-dashed-DXfFbF5O.js                      0.48 kB │ gzip:   0.31 kB │ map:     1.57 kB
dist/assets/toolbox-CMNZhUYo.js                                   0.48 kB │ gzip:   0.30 kB │ map:     1.37 kB
dist/assets/fileCommentAnnotations-BgdL_7u9.js                    0.48 kB │ gzip:   0.30 kB │ map:     2.77 kB
dist/assets/map-pin-house-8TyA2nf0.js                             0.48 kB │ gzip:   0.33 kB │ map:     1.39 kB
dist/assets/scan-heart-CANtyk1l.js                                0.48 kB │ gzip:   0.32 kB │ map:     1.39 kB
dist/assets/sticker-O5S0__8O.js                                   0.48 kB │ gzip:   0.31 kB │ map:     1.37 kB
dist/assets/zap-off-Dhwbfgoc.js                                   0.48 kB │ gzip:   0.33 kB │ map:     1.31 kB
dist/assets/git-pull-request-closed-C4WTT0IK.js                   0.48 kB │ gzip:   0.32 kB │ map:     1.46 kB
dist/assets/piggy-bank-TxiqEafw.js                                0.48 kB │ gzip:   0.31 kB │ map:     1.26 kB
dist/assets/roller-coaster-C33lUB1_.js                            0.48 kB │ gzip:   0.30 kB │ map:     1.49 kB
dist/assets/scan-barcode-D8iAJ-5s.js                              0.48 kB │ gzip:   0.29 kB │ map:     1.49 kB
dist/assets/wifi-pen-hCm8sBKY.js                                  0.48 kB │ gzip:   0.33 kB │ map:     1.32 kB
dist/assets/align-horizontal-distribute-center-BApP4bzI.js        0.48 kB │ gzip:   0.30 kB │ map:     1.62 kB
dist/assets/file-pen-line-C4fKItxv.js                             0.48 kB │ gzip:   0.32 kB │ map:     1.30 kB
dist/assets/tags-DJ78cxLQ.js                                      0.48 kB │ gzip:   0.34 kB │ map:     1.29 kB
dist/assets/tower-control-BQqrUd1f.js                             0.48 kB │ gzip:   0.31 kB │ map:     1.50 kB
dist/assets/carrot-Dchr_1zq.js                                    0.49 kB │ gzip:   0.34 kB │ map:     1.25 kB
dist/assets/phone-incoming-CKW_zxHh.js                            0.49 kB │ gzip:   0.32 kB │ map:     1.28 kB
dist/assets/phone-outgoing-BIHYKvnw.js                            0.49 kB │ gzip:   0.32 kB │ map:     1.28 kB
dist/assets/plane-landing-BuPeB-tj.js                             0.49 kB │ gzip:   0.35 kB │ map:     1.21 kB
dist/assets/cable-car-CPSdPyK9.js                                 0.49 kB │ gzip:   0.31 kB │ map:     1.59 kB
dist/assets/fire-extinguisher-hApqzS_Q.js                         0.49 kB │ gzip:   0.31 kB │ map:     1.45 kB
dist/assets/ham-DtyRYuhA.js                                       0.49 kB │ gzip:   0.32 kB │ map:     1.33 kB
dist/assets/server-crash-D548nVdd.js                              0.49 kB │ gzip:   0.29 kB │ map:     1.43 kB
dist/assets/badge-indian-rupee-CM3B0XLu.js                        0.49 kB │ gzip:   0.30 kB │ map:     1.36 kB
dist/assets/badge-question-mark-D10pj2bU.js                       0.49 kB │ gzip:   0.32 kB │ map:     1.34 kB
dist/assets/castle-DaHommWi.js                                    0.49 kB │ gzip:   0.30 kB │ map:     1.53 kB
dist/assets/clipboard-list-5leugCXI.js                            0.49 kB │ gzip:   0.31 kB │ map:     1.54 kB
dist/assets/clover-Dfm81iBH.js                                    0.49 kB │ gzip:   0.29 kB │ map:     1.25 kB
dist/assets/hand-coins-CqW3ylYE.js                                0.49 kB │ gzip:   0.34 kB │ map:     1.44 kB
dist/assets/notebook-text-ByWrrRgn.js                             0.49 kB │ gzip:   0.30 kB │ map:     1.61 kB
dist/assets/phone-forwarded-OlB2aK5R.js                           0.49 kB │ gzip:   0.32 kB │ map:     1.29 kB
dist/assets/shopping-basket-Cbzq9LKc.js                           0.49 kB │ gzip:   0.31 kB │ map:     1.50 kB
dist/assets/spotlight-Duu_ON5f.js                                 0.49 kB │ gzip:   0.33 kB │ map:     1.39 kB
dist/assets/sunset-BAv-Nbso.js                                    0.49 kB │ gzip:   0.30 kB │ map:     1.53 kB
dist/assets/map-minus-BRBnqDUQ.js                                 0.49 kB │ gzip:   0.33 kB │ map:     1.32 kB
dist/assets/sunrise-BPR-vXt9.js                                   0.49 kB │ gzip:   0.30 kB │ map:     1.54 kB
dist/assets/boom-box-wv7bHcl7.js                                  0.49 kB │ gzip:   0.32 kB │ map:     1.58 kB
dist/assets/camera-off-CFwl5FIj.js                                0.49 kB │ gzip:   0.33 kB │ map:     1.34 kB
dist/assets/transgender-TTjq3tke.js                               0.49 kB │ gzip:   0.31 kB │ map:     1.58 kB
dist/assets/browserLinkTarget-C9e-_X0I.js                         0.49 kB │ gzip:   0.34 kB │ map:     3.77 kB
dist/assets/file-code-corner-B34kvDMU.js                          0.49 kB │ gzip:   0.33 kB │ map:     1.30 kB
dist/assets/map-DOk8n7vi.js                                       0.49 kB │ gzip:   0.32 kB │ map:     1.24 kB
dist/assets/bot-off-BwwRPIlR.js                                   0.49 kB │ gzip:   0.31 kB │ map:     1.47 kB
dist/assets/calendar-range-Um99HqVf.js                            0.49 kB │ gzip:   0.31 kB │ map:     1.62 kB
dist/assets/folder-git-2-DLNcwr1J.js                              0.49 kB │ gzip:   0.34 kB │ map:     1.34 kB
dist/assets/group-gXeuTGIw.js                                     0.49 kB │ gzip:   0.33 kB │ map:     1.52 kB
dist/assets/redirect-D3L17tzd.js                                  0.49 kB │ gzip:   0.32 kB │ map:     3.38 kB
dist/assets/waypoints-CTFuHY7e.js                                 0.49 kB │ gzip:   0.30 kB │ map:     1.59 kB
dist/assets/barrel-C8rKruwr.js                                    0.49 kB │ gzip:   0.29 kB │ map:     1.38 kB
dist/assets/construction-DpAwsnD-.js                              0.49 kB │ gzip:   0.31 kB │ map:     1.61 kB
dist/assets/flashlight-off-D0oebW0L.js                            0.49 kB │ gzip:   0.33 kB │ map:     1.43 kB
dist/assets/headphone-off-BG0Y7ZTu.js                             0.49 kB │ gzip:   0.32 kB │ map:     1.41 kB
dist/assets/scan-face-DLFkiHuS.js                                 0.49 kB │ gzip:   0.31 kB │ map:     1.49 kB
dist/assets/align-center-vertical-DqGG9G0R.js                     0.50 kB │ gzip:   0.30 kB │ map:     1.41 kB
dist/assets/house-plug-D11c6Rl3.js                                0.50 kB │ gzip:   0.30 kB │ map:     1.35 kB
dist/assets/octagon-x-BmTSQZM4.js                                 0.50 kB │ gzip:   0.31 kB │ map:     1.26 kB
dist/assets/package-C6qeqGcE.js                                   0.50 kB │ gzip:   0.34 kB │ map:     1.27 kB
dist/assets/wine-off-eTMjJNz7.js                                  0.50 kB │ gzip:   0.35 kB │ map:     1.43 kB
dist/assets/badge-pound-sterling-ChF5qySS.js                      0.50 kB │ gzip:   0.31 kB │ map:     1.37 kB
dist/assets/biceps-flexed-DhY4-sNG.js                             0.50 kB │ gzip:   0.36 kB │ map:     1.29 kB
dist/assets/file-signal-gl5MHuoT.js                               0.50 kB │ gzip:   0.32 kB │ map:     1.40 kB
dist/assets/van-Cu9n6nku.js                                       0.50 kB │ gzip:   0.33 kB │ map:     1.44 kB
dist/assets/file-pen-BMoCiR1j.js                                  0.50 kB │ gzip:   0.34 kB │ map:     1.30 kB
dist/assets/package-minus-GO2np-K1.js                             0.50 kB │ gzip:   0.34 kB │ map:     1.45 kB
dist/assets/phone-call-BlIX4KRZ.js                                0.50 kB │ gzip:   0.32 kB │ map:     1.27 kB
dist/assets/pipette-D4HQN0Sq.js                                   0.50 kB │ gzip:   0.33 kB │ map:     1.24 kB
dist/assets/waves-BTPaKe9t.js                                     0.50 kB │ gzip:   0.27 kB │ map:     1.32 kB
dist/assets/file-type-CQGPLI6D.js                                 0.50 kB │ gzip:   0.32 kB │ map:     1.39 kB
dist/assets/alarm-smoke-Drg6-sKv.js                               0.50 kB │ gzip:   0.30 kB │ map:     1.39 kB
dist/assets/align-center-horizontal-BcDBjL6t.js                   0.50 kB │ gzip:   0.30 kB │ map:     1.42 kB
dist/assets/calendar-heart-CexT1ZQS.js                            0.50 kB │ gzip:   0.33 kB │ map:     1.43 kB
dist/assets/chart-candlestick-DyAnGO4E.js                         0.50 kB │ gzip:   0.32 kB │ map:     1.63 kB
dist/assets/file-chart-column-increasing-B5YePANV.js              0.50 kB │ gzip:   0.32 kB │ map:     1.47 kB
dist/assets/file-type-corner-CPNVxKrl.js                          0.50 kB │ gzip:   0.32 kB │ map:     1.42 kB
dist/assets/folder-sync-BGas5CQo.js                               0.50 kB │ gzip:   0.32 kB │ map:     1.40 kB
dist/assets/wand-Dvnim8Gq.js                                      0.50 kB │ gzip:   0.30 kB │ map:     1.59 kB
dist/assets/clock-fading-TQsd8BWo.js                              0.50 kB │ gzip:   0.32 kB │ map:     1.44 kB
dist/assets/file-sliders-CGvSTT_G.js                              0.50 kB │ gzip:   0.31 kB │ map:     1.47 kB
dist/assets/package-x-BDmluZr7.js                                 0.50 kB │ gzip:   0.34 kB │ map:     1.44 kB
dist/assets/atom-DOli-MaM.js                                      0.50 kB │ gzip:   0.33 kB │ map:     1.31 kB
dist/assets/bean-off-CKsIGqjY.js                                  0.50 kB │ gzip:   0.36 kB │ map:     1.41 kB
dist/assets/smile-plus-TBbISPLF.js                                0.50 kB │ gzip:   0.33 kB │ map:     1.46 kB
dist/assets/octagon-pause-2d7FDBmW.js                             0.50 kB │ gzip:   0.31 kB │ map:     1.29 kB
dist/assets/sliders-vertical-BWufGhBp.js                          0.50 kB │ gzip:   0.29 kB │ map:     1.64 kB
dist/assets/bot-message-square-CMmRJZ9O.js                        0.50 kB │ gzip:   0.31 kB │ map:     1.49 kB
dist/assets/megaphone-off-DN53Qxrf.js                             0.50 kB │ gzip:   0.33 kB │ map:     1.40 kB
dist/assets/package-check-Drvm2ajo.js                             0.50 kB │ gzip:   0.34 kB │ map:     1.46 kB
dist/assets/ruler-dimension-line-Cz46te8E.js                      0.50 kB │ gzip:   0.30 kB │ map:     1.65 kB
dist/assets/briefcase-conveyor-belt-_71fUTUx.js                   0.50 kB │ gzip:   0.32 kB │ map:     1.60 kB
dist/assets/calendar-arrow-up-D7BzC2Vy.js                         0.50 kB │ gzip:   0.33 kB │ map:     1.40 kB
dist/assets/medal-DV0qHLNZ.js                                     0.50 kB │ gzip:   0.34 kB │ map:     1.48 kB
dist/assets/replace-DwxyIfjl.js                                   0.50 kB │ gzip:   0.32 kB │ map:     1.55 kB
dist/assets/shredder-BxOoxQc-.js                                  0.50 kB │ gzip:   0.32 kB │ map:     1.52 kB
dist/assets/milk-off-DyMpAnj7.js                                  0.51 kB │ gzip:   0.34 kB │ map:     1.38 kB
dist/assets/book-open-text-DM3bWIni.js                            0.51 kB │ gzip:   0.30 kB │ map:     1.48 kB
dist/assets/combine-B-c6nE2X.js                                   0.51 kB │ gzip:   0.31 kB │ map:     1.54 kB
dist/assets/git-branch-plus-CWyOsNRU.js                           0.51 kB │ gzip:   0.32 kB │ map:     1.40 kB
dist/assets/route-off-BzvcyHn_.js                                 0.51 kB │ gzip:   0.33 kB │ map:     1.55 kB
dist/assets/file-archive-gqUchvFV.js                              0.51 kB │ gzip:   0.33 kB │ map:     1.50 kB
dist/assets/church-EvbdE6dT.js                                    0.51 kB │ gzip:   0.33 kB │ map:     1.43 kB
dist/assets/rat-UBvVMJX6.js                                       0.51 kB │ gzip:   0.34 kB │ map:     1.38 kB
dist/assets/chess-rook-BFK5-_HC.js                                0.51 kB │ gzip:   0.31 kB │ map:     1.51 kB
dist/assets/file-text-BadHUghW.js                                 0.51 kB │ gzip:   0.33 kB │ map:     1.35 kB
dist/assets/quote-BwpYYkVp.js                                     0.51 kB │ gzip:   0.28 kB │ map:     1.18 kB
dist/assets/unplug-V7JUM4ET.js                                    0.51 kB │ gzip:   0.32 kB │ map:     1.46 kB
dist/assets/calendar-arrow-down-B3PHQ2qd.js                       0.51 kB │ gzip:   0.33 kB │ map:     1.43 kB
dist/assets/clipboard-pen-CGGFwLHm.js                             0.51 kB │ gzip:   0.36 kB │ map:     1.42 kB
dist/assets/ear-off-BARULT_c.js                                   0.51 kB │ gzip:   0.36 kB │ map:     1.41 kB
dist/assets/fence-C1k6fZJF.js                                     0.51 kB │ gzip:   0.29 kB │ map:     1.49 kB
dist/assets/rabbit-BtepZcS1.js                                    0.51 kB │ gzip:   0.34 kB │ map:     1.40 kB
dist/assets/skeleton-C5b3fH2k.js                                  0.51 kB │ gzip:   0.38 kB │ map:     1.05 kB
dist/assets/chart-network-6nHuiPaQ.js                             0.51 kB │ gzip:   0.33 kB │ map:     1.60 kB
dist/assets/database-backup-FiwFv7hE.js                           0.51 kB │ gzip:   0.34 kB │ map:     1.54 kB
dist/assets/pizza-BVI07FV8.js                                     0.51 kB │ gzip:   0.34 kB │ map:     1.40 kB
dist/assets/rose--SXNpKER.js                                      0.51 kB │ gzip:   0.37 kB │ map:     1.44 kB
dist/assets/sandwich-BKLElc1s.js                                  0.51 kB │ gzip:   0.34 kB │ map:     1.43 kB
dist/assets/badge-japanese-yen-BDFOHv1c.js                        0.51 kB │ gzip:   0.31 kB │ map:     1.44 kB
dist/assets/traffic-cone-BAXfTrG2.js                              0.51 kB │ gzip:   0.35 kB │ map:     1.36 kB
dist/assets/volume-2-C40Ar0XD.js                                  0.51 kB │ gzip:   0.36 kB │ map:     1.23 kB
dist/assets/flower-2-BkJlbMN9.js                                  0.52 kB │ gzip:   0.33 kB │ map:     1.44 kB
dist/assets/shrimp-obfc3Ail.js                                    0.52 kB │ gzip:   0.34 kB │ map:     1.40 kB
dist/assets/leafy-green-D6bATtrS.js                               0.52 kB │ gzip:   0.35 kB │ map:     1.23 kB
dist/assets/hammer-CFe_BOm5.js                                    0.52 kB │ gzip:   0.36 kB │ map:     1.22 kB
dist/assets/school-DfGdW1_J.js                                    0.52 kB │ gzip:   0.34 kB │ map:     1.49 kB
dist/assets/chess-king-Dazi_V_X.js                                0.52 kB │ gzip:   0.35 kB │ map:     1.37 kB
dist/assets/bus-5Hh-CGfZ.js                                       0.52 kB │ gzip:   0.34 kB │ map:     1.57 kB
dist/assets/car-taxi-front-BumtKTGN.js                            0.52 kB │ gzip:   0.34 kB │ map:     1.59 kB
dist/assets/handshake-8tFqqO4n.js                                 0.52 kB │ gzip:   0.34 kB │ map:     1.42 kB
dist/assets/amphora-CT7CkKbr.js                                   0.52 kB │ gzip:   0.33 kB │ map:     1.46 kB
dist/assets/container-B8kVtkw_.js                                 0.52 kB │ gzip:   0.35 kB │ map:     1.42 kB
dist/assets/shovel-M1ffMjCv.js                                    0.52 kB │ gzip:   0.34 kB │ map:     1.31 kB
dist/assets/hand-grab-Znb_RK9S.js                                 0.52 kB │ gzip:   0.29 kB │ map:     1.40 kB
dist/assets/notebook-tabs-Bb1MFNKg.js                             0.52 kB │ gzip:   0.31 kB │ map:     1.70 kB
dist/assets/phone-off-Q5Ugi3Om.js                                 0.52 kB │ gzip:   0.34 kB │ map:     1.32 kB
dist/assets/server-off-B9v07kwL.js                                0.52 kB │ gzip:   0.33 kB │ map:     1.45 kB
dist/assets/bus-front-RC231Zse.js                                 0.52 kB │ gzip:   0.32 kB │ map:     1.68 kB
dist/assets/file-video-camera-DP0oHKgJ.js                         0.52 kB │ gzip:   0.37 kB │ map:     1.48 kB
dist/assets/footprints-CWit5NOx.js                                0.52 kB │ gzip:   0.35 kB │ map:     1.39 kB
dist/assets/squares-subtract-BpjsePof.js                          0.52 kB │ gzip:   0.31 kB │ map:     1.51 kB
dist/assets/createLucideIcon-Ca2YWi-e.js                          0.52 kB │ gzip:   0.37 kB │ map:     3.37 kB
dist/assets/map-plus-BOgdEkum.js                                  0.53 kB │ gzip:   0.34 kB │ map:     1.41 kB
dist/assets/ScopedSwitch-C_LI_RY4.js                              0.53 kB │ gzip:   0.38 kB │ map:     1.57 kB
dist/assets/cat-Dxdqq6jO.js                                       0.53 kB │ gzip:   0.37 kB │ map:     1.34 kB
dist/assets/film-2onMnblZ.js                                      0.53 kB │ gzip:   0.32 kB │ map:     1.55 kB
dist/assets/helicopter-DFTWNL0K.js                                0.53 kB │ gzip:   0.32 kB │ map:     1.60 kB
dist/assets/rocket-DgZ2DtdZ.js                                    0.53 kB │ gzip:   0.36 kB │ map:     1.39 kB
dist/assets/keyboard-music-C2C5uz9Y.js                            0.53 kB │ gzip:   0.31 kB │ map:     1.71 kB
dist/assets/tickets-plane-Bt9fHLr-.js                             0.53 kB │ gzip:   0.35 kB │ map:     1.59 kB
dist/assets/key-square-tjcMca0l.js                                0.53 kB │ gzip:   0.33 kB │ map:     1.34 kB
dist/assets/origami-KVs8eR-w.js                                   0.53 kB │ gzip:   0.36 kB │ map:     1.33 kB
dist/assets/file-badge-DtrQcPiZ.js                                0.53 kB │ gzip:   0.36 kB │ map:     1.43 kB
dist/assets/pointer-CF_4B40v.js                                   0.53 kB │ gzip:   0.32 kB │ map:     1.43 kB
dist/assets/train-front-tunnel-DyR3GxSa.js                        0.53 kB │ gzip:   0.33 kB │ map:     1.56 kB
dist/assets/earth-lock-CdPhL-n6.js                                0.53 kB │ gzip:   0.35 kB │ map:     1.52 kB
dist/assets/scan-eye-CwR2LQUe.js                                  0.53 kB │ gzip:   0.33 kB │ map:     1.52 kB
dist/assets/square-scissors-_PMGPBms.js                           0.53 kB │ gzip:   0.33 kB │ map:     1.72 kB
dist/assets/beer-FoCq5MYr.js                                      0.54 kB │ gzip:   0.34 kB │ map:     1.41 kB
dist/assets/volleyball-oyLJBW5N.js                                0.54 kB │ gzip:   0.34 kB │ map:     1.50 kB
dist/assets/tree-palm-D0F4B6TI.js                                 0.54 kB │ gzip:   0.38 kB │ map:     1.39 kB
dist/assets/file-scan-DpfAcujW.js                                 0.54 kB │ gzip:   0.32 kB │ map:     1.50 kB
dist/assets/heart-handshake-R3bFzmaK.js                           0.54 kB │ gzip:   0.35 kB │ map:     1.21 kB
dist/assets/chess-knight-D4cY0JMO.js                              0.54 kB │ gzip:   0.35 kB │ map:     1.47 kB
dist/assets/panel-top-bottom-dashed-BVeMpjI6.js                   0.54 kB │ gzip:   0.31 kB │ map:     1.76 kB
dist/assets/sun-dim-C6OE6tOG.js                                   0.54 kB │ gzip:   0.30 kB │ map:     1.67 kB
dist/assets/waves-arrow-down-CQKUXxGf.js                          0.54 kB │ gzip:   0.34 kB │ map:     1.43 kB
dist/assets/figma-BxZnkmYt.js                                     0.54 kB │ gzip:   0.30 kB │ map:     1.39 kB
dist/assets/siren-b8hOMoPc.js                                     0.54 kB │ gzip:   0.33 kB │ map:     1.59 kB
dist/assets/layers-BGwEW4bs.js                                    0.54 kB │ gzip:   0.33 kB │ map:     1.31 kB
dist/assets/onboarding-SCdVGfCk.js                                0.54 kB │ gzip:   0.33 kB │ map:     2.46 kB
dist/assets/pen-tool-Dj3EOU1O.js                                  0.54 kB │ gzip:   0.35 kB │ map:     1.43 kB
dist/assets/save-off-CJ-29izE.js                                  0.54 kB │ gzip:   0.34 kB │ map:     1.54 kB
dist/assets/image-off-ClbBvOjy.js                                 0.54 kB │ gzip:   0.35 kB │ map:     1.63 kB
dist/assets/panel-left-right-dashed-D8F9CqxV.js                   0.54 kB │ gzip:   0.31 kB │ map:     1.76 kB
dist/assets/circle-fading-plus-CHVf5Wva.js                        0.55 kB │ gzip:   0.33 kB │ map:     1.57 kB
dist/assets/ferris-wheel-BDbFY4du.js                              0.55 kB │ gzip:   0.33 kB │ map:     1.70 kB
dist/assets/file-braces-corner-Pua1AzFF.js                        0.55 kB │ gzip:   0.32 kB │ map:     1.45 kB
dist/assets/salad-Cb_51hIH.js                                     0.55 kB │ gzip:   0.33 kB │ map:     1.43 kB
dist/assets/cloud-sun-rain-CHMQwEu-.js                            0.55 kB │ gzip:   0.33 kB │ map:     1.62 kB
dist/assets/file-chart-pie-7S-g96a3.js                            0.55 kB │ gzip:   0.36 kB │ map:     1.43 kB
dist/assets/hand-platter-DdoiJZeU.js                              0.55 kB │ gzip:   0.36 kB │ map:     1.52 kB
dist/assets/trophy-DbCCCjlY.js                                    0.55 kB │ gzip:   0.33 kB │ map:     1.47 kB
dist/assets/wifi-sync-BwHq5JJc.js                                 0.55 kB │ gzip:   0.34 kB │ map:     1.54 kB
dist/assets/message-square-heart-COHN0Ts7.js                      0.55 kB │ gzip:   0.36 kB │ map:     1.33 kB
dist/assets/ship-DxVNnFnW.js                                      0.55 kB │ gzip:   0.33 kB │ map:     1.46 kB
dist/assets/microchip-DNqc9e2j.js                                 0.55 kB │ gzip:   0.31 kB │ map:     1.78 kB
dist/assets/mouse-pointer-click-E2KHA1b7.js                       0.55 kB │ gzip:   0.37 kB │ map:     1.43 kB
dist/assets/lamp-desk-DsZKSh5i.js                                 0.55 kB │ gzip:   0.35 kB │ map:     1.40 kB
dist/assets/map-pin-off-DRbh7Zo8.js                               0.55 kB │ gzip:   0.37 kB │ map:     1.45 kB
dist/assets/notebook-pen-CotnMj8Q.js                              0.55 kB │ gzip:   0.34 kB │ map:     1.52 kB
dist/assets/eye-off-BzegLpsb.js                                   0.55 kB │ gzip:   0.36 kB │ map:     1.35 kB
dist/assets/webhook-off-BD1SMl_d.js                               0.55 kB │ gzip:   0.36 kB │ map:     1.55 kB
dist/assets/cake-C5xY5oaD.js                                      0.56 kB │ gzip:   0.31 kB │ map:     1.65 kB
dist/assets/circle-star-Bdca4FSJ.js                               0.56 kB │ gzip:   0.36 kB │ map:     1.30 kB
dist/assets/image-upscale-BR8oWKfv.js                             0.56 kB │ gzip:   0.35 kB │ map:     1.68 kB
dist/assets/solar-panel-DrwDI8cJ.js                               0.56 kB │ gzip:   0.35 kB │ map:     1.59 kB
dist/assets/sun-medium-D7H-lr_c.js                                0.56 kB │ gzip:   0.32 kB │ map:     1.70 kB
dist/assets/drill-BABmHSOB.js                                     0.56 kB │ gzip:   0.33 kB │ map:     1.52 kB
dist/assets/soap-dispenser-droplet-BkFLIkTg.js                    0.56 kB │ gzip:   0.37 kB │ map:     1.48 kB
dist/assets/layers-plus-Ci9voNg_.js                               0.56 kB │ gzip:   0.33 kB │ map:     1.46 kB
dist/assets/octagon-alert-YdvD1QNr.js                             0.56 kB │ gzip:   0.33 kB │ map:     1.29 kB
dist/assets/sliders-horizontal-Yi-nVuaP.js                        0.56 kB │ gzip:   0.32 kB │ map:     1.65 kB
dist/assets/cctv-DZLaKQXf.js                                      0.56 kB │ gzip:   0.36 kB │ map:     1.47 kB
dist/assets/thermometer-snowflake-Ddv8M9t3.js                     0.56 kB │ gzip:   0.35 kB │ map:     1.67 kB
dist/assets/circle-fading-arrow-up-voGtZkuU.js                    0.56 kB │ gzip:   0.34 kB │ map:     1.61 kB
dist/assets/file-spreadsheet-Bde8tHPz.js                          0.56 kB │ gzip:   0.34 kB │ map:     1.49 kB
dist/assets/label-Vf9--weI.js                                     0.56 kB │ gzip:   0.41 kB │ map:     1.57 kB
dist/assets/cable-CSH44ZkY.js                                     0.56 kB │ gzip:   0.32 kB │ map:     1.57 kB
dist/assets/package-search-CJnZNAHG.js                            0.56 kB │ gzip:   0.38 kB │ map:     1.62 kB
dist/assets/square-dashed-top-solid-BGhVIN2K.js                   0.56 kB │ gzip:   0.31 kB │ map:     1.73 kB
dist/assets/pointer-off-CzuWCTiy.js                               0.56 kB │ gzip:   0.36 kB │ map:     1.55 kB
dist/assets/scan-qr-code-BqC3MgtS.js                              0.57 kB │ gzip:   0.35 kB │ map:     1.69 kB
dist/assets/calendar-sync-DVJe1uiL.js                             0.57 kB │ gzip:   0.34 kB │ map:     1.64 kB
dist/assets/store-BF7KTNwJ.js                                     0.57 kB │ gzip:   0.34 kB │ map:     1.33 kB
dist/assets/hand-heart-ZyZPWQhf.js                                0.57 kB │ gzip:   0.39 kB │ map:     1.44 kB
dist/assets/square-star-Bn2A03sD.js                               0.57 kB │ gzip:   0.38 kB │ map:     1.34 kB
dist/assets/calendar-days-tbptMSyI.js                             0.57 kB │ gzip:   0.32 kB │ map:     1.81 kB
dist/assets/clipboard-pen-line-VnU8JJPM.js                        0.57 kB │ gzip:   0.37 kB │ map:     1.56 kB
dist/assets/radar-Nw_otVfu.js                                     0.57 kB │ gzip:   0.36 kB │ map:     1.64 kB
dist/assets/shower-head-vVtrSWoz.js                               0.57 kB │ gzip:   0.31 kB │ map:     1.75 kB
dist/assets/grip-BRH8zlWD.js                                      0.57 kB │ gzip:   0.28 kB │ map:     1.91 kB
dist/assets/hotel-DCuQ_uui.js                                     0.58 kB │ gzip:   0.33 kB │ map:     1.79 kB
dist/assets/use-atom-command-co1aN6gg.js                          0.58 kB │ gzip:   0.38 kB │ map:     1.91 kB
dist/assets/chart-scatter-N9Ahyvbm.js                             0.58 kB │ gzip:   0.30 kB │ map:     1.73 kB
dist/assets/dam-1ZJidHrH.js                                       0.58 kB │ gzip:   0.33 kB │ map:     1.58 kB
dist/assets/refresh-cw-off-BwcsvBuQ.js                            0.58 kB │ gzip:   0.36 kB │ map:     1.59 kB
dist/assets/panda-CPRYk-CA.js                                     0.58 kB │ gzip:   0.37 kB │ map:     1.53 kB
dist/assets/radio-tower-CdHyaNwq.js                               0.58 kB │ gzip:   0.38 kB │ map:     1.55 kB
dist/assets/useAriaLabelledBy-DYPj3o2A.js                         0.58 kB │ gzip:   0.40 kB │ map:     3.08 kB
dist/assets/codeowners-C8r90Shi.js                                0.58 kB │ gzip:   0.34 kB │ map:     1.08 kB
dist/assets/package-plus-fkAXI3D3.js                              0.58 kB │ gzip:   0.38 kB │ map:     1.54 kB
dist/assets/wifi-off-DcIIKpw6.js                                  0.58 kB │ gzip:   0.36 kB │ map:     1.52 kB
dist/assets/brick-wall-fire-Cu0YQT8x.js                           0.59 kB │ gzip:   0.37 kB │ map:     1.64 kB
dist/assets/ambulance-xmwE6H94.js                                 0.59 kB │ gzip:   0.36 kB │ map:     1.67 kB
dist/assets/file-volume-DeQNma4b.js                               0.59 kB │ gzip:   0.37 kB │ map:     1.47 kB
dist/assets/wand-sparkles-DzdRFXP3.js                             0.59 kB │ gzip:   0.35 kB │ map:     1.69 kB
dist/assets/sun-Vt_jtVp9.js                                       0.59 kB │ gzip:   0.34 kB │ map:     1.65 kB
dist/assets/star-B_cA_VJ0.js                                      0.59 kB │ gzip:   0.39 kB │ map:     1.16 kB
dist/assets/ship-wheel-C1ExoYC9.js                                0.59 kB │ gzip:   0.34 kB │ map:     1.83 kB
dist/assets/star-off-jevoE8r_.js                                  0.59 kB │ gzip:   0.38 kB │ map:     1.39 kB
dist/assets/file-braces-CAZBmoo7.js                               0.60 kB │ gzip:   0.35 kB │ map:     1.41 kB
dist/assets/soup-BNSIhJC8.js                                      0.60 kB │ gzip:   0.33 kB │ map:     1.59 kB
dist/assets/tool-case-QBVCuSMo.js                                 0.60 kB │ gzip:   0.39 kB │ map:     1.49 kB
dist/assets/university-BAdhYbZl.js                                0.60 kB │ gzip:   0.36 kB │ map:     1.65 kB
dist/assets/spray-can-CmmsLB31.js                                 0.60 kB │ gzip:   0.34 kB │ map:     1.81 kB
dist/assets/unlink-qcwG0l9Q.js                                    0.60 kB │ gzip:   0.35 kB │ map:     1.74 kB
dist/assets/theater-BV4ZW8Fb.js                                   0.60 kB │ gzip:   0.32 kB │ map:     1.72 kB
dist/assets/guitar-C445VWim.js                                    0.60 kB │ gzip:   0.37 kB │ map:     1.46 kB
dist/assets/hand-fist-93K72k4n.js                                 0.60 kB │ gzip:   0.38 kB │ map:     1.44 kB
dist/assets/user-star-ng9pFEAn.js                                 0.60 kB │ gzip:   0.39 kB │ map:     1.40 kB
dist/assets/volume-off-CGHbichn.js                                0.60 kB │ gzip:   0.40 kB │ map:     1.45 kB
dist/assets/radiation-BajcG1Uj.js                                 0.60 kB │ gzip:   0.36 kB │ map:     1.50 kB
dist/assets/calculator-o_mZ7IjS.js                                0.60 kB │ gzip:   0.34 kB │ map:     1.92 kB
dist/assets/keyboard-off-gb6jFV_o.js                              0.60 kB │ gzip:   0.34 kB │ map:     1.80 kB
dist/assets/folder-tree-D31rVYi1.js                               0.61 kB │ gzip:   0.35 kB │ map:     1.43 kB
dist/assets/bow-arrow-B42UOTPC.js                                 0.61 kB │ gzip:   0.38 kB │ map:     1.52 kB
dist/assets/heater-D-CamQiH.js                                    0.61 kB │ gzip:   0.32 kB │ map:     1.79 kB
dist/assets/truck-electric-Cw0yWgQj.js                            0.61 kB │ gzip:   0.37 kB │ map:     1.72 kB
dist/assets/tractor-BI5sNkzO.js                                   0.61 kB │ gzip:   0.37 kB │ map:     1.77 kB
dist/assets/file-box-nJTZH0AQ.js                                  0.61 kB │ gzip:   0.38 kB │ map:     1.54 kB
dist/assets/grape-c4v_MzD5.js                                     0.61 kB │ gzip:   0.33 kB │ map:     1.93 kB
dist/assets/lasso-select-BVTl0xMn.js                              0.62 kB │ gzip:   0.40 kB │ map:     1.56 kB
dist/assets/sparkles-Ddqs0duP.js                                  0.62 kB │ gzip:   0.37 kB │ map:     1.42 kB
dist/assets/drone-CkHcoRtB.js                                     0.62 kB │ gzip:   0.36 kB │ map:     1.78 kB
dist/assets/swords-BqYyPvQU.js                                    0.62 kB │ gzip:   0.34 kB │ map:     1.91 kB
dist/assets/codesandbox-DJHj8728.js                               0.63 kB │ gzip:   0.37 kB │ map:     1.64 kB
dist/assets/message-square-dashed-CsG8zfzD.js                     0.63 kB │ gzip:   0.35 kB │ map:     1.85 kB
dist/assets/drama-CMT_-wcE.js                                     0.63 kB │ gzip:   0.39 kB │ map:     1.70 kB
dist/assets/triangle-dashed-CTLT0KMf.js                           0.63 kB │ gzip:   0.36 kB │ map:     1.77 kB
dist/assets/paint-bucket-Co4yz2Oq.js                              0.63 kB │ gzip:   0.39 kB │ map:     1.51 kB
dist/assets/dumbbell-C6Gx1CDQ.js                                  0.63 kB │ gzip:   0.35 kB │ map:     1.56 kB
dist/assets/binoculars-DQ5-znC6.js                                0.63 kB │ gzip:   0.34 kB │ map:     1.63 kB
dist/assets/WorkspacePageContainer-BffSiYgI.js                    0.63 kB │ gzip:   0.46 kB │ map:     1.82 kB
dist/assets/building-uGsjsT27.js                                  0.64 kB │ gzip:   0.34 kB │ map:     1.92 kB
dist/assets/vector-square-BydAAfDL.js                             0.64 kB │ gzip:   0.32 kB │ map:     1.93 kB
dist/assets/candy-CoPQu6Su.js                                     0.64 kB │ gzip:   0.36 kB │ map:     1.59 kB
dist/assets/sun-snow-Cm9GrDAq.js                                  0.64 kB │ gzip:   0.36 kB │ map:     1.88 kB
dist/assets/puzzle-BzopkTVb.js                                    0.64 kB │ gzip:   0.32 kB │ map:     1.28 kB
dist/assets/replace-all-BrO7wb1w.js                               0.64 kB │ gzip:   0.35 kB │ map:     1.83 kB
dist/assets/chess-queen-DKqF0rlu.js                               0.64 kB │ gzip:   0.38 kB │ map:     1.80 kB
dist/assets/table-columns-split-CQKChaCw.js                       0.64 kB │ gzip:   0.34 kB │ map:     1.92 kB
dist/assets/table-rows-split-BnjjV2uc.js                          0.64 kB │ gzip:   0.34 kB │ map:     1.91 kB
dist/assets/square-dashed-B--yLd0h.js                             0.65 kB │ gzip:   0.32 kB │ map:     1.96 kB
dist/assets/recycle-DxjSochF.js                                   0.65 kB │ gzip:   0.40 kB │ map:     1.68 kB
dist/assets/ribbon-CIgZW5Mz.js                                    0.65 kB │ gzip:   0.42 kB │ map:     1.56 kB
dist/assets/package-open-BuiL-USL.js                              0.66 kB │ gzip:   0.39 kB │ map:     1.57 kB
dist/assets/book-dashed-D6NChupn.js                               0.66 kB │ gzip:   0.35 kB │ map:     1.91 kB
dist/assets/flower-jjO2o4AH.js                                    0.66 kB │ gzip:   0.36 kB │ map:     1.89 kB
dist/assets/memory-stick-DYqwsKqx.js                              0.66 kB │ gzip:   0.36 kB │ map:     1.90 kB
dist/assets/nut-C_Ylqdi8.js                                       0.66 kB │ gzip:   0.44 kB │ map:     1.44 kB
dist/assets/pickaxe-BLky0abq.js                                   0.66 kB │ gzip:   0.40 kB │ map:     1.56 kB
dist/assets/croissant-CKi_Q905.js                                 0.67 kB │ gzip:   0.38 kB │ map:     1.57 kB
dist/assets/paintbrush-kX9abrUE.js                                0.67 kB │ gzip:   0.43 kB │ map:     1.42 kB
dist/assets/dna-off-De_-v7tZ.js                                   0.67 kB │ gzip:   0.39 kB │ map:     1.84 kB
dist/assets/slack-D62h3sek.js                                     0.67 kB │ gzip:   0.36 kB │ map:     1.94 kB
dist/assets/satellite-BPJzNEWk.js                                 0.68 kB │ gzip:   0.35 kB │ map:     1.65 kB
dist/assets/fish-CX2V8rV-.js                                      0.68 kB │ gzip:   0.43 kB │ map:     1.69 kB
dist/assets/message-circle-dashed-BmpPaF_C.js                     0.68 kB │ gzip:   0.38 kB │ map:     1.79 kB
dist/assets/pencil-ruler-lLr-3FaP.js                              0.69 kB │ gzip:   0.42 kB │ map:     1.65 kB
dist/assets/telescope-BWz_TIwx.js                                 0.69 kB │ gzip:   0.43 kB │ map:     1.78 kB
dist/assets/beer-off-BYSiEOtR.js                                  0.69 kB │ gzip:   0.42 kB │ map:     1.79 kB
dist/assets/dna-BAg-4QHq.js                                       0.69 kB │ gzip:   0.39 kB │ map:     1.92 kB
dist/assets/fingerprint-pattern-Bl5bREJg.js                       0.69 kB │ gzip:   0.41 kB │ map:     1.86 kB
dist/assets/gamepad-2-ZB5_hPtO.js                                 0.69 kB │ gzip:   0.44 kB │ map:     1.75 kB
dist/assets/brain-DAa_6ML4.js                                     0.70 kB │ gzip:   0.40 kB │ map:     1.69 kB
dist/assets/snowflake-DcZM2koC.js                                 0.70 kB │ gzip:   0.38 kB │ map:     2.02 kB
dist/assets/circle-dashed-DM2FwuxD.js                             0.70 kB │ gzip:   0.38 kB │ map:     1.72 kB
dist/assets/squares-intersect-Dsy9sVPy.js                         0.71 kB │ gzip:   0.35 kB │ map:     2.00 kB
dist/assets/bug-play-92oOU1qD.js                                  0.71 kB │ gzip:   0.39 kB │ map:     1.86 kB
dist/assets/square-dashed-mouse-pointer-DY42gBHU.js               0.71 kB │ gzip:   0.39 kB │ map:     1.99 kB
dist/assets/squircle-dashed-BstO9xKW.js                           0.71 kB │ gzip:   0.40 kB │ map:     1.80 kB
dist/assets/dog-cchbvmE1.js                                       0.71 kB │ gzip:   0.46 kB │ map:     1.62 kB
dist/assets/cannabis-off-CXa_l2gQ.js                              0.71 kB │ gzip:   0.45 kB │ map:     1.75 kB
dist/assets/notepad-text-dashed-Dnj-aXev.js                       0.71 kB │ gzip:   0.35 kB │ map:     2.12 kB
dist/assets/user-cog-CPSCQo3f.js                                  0.72 kB │ gzip:   0.39 kB │ map:     2.02 kB
dist/assets/cloud-cog-xcwJhapv.js                                 0.72 kB │ gzip:   0.40 kB │ map:     1.88 kB
dist/assets/brick-wall-shield-D2ufy8-M.js                         0.72 kB │ gzip:   0.42 kB │ map:     1.84 kB
dist/assets/circle-dot-dashed-DzIklw1p.js                         0.72 kB │ gzip:   0.38 kB │ map:     1.91 kB
dist/assets/candy-off-A86jXOzI.js                                 0.73 kB │ gzip:   0.40 kB │ map:     1.80 kB
dist/assets/columns-3-cog-mvgnksuX.js                             0.73 kB │ gzip:   0.40 kB │ map:     2.08 kB
dist/assets/fish-off-MVmECcPm.js                                  0.73 kB │ gzip:   0.47 kB │ map:     1.57 kB
dist/assets/user-round-cog-s2xCJ1w6.js                            0.73 kB │ gzip:   0.40 kB │ map:     2.06 kB
dist/assets/vault-ykN3DAJz.js                                     0.74 kB │ gzip:   0.36 kB │ map:     2.15 kB
dist/assets/receipt-text-CGjMszu5.js                              0.74 kB │ gzip:   0.34 kB │ map:     1.58 kB
dist/assets/cog-uPqy-L3B.js                                       0.74 kB │ gzip:   0.38 kB │ map:     2.21 kB
dist/assets/bug-D6HrZNap.js                                       0.75 kB │ gzip:   0.41 kB │ map:     1.91 kB
dist/assets/text-select-BRAHv5cM.js                               0.75 kB │ gzip:   0.35 kB │ map:     2.24 kB
dist/assets/biohazard-BQqHFxW4.js                                 0.75 kB │ gzip:   0.44 kB │ map:     1.97 kB
dist/assets/bug-off-BtdTUfhg.js                                   0.76 kB │ gzip:   0.41 kB │ map:     2.06 kB
dist/assets/folder-cog-B2VKOQph.js                                0.76 kB │ gzip:   0.41 kB │ map:     2.01 kB
dist/assets/shellsession-C2X1h4TA.js                              0.76 kB │ gzip:   0.46 kB │ map:     1.32 kB
dist/assets/cpu-CSi7JbMx.js                                       0.76 kB │ gzip:   0.37 kB │ map:     2.21 kB
dist/assets/component-BTEkDovB.js                                 0.76 kB │ gzip:   0.32 kB │ map:     1.70 kB
dist/assets/square-dashed-kanban-BeFizJp1.js                      0.77 kB │ gzip:   0.36 kB │ map:     2.30 kB
dist/assets/tsv-sltzmVWM.js                                       0.77 kB │ gzip:   0.37 kB │ map:     1.37 kB
dist/assets/qr-code-AbBqBTlw.js                                   0.77 kB │ gzip:   0.39 kB │ map:     2.17 kB
dist/assets/monitor-cog-BFdIvm-x.js                               0.77 kB │ gzip:   0.41 kB │ map:     2.12 kB
dist/assets/nut-off-FjAQXlzW.js                                   0.78 kB │ gzip:   0.50 kB │ map:     1.74 kB
dist/assets/wifi-cog-D9HicknE.js                                  0.79 kB │ gzip:   0.43 kB │ map:     2.13 kB
dist/assets/party-popper-DonJW34w.js                              0.81 kB │ gzip:   0.47 kB │ map:     2.01 kB
dist/assets/query-I0cRiRR_.js                                     0.81 kB │ gzip:   0.53 kB │ map:     2.97 kB
dist/assets/gamepad-directional-BwOaSGs4.js                       0.81 kB │ gzip:   0.40 kB │ map:     1.79 kB
dist/assets/pair-BKNPX9KM.js                                      0.82 kB │ gzip:   0.53 kB │ map:     2.56 kB
dist/assets/calendar-cog-eig8XKQB.js                              0.82 kB │ gzip:   0.44 kB │ map:     2.24 kB
dist/assets/file-cog-DWHiuROJ.js                                  0.83 kB │ gzip:   0.45 kB │ map:     2.20 kB
dist/assets/useT3ProjectFileScripts--qf0d3ID.js                   0.84 kB │ gzip:   0.52 kB │ map:     3.97 kB
dist/assets/brain-circuit-yVTa3uLY.js                             0.88 kB │ gzip:   0.45 kB │ map:     2.41 kB
dist/assets/providerDriverMeta-B158dmrQ.js                        0.89 kB │ gzip:   0.44 kB │ map:     5.00 kB
dist/assets/html-derivative-CQzeF-wo.js                           0.89 kB │ gzip:   0.49 kB │ map:     1.42 kB
dist/assets/server-cog-SPxEA8YC.js                                0.90 kB │ gzip:   0.44 kB │ map:     2.28 kB
dist/assets/useScopedModelAvailability-CKMAP2Mq.js                0.91 kB │ gzip:   0.56 kB │ map:     3.95 kB
dist/assets/boxes-Cmy32Aa8.js                                     0.92 kB │ gzip:   0.45 kB │ map:     2.31 kB
dist/assets/pullRequestIcons-CXpVPbpg.js                          0.92 kB │ gzip:   0.44 kB │ map:     2.52 kB
dist/assets/wheat-nzlcvZOu.js                                     0.95 kB │ gzip:   0.39 kB │ map:     2.19 kB
dist/assets/kbd-Bv9hAFtF.js                                       0.95 kB │ gzip:   0.48 kB │ map:     2.02 kB
dist/assets/square-bottom-dashed-scissors-CUXyKgH8.js             0.97 kB │ gzip:   0.46 kB │ map:     2.87 kB
dist/assets/wheat-off-CmMF7ScJ.js                                 1.00 kB │ gzip:   0.51 kB │ map:     2.39 kB
dist/assets/draft-input-Dr32iNFW.js                               1.03 kB │ gzip:   0.66 kB │ map:     4.43 kB
dist/assets/git-rebase-BcBKSUGr.js                                1.03 kB │ gzip:   0.47 kB │ map:     1.67 kB
dist/assets/qmldir-DCQb3MpD.js                                    1.03 kB │ gzip:   0.48 kB │ map:     1.73 kB
dist/assets/hop-off-DnfyhJpQ.js                                   1.04 kB │ gzip:   0.58 kB │ map:     2.31 kB
dist/assets/brain-cog-Cf0AddUQ.js                                 1.09 kB │ gzip:   0.53 kB │ map:     2.69 kB
dist/assets/hop-D0-oyXcv.js                                       1.09 kB │ gzip:   0.59 kB │ map:     2.35 kB
dist/assets/csv-Dx-8-gkx.js                                       1.17 kB │ gzip:   0.40 kB │ map:     1.99 kB
dist/assets/ExpandableText-BtjBxXEM.js                            1.22 kB │ gzip:   0.77 kB │ map:     3.35 kB
dist/assets/WorkspaceBreadcrumb-DoDZA-Tj.js                       1.25 kB │ gzip:   0.67 kB │ map:     3.46 kB
dist/assets/git-commit-BSykSTBG.js                                1.27 kB │ gzip:   0.56 kB │ map:     2.03 kB
dist/assets/git-ZPHVnaZY.js                                       1.29 kB │ gzip:   0.62 kB │ map:    16.20 kB
dist/assets/WorkspacePageHeader-KWgPa8w0.js                       1.37 kB │ gzip:   0.71 kB │ map:     2.79 kB
dist/assets/NoProjectsHero-CzwhIFww.js                            1.37 kB │ gzip:   0.70 kB │ map:     2.85 kB
dist/assets/discovery-list-eg3d8iVC.js                            1.39 kB │ gzip:   0.76 kB │ map:     2.91 kB
dist/assets/xsl-Ce7BkMKj.js                                       1.40 kB │ gzip:   0.53 kB │ map:     2.18 kB
dist/assets/FieldControl-B9efCUfm.js                              1.42 kB │ gzip:   0.82 kB │ map:     6.56 kB
dist/assets/dotenv-_5a1GRtc.js                                    1.45 kB │ gzip:   0.56 kB │ map:     2.33 kB
dist/assets/sparql-D_iOobhT.js                                    1.52 kB │ gzip:   0.84 kB │ map:     2.10 kB
dist/assets/ini-B5eOa1yu.js                                       1.55 kB │ gzip:   0.52 kB │ map:     2.47 kB
dist/assets/RedactedSensitiveText-CbDKUpSZ.js                     1.59 kB │ gzip:   0.97 kB │ map:     4.68 kB
dist/assets/providerStatus-cAfw1iwh.js                            1.62 kB │ gzip:   0.73 kB │ map:     6.26 kB
dist/assets/spinner-Bp2CJuvz.js                                   1.70 kB │ gzip:   0.82 kB │ map:     5.54 kB
dist/assets/fortran-fixed-form-DEKoE2YW.js                        1.71 kB │ gzip:   0.72 kB │ map:     2.71 kB
dist/assets/EnvironmentMachineIcon-BHU4iv6-.js                    1.72 kB │ gzip:   0.82 kB │ map:     4.88 kB
dist/assets/ConnectionStatusDot-B7zotTyi.js                       1.73 kB │ gzip:   0.92 kB │ map:     4.52 kB
dist/assets/mediaSource-vgwQMLie.js                               1.74 kB │ gzip:   0.87 kB │ map:     9.83 kB
dist/assets/useResizeDrag-DImvDNEt.js                             1.77 kB │ gzip:   0.82 kB │ map:     7.13 kB
dist/assets/docker-IyjqRm3v.js                                    1.77 kB │ gzip:   0.63 kB │ map:     2.64 kB
dist/assets/hxml-B0Qn7Nwc.js                                      1.78 kB │ gzip:   0.91 kB │ map:     2.47 kB
dist/assets/desktop-Dlh5hvp9.js                                   1.87 kB │ gzip:   0.78 kB │ map:     2.75 kB
dist/assets/textarea-Dwl3jRW2.js                                  2.00 kB │ gzip:   1.00 kB │ map:     3.72 kB
dist/assets/attachments-CMwx_HIB.js                               2.05 kB │ gzip:   0.89 kB │ map:    12.49 kB
dist/assets/AnimatedHeight-BzcyoJnM.js                            2.15 kB │ gzip:   1.09 kB │ map:     7.12 kB
dist/assets/erb-Drnws3Xt.js                                       2.17 kB │ gzip:   0.65 kB │ map:     3.29 kB
dist/assets/sidebarProjectGrouping-3y4YoiUe.js                    2.18 kB │ gzip:   0.82 kB │ map:    10.54 kB
dist/assets/wenyan-C8pVoKbM.js                                    2.19 kB │ gzip:   1.13 kB │ map:     3.18 kB
dist/assets/jssm-DXw9l8Rf.js                                      2.27 kB │ gzip:   0.64 kB │ map:     3.39 kB
dist/assets/session-CH_xHcXi.js                                   2.30 kB │ gzip:   1.13 kB │ map:    13.14 kB
dist/assets/edge-Cor1qezv.js                                      2.34 kB │ gzip:   0.70 kB │ map:     3.55 kB
dist/assets/reg-CRGYupPL.js                                       2.37 kB │ gzip:   0.72 kB │ map:     3.51 kB
dist/assets/usePermissionStatus-DgYncNhH.js                       2.38 kB │ gzip:   1.24 kB │ map:     7.27 kB
dist/assets/input-BP8Ruujq.js                                     2.51 kB │ gzip:   1.08 kB │ map:     5.69 kB
dist/assets/diff-woXpYk--.js                                      2.60 kB │ gzip:   0.72 kB │ map:     3.86 kB
dist/assets/gleam-CSRkHgEL.js                                     2.61 kB │ gzip:   0.85 kB │ map:     3.99 kB
dist/assets/hy-CZbG8q4J.js                                        2.68 kB │ gzip:   1.21 kB │ map:     3.69 kB
dist/assets/SettingsScopeNotice-Bj5DZQc-.js                       2.70 kB │ gzip:   1.42 kB │ map:     8.33 kB
dist/assets/standalone-page-AzN92906.js                           2.79 kB │ gzip:   1.21 kB │ map:     5.40 kB
dist/assets/openscad-BUDT5pXO.js                                  2.86 kB │ gzip:   1.04 kB │ map:     4.22 kB
dist/assets/log-BNLmms1o.js                                       2.88 kB │ gzip:   0.93 kB │ map:     4.35 kB
dist/assets/json-fCkOB0Pt.js                                      2.92 kB │ gzip:   0.84 kB │ map:     4.31 kB
dist/assets/cairo-DLTphjLi.js                                     2.97 kB │ gzip:   0.83 kB │ map:     4.53 kB
dist/assets/BranchToolbar.logic-BIncrIGo.js                       3.01 kB │ gzip:   1.25 kB │ map:    16.11 kB
dist/assets/berry-DKpUyyne.js                                     3.04 kB │ gzip:   0.84 kB │ map:     4.84 kB
dist/assets/jsonl-CmCQp5Yx.js                                     3.04 kB │ gzip:   0.82 kB │ map:     4.50 kB
dist/assets/FileDiff-DSijg8dH.js                                  3.06 kB │ gzip:   1.18 kB │ map:     8.55 kB
dist/assets/jsonc-CYpm1nAK.js                                     3.14 kB │ gzip:   0.82 kB │ map:     4.60 kB
dist/assets/logo-Cluzi2Zq.js                                      3.16 kB │ gzip:   1.50 kB │ map:     3.81 kB
dist/assets/po-BiJDBrnU.js                                        3.27 kB │ gzip:   0.94 kB │ map:     5.08 kB
dist/assets/json5-BR5RXkoi.js                                     3.29 kB │ gzip:   0.86 kB │ map:     4.95 kB
dist/assets/mipsasm-BMqwQI7S.js                                   3.29 kB │ gzip:   1.21 kB │ map:     4.67 kB
dist/assets/tasl-DMoTqEGO.js                                      3.32 kB │ gzip:   0.88 kB │ map:     5.12 kB
dist/assets/assets-CqZ8whUQ.js                                    3.32 kB │ gzip:   1.56 kB │ map:    16.40 kB
dist/assets/openFileInPreview-BV1u5kvZ.js                         3.36 kB │ gzip:   1.52 kB │ map:    15.15 kB
dist/assets/genie-CV2tkWYe.js                                     3.39 kB │ gzip:   1.24 kB │ map:     4.86 kB
dist/assets/rel-BtDbiS_P.js                                       3.40 kB │ gzip:   1.14 kB │ map:     4.87 kB
dist/assets/vala-zf12oZj6.js                                      3.40 kB │ gzip:   1.22 kB │ map:     4.89 kB
dist/assets/projectFilesQueryState-D_GiOXRs.js                    3.41 kB │ gzip:   1.68 kB │ map:    14.47 kB
dist/assets/toggle-group-C9-RvAQ_.js                              3.44 kB │ gzip:   1.48 kB │ map:    11.65 kB
dist/assets/timestampFormat-Cnuq_f_C.js                           3.45 kB │ gzip:   1.26 kB │ map:    17.59 kB
dist/assets/splunk-BC2Px7Mm.js                                    3.47 kB │ gzip:   1.55 kB │ map:     4.44 kB
dist/assets/threadSort-Cc4_6VXq.js                                3.54 kB │ gzip:   1.55 kB │ map:    23.33 kB
dist/assets/hurl-5cthMv_6.js                                      3.55 kB │ gzip:   1.13 kB │ map:     5.41 kB
dist/assets/fluent-C03EYrpw.js                                    3.64 kB │ gzip:   0.93 kB │ map:     5.20 kB
dist/assets/panel-tab-close-button-DH085qRV.js                    3.64 kB │ gzip:   1.86 kB │ map:    16.40 kB
dist/assets/jsonnet-CJTPZ8u_.js                                   3.65 kB │ gzip:   1.07 kB │ map:     5.41 kB
dist/assets/ssh-config-BgfXC-Er.js                                3.65 kB │ gzip:   1.63 kB │ map:     4.48 kB
dist/assets/kdl-CsD5j6eV.js                                       3.66 kB │ gzip:   1.07 kB │ map:     5.51 kB
dist/assets/empty-NMqEVzvW.js                                     3.68 kB │ gzip:   1.25 kB │ map:     8.17 kB
dist/assets/connect-CCWmx51J.js                                   3.70 kB │ gzip:   1.78 kB │ map:    10.64 kB
dist/assets/narrat-_X_XdTYD.js                                    3.70 kB │ gzip:   1.13 kB │ map:     5.42 kB
dist/assets/glsl-c-iwPx0Q.js                                      3.72 kB │ gzip:   1.48 kB │ map:     4.37 kB
dist/assets/turtle-ByJddavk.js                                    3.73 kB │ gzip:   1.00 kB │ map:     5.49 kB
dist/assets/ProjectMonogram-CocHvQG1.js                           3.79 kB │ gzip:   1.55 kB │ map:    11.01 kB
dist/assets/SettingsPanels.logic-831KwaF2.js                      3.84 kB │ gzip:   1.26 kB │ map:    18.40 kB
dist/assets/lazyRouteComponent-DYhXybf3.js                        3.92 kB │ gzip:   1.39 kB │ map:    26.46 kB
dist/assets/ron-VUp2lXgN.js                                       3.94 kB │ gzip:   1.01 kB │ map:     6.02 kB
dist/assets/zenscript-BnlCZFoB.js                                 3.95 kB │ gzip:   1.31 kB │ map:     5.75 kB
dist/assets/projectSettings-DBFH0Gct.js                           4.00 kB │ gzip:   1.63 kB │ map:    26.00 kB
dist/assets/gn-ilITqXS6.js                                        4.03 kB │ gzip:   1.52 kB │ map:     5.27 kB
dist/assets/toggle-CNlcHJGT.js                                    4.06 kB │ gzip:   1.70 kB │ map:    10.84 kB
dist/assets/CompositeRoot-ChnG_A_v.js                             4.10 kB │ gzip:   1.92 kB │ map:    18.53 kB
dist/assets/pascal-4ZHwLPI5.js                                    4.18 kB │ gzip:   1.71 kB │ map:     5.53 kB
dist/assets/KeybindingsSettings.logic-CpPPXNRf.js                 4.39 kB │ gzip:   1.82 kB │ map:    20.63 kB
dist/assets/ReadOnlySourcePreview-7xXGLzjf.js                     4.39 kB │ gzip:   1.86 kB │ map:    12.78 kB
dist/assets/http-DLJz84lS.js                                      4.45 kB │ gzip:   1.09 kB │ map:     6.69 kB
dist/assets/tcl-CZd0xW_V.js                                       4.46 kB │ gzip:   1.54 kB │ map:     6.48 kB
dist/assets/keybindings-DmrNGESH.js                               4.52 kB │ gzip:   1.84 kB │ map:    25.16 kB
dist/assets/useParams-Br8lALVt.js                                 4.54 kB │ gzip:   2.00 kB │ map:    24.52 kB
dist/assets/nextflow-BJtWHP5T.js                                  4.55 kB │ gzip:   1.20 kB │ map:     6.82 kB
dist/assets/rosmsg-CAekHB0j.js                                    4.56 kB │ gzip:   1.09 kB │ map:     6.75 kB
dist/assets/polar-C7UOKdEL.js                                     4.70 kB │ gzip:   1.16 kB │ map:     7.25 kB
dist/assets/sdbl-bTVj8UrX.js                                      4.73 kB │ gzip:   2.04 kB │ map:     5.89 kB
dist/assets/fennel-DQxkIbk2.js                                    4.80 kB │ gzip:   1.57 kB │ map:     6.42 kB
dist/assets/bibtex-Ci_nEsc7.js                                    4.83 kB │ gzip:   0.86 kB │ map:     7.02 kB
dist/assets/useOpenPanelPullRequestUrl-2iWBwW4D.js                4.84 kB │ gzip:   2.20 kB │ map:    20.18 kB
dist/assets/llvm-Cm23YOpf.js                                      5.08 kB │ gzip:   2.04 kB │ map:     6.67 kB
dist/assets/mediaReference-DvNzefj-.js                            5.10 kB │ gzip:   2.21 kB │ map:    24.07 kB
dist/assets/wgsl-BsKzXJz4.js                                      5.17 kB │ gzip:   1.42 kB │ map:     7.50 kB
dist/assets/uiStateStore-CVxuv97A.js                              5.30 kB │ gzip:   1.74 kB │ map:    24.68 kB
dist/assets/_chat.index-DU7ordx8.js                               5.32 kB │ gzip:   2.14 kB │ map:    12.53 kB
dist/assets/gdresource-C0sCabJj.js                                5.33 kB │ gzip:   1.36 kB │ map:     7.74 kB
dist/assets/zig-CMLA9XwU.js                                       5.37 kB │ gzip:   1.59 kB │ map:     7.87 kB
dist/assets/qml-CkOHT2C5.js                                       5.37 kB │ gzip:   1.42 kB │ map:     8.13 kB
dist/assets/dax-BkyTk9wS.js                                       5.39 kB │ gzip:   2.25 kB │ map:     6.76 kB
dist/assets/bicep-CUHmPFLl.js                                     5.41 kB │ gzip:   1.18 kB │ map:     7.91 kB
dist/assets/input-group-Dmjv1-wR.js                               5.47 kB │ gzip:   1.72 kB │ map:     9.76 kB
dist/assets/xml-D4CB4yuS.js                                       5.47 kB │ gzip:   1.27 kB │ map:     7.84 kB
dist/assets/awk-BWXHIvNe.js                                       5.49 kB │ gzip:   1.41 kB │ map:     7.99 kB
dist/assets/coq-BrsZFFmf.js                                       5.58 kB │ gzip:   1.95 kB │ map:     7.51 kB
dist/assets/radio-group-BQo8UPi0.js                               5.62 kB │ gzip:   2.62 kB │ map:    28.84 kB
dist/assets/primary-BNQ99xUz.js                                   5.65 kB │ gzip:   2.22 kB │ map:    26.42 kB
dist/assets/jinja-B7nr_v6x.js                                     5.67 kB │ gzip:   1.39 kB │ map:     8.50 kB
dist/assets/lean-CewbzKMR.js                                      5.81 kB │ gzip:   1.95 kB │ map:     7.87 kB
dist/assets/moonbit-CaWjb8XO.js                                   5.93 kB │ gzip:   1.71 kB │ map:     8.66 kB
dist/assets/powerquery-DNMTfnFr.js                                5.94 kB │ gzip:   1.54 kB │ map:     8.51 kB
dist/assets/shaderlab-TOUzSsQk.js                                 5.96 kB │ gzip:   2.11 kB │ map:     7.69 kB
dist/assets/verilog-CiiDBU1e.js                                   5.96 kB │ gzip:   1.93 kB │ map:     8.02 kB
dist/assets/cypher-ClKdZ_lG.js                                    5.99 kB │ gzip:   1.75 kB │ map:     8.43 kB
dist/assets/vb-Djn5o6TS.js                                        6.12 kB │ gzip:   2.37 kB │ map:     8.04 kB
dist/assets/color-picker-COofd23P.js                              6.19 kB │ gzip:   2.92 kB │ map:    18.73 kB
dist/assets/red-7ga_dcKu.js                                       6.30 kB │ gzip:   1.63 kB │ map:     8.88 kB
dist/assets/red-CJ3rzSJv.js                                       6.30 kB │ gzip:   1.63 kB │ map:     8.88 kB
dist/assets/min-dark-BFqTAwCr.js                                  6.33 kB │ gzip:   1.74 kB │ map:     8.62 kB
dist/assets/min-dark-BSWPekZh.js                                  6.33 kB │ gzip:   1.74 kB │ map:     8.62 kB
dist/assets/gdshader-CBce3t8t.js                                  6.36 kB │ gzip:   1.75 kB │ map:     9.18 kB
dist/assets/prisma-BsRQq5mF.js                                    6.36 kB │ gzip:   1.42 kB │ map:     9.27 kB
dist/assets/ara-4CJ0cIlV.js                                       6.39 kB │ gzip:   1.84 kB │ map:     9.25 kB
dist/assets/clojure-DqKBuwfJ.js                                   6.45 kB │ gzip:   1.45 kB │ map:     9.28 kB
dist/assets/postcss-BXeXVLqQ.js                                   6.45 kB │ gzip:   1.94 kB │ map:     9.11 kB
dist/assets/toml-CcmNWLt0.js                                      6.46 kB │ gzip:   1.31 kB │ map:     9.47 kB
dist/assets/solarized-light-BLaijb3X.js                           6.53 kB │ gzip:   1.75 kB │ map:     9.23 kB
dist/assets/solarized-light-DSh2HLQt.js                           6.53 kB │ gzip:   1.75 kB │ map:     9.23 kB
dist/assets/proto-DB4EqR-F.js                                     6.58 kB │ gzip:   1.45 kB │ map:     9.90 kB
dist/assets/smalltalk-B16xEiuN.js                                 6.62 kB │ gzip:   1.65 kB │ map:     9.24 kB
dist/assets/r-C4ccVIrY.js                                         6.63 kB │ gzip:   1.86 kB │ map:    10.13 kB
dist/assets/talonscript-CohzipZa.js                               6.79 kB │ gzip:   1.52 kB │ map:    10.07 kB
dist/assets/solarized-dark-BQwPDzxK.js                            6.89 kB │ gzip:   1.82 kB │ map:     9.69 kB
dist/assets/solarized-dark-DV17i1UV.js                            6.89 kB │ gzip:   1.81 kB │ map:     9.69 kB
dist/assets/riscv-Ckw8ddFX.js                                     6.95 kB │ gzip:   2.01 kB │ map:     9.59 kB
dist/assets/soy-z6Jkop2i.js                                       6.96 kB │ gzip:   1.66 kB │ map:    10.71 kB
dist/assets/min-light-DDpmG2fV.js                                 7.01 kB │ gzip:   1.92 kB │ map:     9.54 kB
dist/assets/min-light-O7UdaaxX.js                                 7.01 kB │ gzip:   1.92 kB │ map:     9.54 kB
dist/assets/scheme-DQCgrYNe.js                                    7.20 kB │ gzip:   2.08 kB │ map:     9.79 kB
dist/assets/settings.storage-sXLDGVtV.js                          7.22 kB │ gzip:   2.94 kB │ map:    21.11 kB
dist/assets/hlsl-Cvrh5tZx.js                                      7.29 kB │ gzip:   2.21 kB │ map:     9.24 kB
dist/assets/checkbox-BPGRSdbg.js                                  7.30 kB │ gzip:   3.30 kB │ map:    32.23 kB
dist/assets/collapsible-DE90erWg.js                               7.46 kB │ gzip:   2.94 kB │ map:    42.42 kB
dist/assets/qss-Fe1Jh2GI.js                                       7.50 kB │ gzip:   2.60 kB │ map:     9.40 kB
dist/assets/dialog-CLoDgGEh.js                                    7.52 kB │ gzip:   2.85 kB │ map:    22.76 kB
dist/assets/index-DEVPvjZV.js                                     7.61 kB │ gzip:   3.67 kB │ map:     2.19 kB
dist/assets/systemd-BxMlprV5.js                                   7.90 kB │ gzip:   2.57 kB │ map:    10.63 kB
dist/assets/monokai-C0p7Qecz.js                                   7.92 kB │ gzip:   1.94 kB │ map:    11.11 kB
dist/assets/monokai-CdkpiU2Y.js                                   7.92 kB │ gzip:   1.94 kB │ map:    11.11 kB
dist/assets/composerDraftUploads--QzmKpbH.js                      7.95 kB │ gzip:   2.60 kB │ map:    36.30 kB
dist/assets/regexp-BiicbYYr.js                                    8.08 kB │ gzip:   1.49 kB │ map:    11.18 kB
dist/assets/haml-CL4saUWu.js                                      8.36 kB │ gzip:   1.88 kB │ map:    12.36 kB
dist/assets/typst-DI99ib-x.js                                     8.42 kB │ gzip:   1.70 kB │ map:    12.30 kB
dist/assets/vue-html-CXi7nwGZ.js                                  8.52 kB │ gzip:   1.72 kB │ map:    11.98 kB
dist/assets/plsql-DGHpHOYJ.js                                     8.54 kB │ gzip:   3.03 kB │ map:    10.89 kB
dist/assets/dart-CnvKMtbv.js                                      8.65 kB │ gzip:   2.03 kB │ map:    12.65 kB
dist/assets/ServerUpdateAction-DZK4-pKi.js                        8.68 kB │ gzip:   3.58 kB │ map:    39.37 kB
dist/assets/horizon-0-RkHfro.js                                   8.82 kB │ gzip:   1.98 kB │ map:    12.08 kB
dist/assets/horizon-CE9ld1lL.js                                   8.82 kB │ gzip:   1.98 kB │ map:    12.08 kB
dist/assets/kotlin-DhhofPvG.js                                    8.82 kB │ gzip:   2.16 kB │ map:    12.78 kB
dist/assets/horizon-bright-BgL2X9oq.js                            8.83 kB │ gzip:   1.99 kB │ map:    12.13 kB
dist/assets/horizon-bright-DSNQnXHK.js                            8.83 kB │ gzip:   1.99 kB │ map:    12.13 kB
dist/assets/ProjectIconPickerDialog-kdZ4f0ZY.js                   8.85 kB │ gzip:   3.72 kB │ map:    25.80 kB
dist/assets/DialogTitle-C6J-cFTC.js                               8.87 kB │ gzip:   3.17 kB │ map:    43.39 kB
dist/assets/make-Dixweg8N.js                                      8.99 kB │ gzip:   1.79 kB │ map:    12.86 kB
dist/assets/andromeeda-WkhI09AS.js                                9.06 kB │ gzip:   2.39 kB │ map:    11.96 kB
dist/assets/andromeeda-vGVdxbeo.js                                9.06 kB │ gzip:   2.39 kB │ map:    11.96 kB
dist/assets/sas-DtR56UyP.js                                       9.10 kB │ gzip:   3.85 kB │ map:    11.11 kB
dist/assets/dark-plus-Cs2F2srj.js                                 9.14 kB │ gzip:   2.13 kB │ map:    12.43 kB
dist/assets/dark-plus-GAt2ZgX8.js                                 9.14 kB │ gzip:   2.14 kB │ map:    12.43 kB
dist/assets/slack-dark-DYvUXyrP.js                                9.16 kB │ gzip:   2.00 kB │ map:    12.52 kB
dist/assets/slack-dark-DnToyrRv.js                                9.16 kB │ gzip:   1.99 kB │ map:    12.52 kB
dist/assets/sass-DXrisJhu.js                                      9.32 kB │ gzip:   2.52 kB │ map:    13.41 kB
dist/assets/plastic-CF8VZTnn.js                                   9.33 kB │ gzip:   2.00 kB │ map:    12.49 kB
dist/assets/plastic-DQwYfKfQ.js                                   9.33 kB │ gzip:   2.00 kB │ map:    12.49 kB
dist/assets/Icon-Bs5kt4yk.js                                      9.36 kB │ gzip:   3.77 kB │ map:    31.31 kB
dist/assets/slack-ochin-B2OO5cIa.js                               9.47 kB │ gzip:   2.12 kB │ map:    13.11 kB
dist/assets/slack-ochin-bqtMVDfH.js                               9.47 kB │ gzip:   2.12 kB │ map:    13.11 kB
dist/assets/tex-D1-nVUU8.js                                       9.71 kB │ gzip:   3.10 kB │ map:    12.42 kB
dist/assets/jison-CDWnOLWv.js                                     9.73 kB │ gzip:   1.90 kB │ map:    14.10 kB
dist/assets/cmake-Bj61d0ZC.js                                     9.89 kB │ gzip:   3.41 kB │ map:    11.26 kB
dist/assets/entities-BCe-xlsq.js                                  9.89 kB │ gzip:   3.53 kB │ map:    55.67 kB
dist/assets/settings.open-source-licenses-B7-vrxW6.js             9.92 kB │ gzip:   4.03 kB │ map:    28.86 kB
dist/assets/light-plus-CNQ8_7Y0.js                                9.98 kB │ gzip:   2.31 kB │ map:    13.42 kB
dist/assets/light-plus-DVQuIRkW.js                                9.98 kB │ gzip:   2.31 kB │ map:    13.42 kB
dist/assets/rightPanelStore-U_jXh4SI.js                          10.03 kB │ gzip:   2.97 kB │ map:    54.93 kB
dist/assets/hcl-Dh228itO.js                                      10.08 kB │ gzip:   1.96 kB │ map:    14.79 kB
dist/assets/rst-kKy8Dyxo.js                                      10.35 kB │ gzip:   2.28 kB │ map:    15.57 kB
dist/assets/pkl-ot-7Btpt.js                                      10.40 kB │ gzip:   1.41 kB │ map:    15.47 kB
dist/assets/beancount-D-usSTwE.js                                10.41 kB │ gzip:   1.46 kB │ map:    15.04 kB
dist/assets/nextflow-groovy-DJMQeKeT.js                          10.48 kB │ gzip:   2.17 kB │ map:    15.24 kB
dist/assets/Virtualizer-BKulphhg.js                              10.49 kB │ gzip:   3.04 kB │ map:    30.12 kB
dist/assets/raku-B3gFvitq.js                                     10.50 kB │ gzip:   2.97 kB │ map:    12.91 kB
dist/assets/dream-maker-DW3nJb8Q.js                              10.51 kB │ gzip:   2.29 kB │ map:    15.11 kB
dist/assets/yaml-B4i_rr6k.js                                     10.60 kB │ gzip:   2.34 kB │ map:    14.89 kB
dist/assets/ProjectDefaultsSettings-DqpCp3Pv.js                  10.76 kB │ gzip:   3.85 kB │ map:    33.45 kB
dist/assets/DeviceSetup-B8plskFp.js                              10.81 kB │ gzip:   3.98 kB │ map:    35.04 kB
dist/assets/just-B2cA3G8D.js                                     10.85 kB │ gzip:   2.64 kB │ map:    15.32 kB
dist/assets/projectScriptEditor-C8Sx14iH.js                      10.89 kB │ gzip:   3.90 kB │ map:    42.61 kB
dist/assets/elm-CeFZWY4z.js                                      10.98 kB │ gzip:   2.13 kB │ map:    16.03 kB
dist/assets/github-light-CsVXhIlR.js                             11.23 kB │ gzip:   2.53 kB │ map:    15.42 kB
dist/assets/github-light-EUqPIrTm.js                             11.23 kB │ gzip:   2.53 kB │ map:    15.42 kB
dist/assets/prolog-iXnhIJG7.js                                   11.39 kB │ gzip:   3.88 kB │ map:    13.30 kB
dist/assets/terraform-DswuEJGm.js                                11.42 kB │ gzip:   2.54 kB │ map:    16.22 kB
dist/assets/github-dark-C-LZuMrd.js                              11.45 kB │ gzip:   2.56 kB │ map:    15.69 kB
dist/assets/github-dark-DwbbXv51.js                              11.45 kB │ gzip:   2.56 kB │ map:    15.69 kB
dist/assets/puppet-CDv2pdJW.js                                   11.47 kB │ gzip:   2.14 kB │ map:    16.32 kB
dist/assets/laserwave-CQkdhozh.js                                11.54 kB │ gzip:   2.61 kB │ map:    14.71 kB
dist/assets/laserwave-C_8bwKvT.js                                11.54 kB │ gzip:   2.61 kB │ map:    14.71 kB
dist/assets/settings-Bi0EhSqC.js                                 11.69 kB │ gzip:   4.59 kB │ map:    36.46 kB
dist/assets/gherkin-DExj1W_8.js                                  11.98 kB │ gzip:   5.08 kB │ map:    13.12 kB
dist/assets/wasm-ByWQv1Qj.js                                     12.04 kB │ gzip:   2.21 kB │ map:    16.84 kB
dist/assets/hjson-CxZEssPk.js                                    12.08 kB │ gzip:   1.67 kB │ map:    17.29 kB
dist/assets/handlebars-CKkpYZUi.js                               12.21 kB │ gzip:   2.41 kB │ map:    17.37 kB
dist/assets/apache-U0d_L8uA.js                                   12.49 kB │ gzip:   3.74 kB │ map:    15.95 kB
dist/assets/appearanceFonts-CRFo-rFQ.js                          12.59 kB │ gzip:   4.68 kB │ map:    65.74 kB
dist/assets/vesper-BIFK_oDq.js                                   12.77 kB │ gzip:   2.03 kB │ map:    16.23 kB
dist/assets/vesper-DdrHHSXu.js                                   12.77 kB │ gzip:   2.03 kB │ map:    16.23 kB
dist/assets/bat-Bo4NYOV-.js                                      12.92 kB │ gzip:   3.26 kB │ map:    17.39 kB
dist/assets/fish-BJitypiv.js                                     13.07 kB │ gzip:   1.76 kB │ map:    16.86 kB
dist/assets/v-DETTlOr0.js                                        13.24 kB │ gzip:   2.76 kB │ map:    19.27 kB
dist/assets/vitesse-light-VbXTXTou.js                            13.66 kB │ gzip:   3.06 kB │ map:    18.55 kB
dist/assets/vitesse-light-ojz42ZLy.js                            13.66 kB │ gzip:   3.06 kB │ map:    18.55 kB
dist/assets/pullRequestDetail.logic-Chx-X7kg.js                  13.68 kB │ gzip:   5.12 kB │ map:    69.90 kB
dist/assets/aurora-x-C7CFqhAd.js                                 13.70 kB │ gzip:   2.32 kB │ map:    17.58 kB
dist/assets/aurora-x-CDeNXAV0.js                                 13.70 kB │ gzip:   2.32 kB │ map:    17.58 kB
dist/assets/vitesse-black-D082JcaE.js                            13.72 kB │ gzip:   3.09 kB │ map:    18.64 kB
dist/assets/vitesse-black-fwtXNY1n.js                            13.72 kB │ gzip:   3.09 kB │ map:    18.64 kB
dist/assets/vitesse-dark-BZCL-v6S.js                             13.80 kB │ gzip:   3.10 kB │ map:    18.72 kB
dist/assets/vitesse-dark-z-nr_5O8.js                             13.80 kB │ gzip:   3.09 kB │ map:    18.72 kB
dist/assets/pug-BH2BIlFl.js                                      13.89 kB │ gzip:   2.62 kB │ map:    20.51 kB
dist/assets/synthwave-84-CIknw8y7.js                             14.08 kB │ gzip:   2.89 kB │ map:    19.10 kB
dist/assets/synthwave-84-nFMaYfgc.js                             14.08 kB │ gzip:   2.88 kB │ map:    19.10 kB
dist/assets/github-light-default-BXViO-2h.js                     14.21 kB │ gzip:   3.05 kB │ map:    19.28 kB
dist/assets/github-light-default-DB_IwZa6.js                     14.21 kB │ gzip:   3.05 kB │ map:    19.28 kB
dist/assets/clarity-SemFz856.js                                  14.31 kB │ gzip:   2.50 kB │ map:    19.94 kB
dist/assets/github-light-high-contrast-B68TUdTA.js               14.33 kB │ gzip:   3.03 kB │ map:    19.45 kB
dist/assets/github-light-high-contrast-DLgVeSB-.js               14.33 kB │ gzip:   3.03 kB │ map:    19.45 kB
dist/assets/github-dark-dimmed-Bx1FflLF.js                       14.48 kB │ gzip:   3.15 kB │ map:    19.65 kB
dist/assets/github-dark-dimmed-Cr1oaoul.js                       14.48 kB │ gzip:   3.15 kB │ map:    19.65 kB
dist/assets/github-dark-default-CxjRwzl6.js                      14.48 kB │ gzip:   3.15 kB │ map:    19.65 kB
dist/assets/github-dark-default-DXG-b-1a.js                      14.48 kB │ gzip:   3.15 kB │ map:    19.65 kB
dist/assets/github-dark-high-contrast-B4qJZLZa.js                14.65 kB │ gzip:   3.11 kB │ map:    19.88 kB
dist/assets/github-dark-high-contrast-B_tTalzw.js                14.65 kB │ gzip:   3.11 kB │ map:    19.88 kB
dist/assets/gnuplot-7GGW24-e.js                                  14.82 kB │ gzip:   3.31 kB │ map:    20.82 kB
dist/assets/popover-DvMpOug7.js                                  15.01 kB │ gzip:   5.68 kB │ map:    61.71 kB
dist/assets/rust-Cfkwpbl8.js                                     15.10 kB │ gzip:   2.75 kB │ map:    21.46 kB
dist/assets/kusto-C7mF5XQf.js                                    15.20 kB │ gzip:   3.96 kB │ map:    19.62 kB
dist/assets/actionscript-3--17pq3dv.js                           15.25 kB │ gzip:   2.71 kB │ map:    21.45 kB
dist/assets/nix-IvuFDN5E.js                                      15.54 kB │ gzip:   2.51 kB │ map:    22.89 kB
dist/assets/lua-CtUg81HA.js                                      15.62 kB │ gzip:   3.22 kB │ map:    22.12 kB
dist/assets/luau-FMPmPwt6.js                                     15.66 kB │ gzip:   3.42 kB │ map:    21.87 kB
dist/assets/abap-CLvhMVsD.js                                     15.88 kB │ gzip:   5.96 kB │ map:    18.84 kB
dist/assets/solidity-CKzVLygQ.js                                 16.11 kB │ gzip:   3.13 kB │ map:    23.45 kB
dist/assets/matlab-D7qyCx1q.js                                   16.12 kB │ gzip:   3.10 kB │ map:    23.36 kB
dist/assets/cue-CE9AQfxI.js                                      16.23 kB │ gzip:   2.08 kB │ map:    23.79 kB
dist/assets/elixir-BpuDqfDH.js                                   16.30 kB │ gzip:   2.80 kB │ map:    23.14 kB
dist/assets/command-IX1ihWU0.js                                  16.32 kB │ gzip:   4.62 kB │ map:    47.46 kB
dist/assets/scroll-area-BWfym0yJ.js                              16.38 kB │ gzip:   5.82 kB │ map:    72.13 kB
dist/assets/odin-B1RWQWA5.js                                     16.54 kB │ gzip:   2.96 kB │ map:    23.79 kB
dist/assets/ts-tags-DmuEb6v2.js                                  16.59 kB │ gzip:   2.09 kB │ map:    24.64 kB
dist/assets/kanagawa-wave-CTweb8Dz.js                            17.17 kB │ gzip:   2.94 kB │ map:    22.28 kB
dist/assets/kanagawa-wave-D8CNn6T_.js                            17.17 kB │ gzip:   2.94 kB │ map:    22.28 kB
dist/assets/kanagawa-lotus-BN08jTvb.js                           17.17 kB │ gzip:   2.94 kB │ map:    22.28 kB
dist/assets/kanagawa-lotus-CqxMQulh.js                           17.17 kB │ gzip:   2.94 kB │ map:    22.28 kB
dist/assets/kanagawa-dragon-7TqgsUPC.js                          17.17 kB │ gzip:   2.96 kB │ map:    22.29 kB
dist/assets/kanagawa-dragon-CXtmUGW6.js                          17.17 kB │ gzip:   2.96 kB │ map:    22.29 kB
dist/assets/move-B1IS1UjX.js                                     17.54 kB │ gzip:   3.10 kB │ map:    26.27 kB
dist/assets/link-BafskFvE.js                                     17.95 kB │ gzip:   6.73 kB │ map:    85.85 kB
dist/assets/graphql-CT11KVin.js                                  18.12 kB │ gzip:   2.56 kB │ map:    25.45 kB
dist/assets/liquid-Biw0UxNe.js                                   18.14 kB │ gzip:   3.18 kB │ map:    25.23 kB
dist/assets/svelte-CHUFE207.js                                   18.29 kB │ gzip:   3.18 kB │ map:    25.73 kB
dist/assets/material-theme-Bm3Qr25_.js                           18.66 kB │ gzip:   3.14 kB │ map:    24.12 kB
dist/assets/material-theme-CAtLaHa3.js                           18.66 kB │ gzip:   3.14 kB │ map:    24.12 kB
dist/assets/material-theme-ocean-B3mraInd.js                     18.68 kB │ gzip:   3.16 kB │ map:    24.15 kB
dist/assets/material-theme-ocean-CHQ94UKr.js                     18.68 kB │ gzip:   3.16 kB │ map:    24.15 kB
dist/assets/material-theme-darker-2IIEA8gg.js                    18.68 kB │ gzip:   3.13 kB │ map:    24.16 kB
dist/assets/material-theme-darker-k-s5Bc6K.js                    18.68 kB │ gzip:   3.13 kB │ map:    24.16 kB
dist/assets/material-theme-lighter-CD6a-c4d.js                   18.69 kB │ gzip:   3.14 kB │ map:    24.16 kB
dist/assets/material-theme-lighter-uhdI0v04.js                   18.69 kB │ gzip:   3.14 kB │ map:    24.16 kB
dist/assets/material-theme-palenight-B5W6OYN7.js                 18.69 kB │ gzip:   3.15 kB │ map:    24.17 kB
dist/assets/material-theme-palenight-DEhAARHw.js                 18.69 kB │ gzip:   3.15 kB │ map:    24.17 kB
dist/assets/gdscript-Cp2uCuqX.js                                 19.03 kB │ gzip:   3.78 kB │ map:    26.25 kB
dist/assets/groovy-CacY0gHj.js                                   19.21 kB │ gzip:   3.63 kB │ map:    27.52 kB
dist/assets/queries-D9zS_0BB.js                                  19.30 kB │ gzip:   6.94 kB │ map:   102.56 kB
dist/assets/T3ConnectSidebarSignIn-DZuziO87.js                   19.51 kB │ gzip:   6.54 kB │ map:    55.29 kB
dist/assets/mdc-Cv-F91Bb.js                                      19.58 kB │ gzip:   6.70 kB │ map:    23.08 kB
dist/assets/ayu-dark-CRu61w6_.js                                 20.12 kB │ gzip:   3.97 kB │ map:    27.05 kB
dist/assets/ayu-dark-DluEY0Gj.js                                 20.12 kB │ gzip:   3.96 kB │ map:    27.05 kB
dist/assets/ayu-mirage-Bqwy1Gya.js                               20.13 kB │ gzip:   3.95 kB │ map:    27.06 kB
dist/assets/ayu-mirage-CTjYAbs-.js                               20.13 kB │ gzip:   3.95 kB │ map:    27.06 kB
dist/assets/glimmer-js-uZMN-rsv.js                               20.13 kB │ gzip:   2.97 kB │ map:    28.59 kB
dist/assets/glimmer-ts-CadYfYWy.js                               20.13 kB │ gzip:   2.97 kB │ map:    28.59 kB
dist/assets/powershell-DshXNtvi.js                               20.19 kB │ gzip:   4.09 kB │ map:    26.59 kB
dist/assets/ayu-light-C3h-C4tm.js                                20.19 kB │ gzip:   3.93 kB │ map:    27.13 kB
dist/assets/ayu-light-Dn6O_aYR.js                                20.19 kB │ gzip:   3.93 kB │ map:    27.13 kB
dist/assets/server-Br2aDAva.js                                   20.38 kB │ gzip:   6.20 kB │ map:    91.42 kB
dist/assets/viml-DvXPmvsu.js                                     20.40 kB │ gzip:   6.77 kB │ map:    23.50 kB
dist/assets/nushell-DcLAeLz5.js                                  20.45 kB │ gzip:   5.25 kB │ map:    27.66 kB
dist/assets/snazzy-light-4G7pJPwS.js                             20.82 kB │ gzip:   3.84 kB │ map:    28.01 kB
dist/assets/snazzy-light-D8dzFmq5.js                             20.82 kB │ gzip:   3.84 kB │ map:    28.01 kB
dist/assets/twig-DS74MCaq.js                                     20.94 kB │ gzip:   3.70 kB │ map:    29.22 kB
dist/assets/dracula-BHWKrbxM.js                                  21.10 kB │ gzip:   4.03 kB │ map:    27.50 kB
dist/assets/dracula-C2uKkzgK.js                                  21.10 kB │ gzip:   4.03 kB │ map:    27.50 kB
dist/assets/dracula-soft-5eyTD99u.js                             21.12 kB │ gzip:   4.06 kB │ map:    27.52 kB
dist/assets/dracula-soft-D1bVjxWZ.js                             21.12 kB │ gzip:   4.06 kB │ map:    27.52 kB
dist/assets/tooltip-C7LAKPS8.js                                  21.17 kB │ gzip:   7.84 kB │ map:   101.11 kB
dist/assets/number-field-DXKPOjEB.js                             21.25 kB │ gzip:   8.07 kB │ map:    94.05 kB
dist/assets/wit-DdvCle-K.js                                      21.50 kB │ gzip:   2.91 kB │ map:    30.10 kB
dist/assets/browserHistoryStore-Brk5e45E.js                      21.75 kB │ gzip:   7.75 kB │ map:   110.43 kB
dist/assets/rose-pine-BthvhNj6.js                                21.78 kB │ gzip:   3.90 kB │ map:    28.77 kB
dist/assets/rose-pine-rh6ipraJ.js                                21.78 kB │ gzip:   3.90 kB │ map:    28.77 kB
dist/assets/rose-pine-moon-DdHjCvFQ.js                           21.80 kB │ gzip:   3.91 kB │ map:    28.80 kB
dist/assets/rose-pine-moon-hon4tzzS.js                           21.80 kB │ gzip:   3.91 kB │ map:    28.80 kB
dist/assets/rose-pine-dawn-DSuRaP6u.js                           21.80 kB │ gzip:   3.91 kB │ map:    28.80 kB
dist/assets/rose-pine-dawn-Dg85fqjY.js                           21.80 kB │ gzip:   3.92 kB │ map:    28.80 kB
dist/assets/nim-C9VLrVcG.js                                      22.49 kB │ gzip:   3.19 kB │ map:    32.75 kB
dist/assets/common-lisp-Cv5bFMCO.js                              22.62 kB │ gzip:   6.11 kB │ map:    26.68 kB
dist/assets/surrealql-D1o6X-i5.js                                22.63 kB │ gzip:   4.35 kB │ map:    32.46 kB
dist/assets/gruvbox-dark-hard-C820rvS2.js                        22.68 kB │ gzip:   4.19 kB │ map:    30.57 kB
dist/assets/gruvbox-dark-hard-DXm60lX3.js                        22.68 kB │ gzip:   4.19 kB │ map:    30.57 kB
dist/assets/gruvbox-dark-soft-04Cj-4VZ.js                        22.68 kB │ gzip:   4.19 kB │ map:    30.57 kB
dist/assets/gruvbox-dark-soft-MrdJrrXF.js                        22.68 kB │ gzip:   4.19 kB │ map:    30.57 kB
dist/assets/gruvbox-light-hard-BC_s9l72.js                       22.68 kB │ gzip:   4.19 kB │ map:    30.57 kB
dist/assets/gruvbox-light-hard-K6wSn29D.js                       22.68 kB │ gzip:   4.19 kB │ map:    30.57 kB
dist/assets/gruvbox-light-soft-BSMLrYjP.js                       22.68 kB │ gzip:   4.19 kB │ map:    30.57 kB
dist/assets/gruvbox-light-soft-DNgJjaY0.js                       22.68 kB │ gzip:   4.19 kB │ map:    30.57 kB
dist/assets/gruvbox-dark-medium-BPjhmG05.js                      22.69 kB │ gzip:   4.19 kB │ map:    30.58 kB
dist/assets/gruvbox-dark-medium-GE2thSmD.js                      22.69 kB │ gzip:   4.19 kB │ map:    30.58 kB
dist/assets/gruvbox-light-medium-BAWPOn9u.js                     22.69 kB │ gzip:   4.20 kB │ map:    30.58 kB
dist/assets/gruvbox-light-medium-CVy3aSlc.js                     22.69 kB │ gzip:   4.19 kB │ map:    30.58 kB
dist/assets/bird2-C6vDhewU.js                                    22.97 kB │ gzip:   4.69 kB │ map:    31.05 kB
dist/assets/settings.projects-DFfyHfuO.js                        23.11 kB │ gzip:   8.87 kB │ map:    76.44 kB
dist/assets/sql-KfQ6dCZZ.js                                      23.52 kB │ gzip:   7.54 kB │ map:    27.93 kB
dist/assets/cadence-CQ2zXKGN.js                                  23.70 kB │ gzip:   3.69 kB │ map:    33.58 kB
dist/assets/settings.source-control-BFXRVFMy.js                  23.72 kB │ gzip:   8.55 kB │ map:    70.35 kB
dist/assets/astro-EoBJCK90.js                                    24.06 kB │ gzip:   7.63 kB │ map:    29.14 kB
dist/assets/apl-DbTN2_z0.js                                      24.07 kB │ gzip:   4.20 kB │ map:    33.33 kB
dist/assets/templ-CziPHcLc.js                                    24.10 kB │ gzip:   5.45 kB │ map:    30.89 kB
dist/assets/angular-html-DUGMdOCl.js                             24.28 kB │ gzip:   4.02 kB │ map:    35.64 kB
dist/assets/vhdl-BroJfC0k.js                                     24.29 kB │ gzip:   3.90 kB │ map:    33.37 kB
dist/assets/vue-BiRlnp5d.js                                      24.53 kB │ gzip:   2.99 kB │ map:    36.71 kB
dist/assets/composer-logic-CH0S4Fm0.js                           24.59 kB │ gzip:   7.91 kB │ map:   124.77 kB
dist/assets/purescript-9MfHhQsQ.js                               24.72 kB │ gzip:   3.27 kB │ map:    34.88 kB
dist/assets/typespec-BRdr0IET.js                                 25.08 kB │ gzip:   2.66 kB │ map:    34.69 kB
dist/assets/one-light-CVUd7yD5.js                                25.34 kB │ gzip:   3.67 kB │ map:    33.80 kB
dist/assets/one-light-D7Lr4KcI.js                                25.34 kB │ gzip:   3.67 kB │ map:    33.80 kB
dist/assets/fsharp-D13ZGOAj.js                                   25.34 kB │ gzip:   4.16 kB │ map:    35.86 kB
dist/assets/marko-DyNENWnP.js                                    25.52 kB │ gzip:   3.63 kB │ map:    35.83 kB
dist/assets/night-owl-light-BODRhcTU.js                          25.95 kB │ gzip:   4.27 kB │ map:    35.15 kB
dist/assets/night-owl-light-eJ-hLW7d.js                          25.95 kB │ gzip:   4.27 kB │ map:    35.15 kB
dist/assets/DevicePanel-DBZeQ9Lh.js                              26.11 kB │ gzip:   8.49 kB │ map:    80.32 kB
dist/assets/system-verilog-DJ5XKQeo.js                           26.24 kB │ gzip:   4.86 kB │ map:    36.26 kB
dist/assets/nord-Cb4Vim4T.js                                     26.76 kB │ gzip:   4.39 kB │ map:    35.35 kB
dist/assets/nord-Cd-F4txO.js                                     26.76 kB │ gzip:   4.39 kB │ map:    35.35 kB
dist/assets/codeql-oeQT6MSM.js                                   26.92 kB │ gzip:   3.83 kB │ map:    36.01 kB
dist/assets/c3-BFHwR3_K.js                                       27.00 kB │ gzip:   3.96 kB │ map:    39.14 kB
dist/assets/sidebar-DtYNwkPy.js                                  27.13 kB │ gzip:   8.74 kB │ map:    79.40 kB
dist/assets/scss-B8HLTo8r.js                                     27.29 kB │ gzip:   4.26 kB │ map:    38.32 kB
dist/assets/java-rW7MaJTv.js                                     27.31 kB │ gzip:   4.34 kB │ map:    38.62 kB
dist/assets/coffee-8tql3faB.js                                   27.46 kB │ gzip:   6.38 kB │ map:    36.07 kB
dist/assets/razor-_IuD6-C1.js                                    27.49 kB │ gzip:   3.58 kB │ map:    38.30 kB
dist/assets/DiffWorkerPoolProvider-BM-0Iw_6.js                   28.60 kB │ gzip:   8.21 kB │ map:    86.48 kB
dist/assets/scala-DKOlJaKm.js                                    28.92 kB │ gzip:   3.96 kB │ map:    40.11 kB
dist/assets/night-owl-BsnCLAKc.js                                28.95 kB │ gzip:   5.18 kB │ map:    39.05 kB
dist/assets/night-owl-DhmEMT88.js                                28.95 kB │ gzip:   5.18 kB │ map:    39.05 kB
dist/assets/crystal-Byyf_CrI.js                                  29.45 kB │ gzip:   4.47 kB │ map:    41.17 kB
dist/assets/mermaid-Bk4SNUv9.js                                  29.54 kB │ gzip:   3.68 kB │ map:    44.11 kB
dist/assets/applescript-CCn79oCD.js                              29.61 kB │ gzip:   5.98 kB │ map:    39.34 kB
dist/assets/settingsLayout-BozndesM.js                           30.13 kB │ gzip:  10.85 kB │ map:   111.46 kB
dist/assets/pierre-dark-CpLgRqie.js                              30.59 kB │ gzip:   4.77 kB │ map:    34.23 kB
dist/assets/pierre-light-CoaEpmwp.js                             30.59 kB │ gzip:   4.77 kB │ map:    34.23 kB
dist/assets/pierre-dark-soft-kZQmAZld.js                         30.61 kB │ gzip:   4.81 kB │ map:    34.25 kB
dist/assets/pierre-light-soft-lWLdNTOI.js                        30.61 kB │ gzip:   4.77 kB │ map:    34.25 kB
dist/assets/pierre-dark-tritanopia-CpjhbsIL.js                   30.62 kB │ gzip:   4.72 kB │ map:    34.27 kB
dist/assets/pierre-light-tritanopia-CEbqgOJL.js                  30.63 kB │ gzip:   4.73 kB │ map:    34.28 kB
dist/assets/pierre-dark-protanopia-deuteranopia-B35FxJx-.js      30.66 kB │ gzip:   4.80 kB │ map:    34.32 kB
dist/assets/pierre-light-protanopia-deuteranopia-0fSaH845.js     30.67 kB │ gzip:   4.76 kB │ map:    34.33 kB
dist/assets/julia-BMKQf9Qf.js                                    31.05 kB │ gzip:   4.34 kB │ map:    40.55 kB
dist/assets/stylus-B6D30XZt.js                                   31.11 kB │ gzip:   8.05 kB │ map:    38.87 kB
dist/assets/ComboboxClear-B4qwJkwX.js                            32.47 kB │ gzip:  11.31 kB │ map:   161.68 kB
dist/assets/poimandres-BX2TyY6j.js                               33.53 kB │ gzip:   5.53 kB │ map:    43.06 kB
dist/assets/poimandres-DRFjx7u4.js                               33.53 kB │ gzip:   5.53 kB │ map:    43.06 kB
dist/assets/one-dark-pro-CLwyXe_n.js                             33.83 kB │ gzip:   5.54 kB │ map:    44.50 kB
dist/assets/one-dark-pro-DUS_IGRK.js                             33.83 kB │ gzip:   5.54 kB │ map:    44.50 kB
dist/assets/bsl-BkkzgIyY.js                                      33.90 kB │ gzip:   8.38 kB │ map:    37.60 kB
dist/assets/ThemeEditorPanel-My1yHQyb.js                         33.96 kB │ gzip:  11.61 kB │ map:   135.25 kB
dist/assets/DiffPanel-AudK9kXi.js                                34.46 kB │ gzip:  12.58 kB │ map:   136.10 kB
dist/assets/UsageLimits-BjoOZoES.js                              34.91 kB │ gzip:  11.82 kB │ map:   117.22 kB
dist/assets/haxe-OTjmBuCE.js                                     35.19 kB │ gzip:   5.94 kB │ map:    49.51 kB
dist/assets/nginx-C_3YiQwh.js                                    35.39 kB │ gzip:   4.49 kB │ map:    48.47 kB
dist/assets/houston-CsvMBhTu.js                                  35.46 kB │ gzip:   5.80 kB │ map:    46.39 kB
dist/assets/houston-KyjWKfuY.js                                  35.46 kB │ gzip:   5.80 kB │ map:    46.39 kB
dist/assets/tokyo-night-iIspnLcq.js                              35.71 kB │ gzip:   6.26 kB │ map:    45.34 kB
dist/assets/tokyo-night-oM2G3aXe.js                              35.71 kB │ gzip:   6.26 kB │ map:    45.34 kB
dist/assets/settings.snap-shot-DT_b5c5D.js                       36.07 kB │ gzip:  11.76 kB │ map:   127.52 kB
dist/assets/useSettings-CVmoWMHP.js                              36.21 kB │ gzip:  11.82 kB │ map:   185.55 kB
dist/assets/pullRequestPresentation-sWpBMBMH.js                  36.68 kB │ gzip:  13.12 kB │ map:   173.94 kB
dist/assets/PreviewPanel-BXgyLRXQ.js                             37.32 kB │ gzip:  13.64 kB │ map:   136.75 kB
dist/assets/erlang-Cphh6RMH.js                                   37.52 kB │ gzip:   4.39 kB │ map:    51.55 kB
dist/assets/PullRequestCodeTab-wZBe0ptL.js                       37.84 kB │ gzip:  12.79 kB │ map:   178.13 kB
dist/assets/cobol-D9zERIXX.js                                    39.11 kB │ gzip:  10.92 kB │ map:    47.34 kB
dist/assets/settings.keybindings-e2iWoS08.js                     39.60 kB │ gzip:  13.28 kB │ map:   115.84 kB
dist/assets/asm-Cmm7eHzH.js                                      40.75 kB │ gzip:   8.20 kB │ map:    52.99 kB
dist/assets/WorkerPoolContext-ChyA-eAE.js                        40.90 kB │ gzip:  10.43 kB │ map:   116.73 kB
dist/assets/haskell-D8IpX4py.js                                  41.52 kB │ gzip:   6.44 kB │ map:    57.84 kB
dist/assets/shellscript-MX6qYpd2.js                              41.58 kB │ gzip:   6.16 kB │ map:    56.51 kB
dist/assets/perl-BHFSmQvW.js                                     43.18 kB │ gzip:   4.68 kB │ map:    60.74 kB
dist/assets/d-qD-0Kul2.js                                        43.82 kB │ gzip:   8.46 kB │ map:    62.68 kB
dist/assets/welcome-DrsG-K1l.js                                  44.54 kB │ gzip:  15.19 kB │ map:   145.33 kB
dist/assets/toast-C0RarE86.js                                    44.75 kB │ gzip:  14.70 kB │ map:   206.66 kB
dist/assets/pierre-dark-vibrant-CpQYzh95.js                      44.81 kB │ gzip:   5.33 kB │ map:    48.45 kB
dist/assets/pierre-light-vibrant-D80Fkn33.js                     44.81 kB │ gzip:   5.31 kB │ map:    48.46 kB
dist/assets/renderFileChildren-E7StQy9x.js                       46.12 kB │ gzip:  12.16 kB │ map:   131.57 kB
dist/assets/ruby-Dym8P-6K.js                                     46.64 kB │ gzip:   5.75 kB │ map:    66.17 kB
dist/assets/go-rLFTqkRN.js                                       46.85 kB │ gzip:   5.18 kB │ map:    66.60 kB
dist/assets/catppuccin-mocha-Co3Xjl64.js                         47.30 kB │ gzip:   8.02 kB │ map:    62.01 kB
dist/assets/catppuccin-mocha-DYhrFGRu.js                         47.30 kB │ gzip:   8.02 kB │ map:    62.01 kB
dist/assets/catppuccin-latte-CpxdcXpJ.js                         47.30 kB │ gzip:   8.02 kB │ map:    62.01 kB
dist/assets/catppuccin-latte-DwIHMF0Q.js                         47.30 kB │ gzip:   8.02 kB │ map:    62.01 kB
dist/assets/catppuccin-frappe-3VR1Za6u.js                        47.31 kB │ gzip:   8.03 kB │ map:    62.02 kB
dist/assets/catppuccin-frappe-DFlFW5gh.js                        47.31 kB │ gzip:   8.03 kB │ map:    62.02 kB
dist/assets/catppuccin-macchiato-DIdIQ04K.js                     47.31 kB │ gzip:   8.03 kB │ map:    62.03 kB
dist/assets/catppuccin-macchiato-DYnBP6_5.js                     47.31 kB │ gzip:   8.03 kB │ map:    62.03 kB
dist/assets/pierre-icons-BUKdg8HT.js                             47.36 kB │ gzip:  16.53 kB │ map:    66.62 kB
dist/assets/apex-VAyPSnFM.js                                     47.80 kB │ gzip:   6.85 kB │ map:    66.77 kB
dist/assets/session-logic-CRLlyvpY.js                            47.93 kB │ gzip:  15.10 kB │ map:   238.55 kB
dist/assets/ada-C5qYipkI.js                                      48.11 kB │ gzip:   6.00 kB │ map:    70.95 kB
dist/assets/css-Cpy53yOI.js                                      49.13 kB │ gzip:  11.99 kB │ map:    60.63 kB
dist/assets/imba-DsUTQ-LC.js                                     49.96 kB │ gzip:   9.51 kB │ map:    68.08 kB
dist/assets/everforest-dark-D-DlICQR.js                          53.79 kB │ gzip:   8.41 kB │ map:    68.26 kB
dist/assets/everforest-dark-sB-x3p7T.js                          53.79 kB │ gzip:   8.41 kB │ map:    68.26 kB
dist/assets/everforest-light-CeVdGHYG.js                         53.79 kB │ gzip:   8.41 kB │ map:    68.27 kB
dist/assets/everforest-light-Df2xbC6M.js                         53.79 kB │ gzip:   8.41 kB │ map:    68.27 kB
dist/assets/wikitext-ClFFjSW2.js                                 55.92 kB │ gzip:   4.85 kB │ map:    77.63 kB
dist/assets/settings.integrations-BaKZMtE8.js                    55.94 kB │ gzip:  17.97 kB │ map:   197.22 kB
dist/assets/stata-BEUiWF3P.js                                    57.03 kB │ gzip:  12.44 kB │ map:    74.17 kB
dist/assets/html-uXUBb-JU.js                                     57.35 kB │ gzip:  11.81 kB │ map:    72.99 kB
dist/assets/usage-BieyEb-f.js                                    58.07 kB │ gzip:  18.20 kB │ map:   217.72 kB
dist/assets/ballerina-B7ZEbQpA.js                                58.73 kB │ gzip:   8.14 kB │ map:    81.52 kB
dist/assets/markdown-BYOwaDjH.js                                 59.37 kB │ gzip:   5.70 kB │ map:    82.32 kB
dist/assets/ocaml-O90oeIOV.js                                    62.48 kB │ gzip:   5.08 kB │ map:    81.10 kB
dist/assets/useHandleNewThread-Kgh07TS4.js                       62.86 kB │ gzip:  20.87 kB │ map:   304.17 kB
dist/assets/_chat.pull-requests-xLDXth_u.js                      63.66 kB │ gzip:  21.55 kB │ map:   258.51 kB
dist/assets/diffFileContents-C6E5PwgI.js                         69.77 kB │ gzip:  19.47 kB │ map:   206.16 kB
dist/assets/mojo-BgCJLMeH.js                                     69.83 kB │ gzip:   9.25 kB │ map:    94.93 kB
dist/assets/python-gzcpVVnB.js                                   69.98 kB │ gzip:   9.13 kB │ map:    95.23 kB
dist/assets/Icons-B3TZ7vAF.js                                    71.73 kB │ gzip:  30.73 kB │ map:   107.36 kB
dist/assets/c-W6ttkYvI.js                                        72.20 kB │ gzip:  10.58 kB │ map:    95.37 kB
dist/assets/renderDiffChildren-wPYgQBRJ.js                       72.20 kB │ gzip:  18.25 kB │ map:   233.15 kB
dist/assets/latex-DTu8AKkV.js                                    72.91 kB │ gzip:   6.78 kB │ map:   100.93 kB
dist/assets/vyper-CgoNMtux.js                                    74.68 kB │ gzip:  10.73 kB │ map:   100.70 kB
dist/assets/themePalette-Dz0GckV_.js                             79.93 kB │ gzip:  23.46 kB │ map:   284.95 kB
dist/assets/settings.diagnostics-JunU1h4Z.js                     80.12 kB │ gzip:  20.66 kB │ map:   211.24 kB
dist/assets/hack-CEbcH-XO.js                                     81.09 kB │ gzip:  26.47 kB │ map:    98.58 kB
dist/assets/swift-DonLKvLd.js                                    86.72 kB │ gzip:  14.72 kB │ map:   114.50 kB
dist/assets/fortran-free-form-CYNrtFtB.js                        89.01 kB │ gzip:  11.23 kB │ map:   124.04 kB
dist/assets/csharp-oqKa8noW.js                                   90.22 kB │ gzip:  10.75 kB │ map:   126.34 kB
dist/assets/racket-DcIDlBhZ.js                                   92.42 kB │ gzip:  15.11 kB │ map:   106.18 kB
dist/assets/ThreadTerminalDrawer-mrl-EagE.js                     97.66 kB │ gzip:  28.21 kB │ map:   372.37 kB
dist/assets/less-DVTAwKKz.js                                     97.66 kB │ gzip:  14.88 kB │ map:   131.85 kB
dist/assets/settings.connections-B0TM0CxK.js                     98.37 kB │ gzip:  32.31 kB │ map:   380.40 kB
dist/assets/blade-OEdTArYC.js                                   105.01 kB │ gzip:  28.34 kB │ map:   130.95 kB
dist/assets/objective-c-D1A_Heim.js                             105.45 kB │ gzip:  23.67 kB │ map:   129.64 kB
dist/assets/settings.providers-gW3W9WDb.js                      112.96 kB │ gzip:  36.73 kB │ map:   380.81 kB
dist/assets/php-CHHm9wmD.js                                     113.12 kB │ gzip:  28.89 kB │ map:   142.04 kB
dist/assets/runtime-D0OZzD4v.js                                 118.74 kB │ gzip:  34.87 kB │ map:   615.75 kB
dist/assets/getDiffFileInput-ey9D19FQ.js                        129.65 kB │ gzip:  32.17 kB │ map:   409.92 kB
dist/assets/asciidoc-DE70LPWp.js                                131.56 kB │ gzip:   9.35 kB │ map:   189.10 kB
dist/assets/mdx-DQZ5AkYe.js                                     136.14 kB │ gzip:  23.57 kB │ map:   176.72 kB
dist/assets/ProviderModelPicker-BMFsMOvh.js                     158.42 kB │ gzip:  51.24 kB │ map:   619.07 kB
dist/assets/objective-cpp-BsSzOQcm.js                           172.01 kB │ gzip:  31.02 kB │ map:   218.52 kB
dist/assets/atomRegistry-Bdtfjpj8.js                            173.86 kB │ gzip:  55.23 kB │ map: 1,142.82 kB
dist/assets/javascript-IUQSEBZa.js                              174.92 kB │ gzip:  16.72 kB │ map:   236.05 kB
dist/assets/tsx-BmnRkU_D.js                                     175.63 kB │ gzip:  16.71 kB │ map:   236.72 kB
dist/assets/jsx-BGWuTu-V.js                                     177.88 kB │ gzip:  16.80 kB │ map:   238.98 kB
dist/assets/typescript-S0auFSj_.js                              181.18 kB │ gzip:  16.32 kB │ map:   244.39 kB
dist/assets/angular-ts-C-P_e6gi.js                              183.77 kB │ gzip:  16.82 kB │ map:   249.42 kB
dist/assets/vue-vine-CrNPRnBp.js                                190.10 kB │ gzip:  18.11 kB │ map:   255.14 kB
dist/assets/FilePreviewPanel-D-T4rzCL.js                        192.05 kB │ gzip:  62.85 kB │ map:   715.72 kB
dist/assets/PanelLayoutControls-TfmWc-LU.js                     207.54 kB │ gzip:  61.68 kB │ map:   658.05 kB
dist/assets/fileTreeExpansion-BxkyeRo4.js                       211.55 kB │ gzip:  58.42 kB │ map:   689.01 kB
dist/assets/shared_highlighter-D63Y5kdI.js                      239.06 kB │ gzip:  76.49 kB │ map:   807.94 kB
dist/assets/dynamic-zDAMKarX.js                                 249.69 kB │ gzip:  57.10 kB │ map:   156.30 kB
dist/assets/wolfram-DLL8P-h_.js                                 262.42 kB │ gzip:  77.67 kB │ map:   279.65 kB
dist/assets/SettingsPanels-DP8GCqnc.js                          273.46 kB │ gzip:  85.86 kB │ map:   829.93 kB
dist/assets/dist-DRZ2IPgh.js                                    304.95 kB │ gzip:  88.61 kB │ map: 1,417.44 kB
dist/assets/ChatMarkdown-sN0v2r6c.js                            470.91 kB │ gzip: 149.14 kB │ map: 2,113.48 kB
dist/assets/ComposerPromptEditor-Bm29xEup.js                    478.32 kB │ gzip: 152.69 kB │ map: 1,979.93 kB
dist/assets/wasm-BnjxR4X6.js                                    622.36 kB │ gzip: 232.13 kB │ map:   622.85 kB
dist/assets/cpp-NEqKHgC0.js                                     626.16 kB │ gzip:  48.13 kB │ map:   816.16 kB
dist/assets/utils-Bym-74FN.js                                   771.62 kB │ gzip: 239.79 kB │ map: 6,426.65 kB
dist/assets/_chat-DlhvbTHL.js                                   772.24 kB │ gzip: 240.02 kB │ map: 2,839.30 kB
dist/assets/emacs-lisp-B4R74twV.js                              779.92 kB │ gzip: 197.59 kB │ map:   789.84 kB
dist/assets/main-BTDGqx5k.js                                    782.22 kB │ gzip: 248.25 kB │ map: 3,383.52 kB
dist/assets/heic-to-DeD09f__.js                               2,995.22 kB │ gzip: 750.97 kB │ map: 2,998.56 kB

✓ built in 1m 54s
[plugin builtin:vite-reporter] 
(!) Some chunks are larger than 500 kB after minification. Consider:
- Using dynamic import() to code-split the application
- Use build.rolldownOptions.output.codeSplitting to improve chunking: https://rolldown.rs/reference/OutputOptions.codeSplitting
- Adjust chunk size limit for this warning via build.chunkSizeWarningLimit.
[33m[PLUGIN_TIMINGS] [0mYour build spent 93% of 114.0s inside plugin hooks (106.2s).
Measured inside the callback, so queue time is excluded and time the callback itself awaited is not:
  - @rolldown/plugin-babel transform (69%, 79.0s, 1043 calls)
  - @tailwindcss/vite:generate:build transform (16%, 18.0s, 2 calls)
  - vite:worker load (7%, 8.2s, 1 call)
  - t3code:third-party-licenses generateBundle (5%, 5.3s, 1 call)
  - vite:build-import-analysis generateBundle (2%, 2.3s, 1 call)
Those rows are 99% of the build; the rest of the 93% is below.
Not measurable — 1 hook whose calls overlap, so elapsed time covers work other calls were doing. Profile with `node --cpu-prof`:
  - vite:asset load (7 calls)
See https://rolldown.rs/reference/InputOptions.checks#plugintimings for more details.


~/apps/server$ node scripts/cli.ts build ⊘ cache disabled
[09:18:05.488] INFO (#1): [cli] Running tsdown...
[09:18:11.593] INFO (#1): [cli] Bundled Pi approval extension into dist/assets/pi
[09:18:22.131] INFO (#1): [cli] Applied development icon overrides to dist/client
[09:18:22.131] INFO (#1): [cli] Bundled web app into dist/client

~/apps/desktop$ node scripts/build-browser-secret.mjs ⊘ cache disabled

~/apps/desktop$ node scripts/build-preview-annotation-css.mjs ⊘ cache disabled

~/apps/desktop$ vp pack ⊘ cache disabled
ℹ entry: src/main.ts
ℹ tsconfig: tsconfig.json
ℹ entry: src/electron/WindowsForegroundFocusWorker.ts, src/snapShot/GlobalShiftShortcutWorker.ts, src/snapShot/RegionSnapShotWorker.ts, src/snapShot/SnapShotAccessibilityWorker.ts
ℹ tsconfig: tsconfig.json
ℹ entry: src/preload.ts
ℹ tsconfig: tsconfig.json
ℹ entry: src/preview-pick-preload.ts
ℹ tsconfig: tsconfig.json
ℹ entry: src/preview-pip-preload.ts
ℹ tsconfig: tsconfig.json
ℹ entry: src/mac-permission-preload.ts
ℹ tsconfig: tsconfig.json
ℹ Build start
ℹ Cleaning 12 files
ℹ dist-electron/preview-pip-preload.cjs       0.68 kB │ gzip: 0.36 kB
ℹ dist-electron/preview-pip-preload.cjs.map  10.19 kB │ gzip: 2.62 kB
ℹ 2 files, total: 10.87 kB
ℹ dist-electron/mac-permission-preload.cjs       0.79 kB │ gzip: 0.38 kB
ℹ dist-electron/mac-permission-preload.cjs.map  10.38 kB │ gzip: 2.66 kB
ℹ 2 files, total: 11.17 kB
✔ Build complete in 452ms
✔ Build complete in 453ms
ℹ Hint: consider adding deps.onlyBundle option to avoid unintended bundling of dependencies, or set deps.onlyBundle: false to disable this hint.
See more at https://tsdown.dev/options/dependencies#deps-onlybundle
Detected dependencies in bundle:
- @clerk/electron
ℹ dist-electron/preload.cjs      26.44 kB │ gzip:  5.93 kB
ℹ dist-electron/preload.cjs.map  48.01 kB │ gzip: 10.45 kB
ℹ 2 files, total: 74.45 kB
✔ Build complete in 580ms
ℹ Hint: consider adding deps.onlyBundle option to avoid unintended bundling of dependencies, or set deps.onlyBundle: false to disable this hint.
See more at https://tsdown.dev/options/dependencies#deps-onlybundle
Detected dependencies in bundle:
- react-grab
ℹ dist-electron/preview-pick-preload.cjs      115.11 kB │ gzip: 30.36 kB
ℹ dist-electron/preview-pick-preload.cjs.map  201.44 kB │ gzip: 51.73 kB
ℹ 2 files, total: 316.55 kB
✔ Build complete in 1270ms
ℹ dist-electron/snapShot/GlobalShiftShortcutWorker.cjs          5.71 kB │ gzip: 1.60 kB
ℹ dist-electron/snapShot/SnapShotAccessibilityWorker.cjs        5.69 kB │ gzip: 1.75 kB
ℹ dist-electron/electron/WindowsForegroundFocusWorker.cjs       2.32 kB │ gzip: 0.89 kB
ℹ dist-electron/snapShot/RegionSnapShotWorker.cjs               0.77 kB │ gzip: 0.43 kB
ℹ dist-electron/snapShot-BqX0hMCi.cjs.map                       4.04 MB
ℹ dist-electron/snapShot-BqX0hMCi.cjs                           1.05 MB
ℹ dist-electron/snapShot/GlobalShiftShortcutWorker.cjs.map     13.62 kB │ gzip: 3.59 kB
ℹ dist-electron/snapShot/SnapShotAccessibilityWorker.cjs.map   12.40 kB │ gzip: 3.68 kB
ℹ dist-electron/electron/WindowsForegroundFocusWorker.cjs.map   5.07 kB │ gzip: 1.69 kB
ℹ dist-electron/snapShot/RegionSnapShotWorker.cjs.map           1.77 kB │ gzip: 0.84 kB
ℹ dist-electron/rolldown-runtime-VH7oDXx4.cjs                   1.13 kB │ gzip: 0.54 kB
ℹ 11 files, total: 5.14 MB
✔ Build complete in 1627ms
ℹ dist-electron/main.cjs       4.79 MB
ℹ dist-electron/main.cjs.map  12.21 MB
ℹ 2 files, total: 17.00 MB
../../node_modules/.pnpm/dbus-next@0.10.2_patch_hash=cfff57561b0ee59b5addb3b2e6c6f20906e967507a530ab67e8db8108e520ba4/node_modules/dbus-next/lib/address-x11.js (7:22) [33m[UNRESOLVED_IMPORT] [0mCould not resolve 'x11' in ../../node_modules/.pnpm/dbus-next@0.10.2_patch_hash=cfff57561b0ee59b5addb3b2e6c6f20906e967507a530ab67e8db8108e520ba4/node_modules/dbus-next/lib/address-x11.js
   [38;5;246m╭[0m[38;5;246m─[0m[38;5;246m[[0m ../../node_modules/.pnpm/dbus-next@0.10.2_patch_hash=cfff57561b0ee59b5addb3b2e6c6f20906e967507a530ab67e8db8108e520ba4/node_modules/dbus-next/lib/address-x11.js:7:23 [38;5;246m][0m
   [38;5;246m│[0m
 [38;5;246m7 │[0m [38;5;249m [0m[38;5;249m [0m[38;5;249mc[0m[38;5;249mo[0m[38;5;249mn[0m[38;5;249ms[0m[38;5;249mt[0m[38;5;249m [0m[38;5;249mx[0m[38;5;249m1[0m[38;5;249m1[0m[38;5;249m [0m[38;5;249m=[0m[38;5;249m [0m[38;5;249mr[0m[38;5;249me[0m[38;5;249mq[0m[38;5;249mu[0m[38;5;249mi[0m[38;5;249mr[0m[38;5;249me[0m[38;5;249m([0m'x11'[38;5;249m)[0m[38;5;249m;[0m
 [38;5;240m  │[0m                       ──┬──  
 [38;5;240m  │[0m                         ╰──── Module not found, treating it as an external dependency
[38;5;246m───╯[0m

../../node_modules/.pnpm/effect@4.0.0-rc.115_patch_hash=0dfc4bb8ebd80fb3e06b91ef61346f5259517ab0f2437644fe95ae531084b1f5/node_modules/effect/dist/ConfigProvider.js (709:7) [33m[EMPTY_IMPORT_META] [0m`import.meta` may not be a valid syntax with the `cjs` output format.
     [38;5;246m╭[0m[38;5;246m─[0m[38;5;246m[[0m ../../node_modules/.pnpm/effect@4.0.0-rc.115_patch_hash=0dfc4bb8ebd80fb3e06b91ef61346f5259517ab0f2437644fe95ae531084b1f5/node_modules/effect/dist/ConfigProvider.js:709:8 [38;5;246m][0m
     [38;5;246m│[0m
 [38;5;246m709 │[0m [38;5;249m [0m[38;5;249m [0m[38;5;249m [0m[38;5;249m [0m[38;5;249m.[0m[38;5;249m.[0m[38;5;249m.[0mimport.meta[38;5;249m?[0m[38;5;249m.[0m[38;5;249me[0m[38;5;249mn[0m[38;5;249mv[0m
 [38;5;240m    │[0m        ─────┬─────  
 [38;5;240m    │[0m             ╰─────── This `import.meta` will be replaced with an empty object (`{}`) automatically. If this is desired, you can suppress this warning by adding `transform.define: { 'import.meta': {} }`. If `import.meta` needs to be kept as-is, you need to set the output format to `esm`.
[38;5;246m─────╯[0m

[33m[PLUGIN_TIMINGS] [0mYour build spent 17% of 5.0s inside plugin hooks (841ms).
Not measurable — 1 hook whose calls overlap, so elapsed time covers work other calls were doing. Profile with `node --cpu-prof`:
  - tsdown:deps resolveId (3012 calls)
See https://rolldown.rs/reference/InputOptions.checks#plugintimings for more details.

✔ Build complete in 5429ms

---
vp run: 0/5 cache hit (0%). (Run `vp run --last-details` for full details)
