~/apps/web$ vp build ⊘ cache disabled
vite v8.1.2 building client environment for production...
[2Ktransforming...[33m[PLUGIN_TIMINGS] [0mYour build spent significant time in plugins. Here is a breakdown:
  - rolldown:vite-resolve (40%)
  - vite:css-post (25%)
  - vite:asset (15%)
See https://rolldown.rs/reference/InputOptions.checks#plugintimings for more details.

✓ 6071 modules transformed.
rendering chunks...
computing gzip size...
dist/assets/ghostty-write-pty-hgyAvVbe.wasm                       0.11 kB │ gzip:   0.12 kB
dist/assets/snap-shot-click-CJiuxMEv.mp3                          6.38 kB
dist/assets/notification-input-BJS4voY1.mp3                      11.63 kB
dist/assets/notification-completion-vyCCbYsz.mp3                 11.94 kB
dist/assets/snap-shot-whoosh-CQZ59XJc.mp3                        15.02 kB
dist/index.html                                                  20.14 kB │ gzip:   5.08 kB
dist/assets/ghostty-vt-DdA0Zryv.wasm                            630.93 kB │ gzip: 187.91 kB
dist/third-party-licenses.json                                  732.11 kB │ gzip:  85.98 kB
dist/assets/worker-CIcqvLjo.js                                  833.72 kB
dist/.vite/manifest.json                                      1,115.06 kB │ gzip:  79.03 kB
dist/assets/SymbolsNerdFontMono-Regular-aK5vsLov.woff2        1,177.57 kB
dist/assets/main-BmIupgXD.css                                   501.47 kB │ gzip:  66.91 kB
dist/assets/text-search-DIUMGbTl.js                               0.07 kB │ gzip:   0.09 kB
dist/assets/alarm-clock-off-CvcR9Why.js                           0.08 kB │ gzip:   0.09 kB
dist/assets/arrow-up-down-B7ULDoMK.js                             0.08 kB │ gzip:   0.09 kB
dist/assets/chart-no-axes-column-CHBkY1-E.js                      0.08 kB │ gzip:   0.09 kB
dist/assets/corner-left-up-DfEJZcdT.js                            0.08 kB │ gzip:   0.09 kB
dist/assets/file-search-DLkzLD3B.js                               0.08 kB │ gzip:   0.09 kB
dist/assets/keyboard-Bj30m0_i.js                                  0.08 kB │ gzip:   0.09 kB
dist/assets/panels-top-left-DMc0oOFQ.js                           0.08 kB │ gzip:   0.09 kB
dist/assets/pin-6ikQI8kv.js                                       0.08 kB │ gzip:   0.09 kB
dist/assets/pin-off-CKVbvxvp.js                                   0.08 kB │ gzip:   0.09 kB
dist/assets/settings-2-XsEEEtRa.js                                0.08 kB │ gzip:   0.09 kB
dist/assets/shield-question-mark-nf5Saaql.js                      0.08 kB │ gzip:   0.09 kB
dist/assets/_chat.draft._draftId-DJ7LAi8J.js                      0.09 kB │ gzip:   0.11 kB │ map:     0.53 kB
dist/assets/_chat._environmentId._threadId-DJ7LAi8J.js            0.10 kB │ gzip:   0.12 kB │ map:     0.55 kB
dist/assets/env-wK1YYxA8.js                                       0.11 kB │ gzip:   0.12 kB │ map:     0.55 kB
dist/assets/previewBridge-BwUuF13x.js                             0.13 kB │ gzip:   0.13 kB │ map:     0.63 kB
dist/assets/settings.archived-CohVPV0v.js                         0.13 kB │ gzip:   0.14 kB │ map:     0.49 kB
dist/assets/slash-CZUnjlTP.js                                     0.19 kB │ gzip:   0.18 kB │ map:     0.78 kB
dist/assets/tally-1-DE6znlj9.js                                   0.19 kB │ gzip:   0.18 kB │ map:     0.78 kB
dist/assets/FieldItemContext-CnUJFxq5.js                          0.19 kB │ gzip:   0.18 kB │ map:     0.80 kB
dist/assets/wifi-zero-U31xTUHG.js                                 0.20 kB │ gzip:   0.19 kB │ map:     0.80 kB
dist/assets/dot-Bh8zlsIm.js                                       0.20 kB │ gzip:   0.19 kB │ map:     0.81 kB
dist/assets/signal-zero-BjHb-hfF.js                               0.20 kB │ gzip:   0.19 kB │ map:     0.81 kB
dist/assets/mountain-CwEcbm42.js                                  0.21 kB │ gzip:   0.20 kB │ map:     0.81 kB
dist/assets/bluetooth-BXbl5B9s.js                                 0.21 kB │ gzip:   0.20 kB │ map:     0.82 kB
dist/assets/circle-small-2dmwK6L2.js                              0.21 kB │ gzip:   0.19 kB │ map:     0.86 kB
dist/assets/fish-symbol-BJkmF_pb.js                               0.22 kB │ gzip:   0.21 kB │ map:     0.84 kB
dist/assets/space-Cgwv2G9Y.js                                     0.22 kB │ gzip:   0.21 kB │ map:     0.82 kB
dist/assets/egg-D8oUj68U.js                                       0.22 kB │ gzip:   0.21 kB │ map:     0.81 kB
dist/assets/twitch-Bf7kq9gS.js                                    0.22 kB │ gzip:   0.22 kB │ map:     0.82 kB
dist/assets/framer-DXOA7i-e.js                                    0.22 kB │ gzip:   0.21 kB │ map:     0.82 kB
dist/assets/navigation-DTlEany5.js                                0.22 kB │ gzip:   0.20 kB │ map:     0.84 kB
dist/assets/tally-2-64RFqx4y.js                                   0.23 kB │ gzip:   0.20 kB │ map:     0.89 kB
dist/assets/navigation-2-BvW5mNtK.js                              0.23 kB │ gzip:   0.21 kB │ map:     0.85 kB
dist/assets/t3ProjectFile-B1geqYe-.js                             0.23 kB │ gzip:   0.20 kB │ map:     2.44 kB
dist/assets/option-DmglZVRp.js                                    0.23 kB │ gzip:   0.21 kB │ map:     0.89 kB
dist/assets/code-BBIrdnVK.js                                      0.23 kB │ gzip:   0.20 kB │ map:     0.89 kB
dist/assets/thermometer-B_efpaHH.js                               0.23 kB │ gzip:   0.21 kB │ map:     0.85 kB
dist/assets/move-up-Fb3PGVY9.js                                   0.23 kB │ gzip:   0.21 kB │ map:     0.90 kB
dist/assets/signal-low-Bf215zrU.js                                0.23 kB │ gzip:   0.21 kB │ map:     0.91 kB
dist/assets/squircle-CGZAr00M.js                                  0.24 kB │ gzip:   0.22 kB │ map:     0.85 kB
dist/assets/move-left-DXj_D4pe.js                                 0.24 kB │ gzip:   0.21 kB │ map:     0.91 kB
dist/assets/minus-CQ3Qj4l2.js                                     0.24 kB │ gzip:   0.22 kB │ map:     0.77 kB
dist/assets/music-3-nmbfUsAb.js                                   0.24 kB │ gzip:   0.22 kB │ map:     0.93 kB
dist/assets/clock-6-CfIzaG8C.js                                   0.24 kB │ gzip:   0.22 kB │ map:     0.93 kB
dist/assets/clock-12-DArUHtpO.js                                  0.24 kB │ gzip:   0.22 kB │ map:     0.94 kB
dist/assets/clock-3-D1encnLH.js                                   0.24 kB │ gzip:   0.22 kB │ map:     0.93 kB
dist/assets/clock-9-D57l4_1p.js                                   0.24 kB │ gzip:   0.22 kB │ map:     0.93 kB
dist/assets/move-down-D0MLcZUq.js                                 0.24 kB │ gzip:   0.21 kB │ map:     0.91 kB
dist/assets/move-up-left-BYBYtUyE.js                              0.24 kB │ gzip:   0.21 kB │ map:     0.92 kB
dist/assets/music-2-C4FyYsjC.js                                   0.24 kB │ gzip:   0.22 kB │ map:     0.93 kB
dist/assets/rectangle-vertical-ClMWLopZ.js                        0.24 kB │ gzip:   0.21 kB │ map:     0.95 kB
dist/assets/chevron-last-207yVoO3.js                              0.24 kB │ gzip:   0.21 kB │ map:     0.93 kB
dist/assets/clock-1-CtA76BVZ.js                                   0.24 kB │ gzip:   0.22 kB │ map:     0.93 kB
dist/assets/clock-2-DQSeMsCg.js                                   0.24 kB │ gzip:   0.22 kB │ map:     0.93 kB
dist/assets/clock-4-CJRM99AZ.js                                   0.24 kB │ gzip:   0.22 kB │ map:     0.93 kB
dist/assets/clock-5-Ds2gDWd-.js                                   0.24 kB │ gzip:   0.22 kB │ map:     0.93 kB
dist/assets/move-right-QWYgJ95x.js                                0.24 kB │ gzip:   0.22 kB │ map:     0.92 kB
dist/assets/arrow-up-left-C_U2SYHd.js                             0.24 kB │ gzip:   0.22 kB │ map:     0.93 kB
dist/assets/blend-gzfC_aVP.js                                     0.24 kB │ gzip:   0.21 kB │ map:     0.96 kB
dist/assets/clock-7-DxSuRvr9.js                                   0.24 kB │ gzip:   0.22 kB │ map:     0.94 kB
dist/assets/clock-8-Vft5Ms3D.js                                   0.24 kB │ gzip:   0.22 kB │ map:     0.94 kB
dist/assets/chevron-first-B1aILxR5.js                             0.24 kB │ gzip:   0.21 kB │ map:     0.94 kB
dist/assets/disc-ClyLIF3C.js                                      0.24 kB │ gzip:   0.20 kB │ map:     0.95 kB
dist/assets/infinity-CuGDak3y.js                                  0.24 kB │ gzip:   0.22 kB │ map:     0.87 kB
dist/assets/move-up-right-buzSqbTP.js                             0.24 kB │ gzip:   0.22 kB │ map:     0.93 kB
dist/assets/bold-mC92lZxp.js                                      0.25 kB │ gzip:   0.22 kB │ map:     0.85 kB
dist/assets/check-33t3bRqw.js                                     0.25 kB │ gzip:   0.23 kB │ map:     0.78 kB
dist/assets/clock-10-DkXIFUbG.js                                  0.25 kB │ gzip:   0.22 kB │ map:     0.94 kB
dist/assets/clock-11-D5doQsNb.js                                  0.25 kB │ gzip:   0.22 kB │ map:     0.94 kB
dist/assets/rectangle-horizontal-o5M3e4QD.js                      0.25 kB │ gzip:   0.22 kB │ map:     0.96 kB
dist/assets/reply-De3WdN-8.js                                     0.25 kB │ gzip:   0.22 kB │ map:     0.91 kB
dist/assets/move-down-left-BoIBoEyK.js                            0.25 kB │ gzip:   0.22 kB │ map:     0.94 kB
dist/assets/arrow-down-left-QA9c8RTD.js                           0.25 kB │ gzip:   0.21 kB │ map:     0.94 kB
dist/assets/chevrons-up-ByFC12W4.js                               0.25 kB │ gzip:   0.21 kB │ map:     0.93 kB
dist/assets/ban-BRM2A7aR.js                                       0.25 kB │ gzip:   0.22 kB │ map:     0.93 kB
dist/assets/chevrons-down-Dm4yeaUV.js                             0.25 kB │ gzip:   0.20 kB │ map:     0.94 kB
dist/assets/circle-minus-CujvVzoZ.js                              0.25 kB │ gzip:   0.22 kB │ map:     0.96 kB
dist/assets/wifi-low-O3fgCUnB.js                                  0.25 kB │ gzip:   0.22 kB │ map:     0.92 kB
dist/assets/arrow-down-right-B5Es9Yml.js                          0.25 kB │ gzip:   0.22 kB │ map:     0.95 kB
dist/assets/facebook-DfM9iM90.js                                  0.25 kB │ gzip:   0.23 kB │ map:     0.87 kB
dist/assets/move-down-right-CzsXxvNa.js                           0.25 kB │ gzip:   0.22 kB │ map:     0.95 kB
dist/assets/forward-DDrD40mw.js                                   0.25 kB │ gzip:   0.22 kB │ map:     0.92 kB
dist/assets/chevrons-left-BmvfsV9D.js                             0.25 kB │ gzip:   0.21 kB │ map:     0.95 kB
dist/assets/chevrons-right-587Ra2-b.js                            0.25 kB │ gzip:   0.21 kB │ map:     0.95 kB
dist/assets/mouse-BdZiY5sT.js                                     0.25 kB │ gzip:   0.23 kB │ map:     0.97 kB
dist/assets/triangle-DSIKcX2y.js                                  0.25 kB │ gzip:   0.23 kB │ map:     0.88 kB
dist/assets/tv-VwXRoF6y.js                                        0.25 kB │ gzip:   0.23 kB │ map:     0.96 kB
dist/assets/circle-BnBTWW4A.js                                    0.25 kB │ gzip:   0.22 kB │ map:     0.82 kB
dist/assets/eclipse-CoQTj0wK.js                                   0.25 kB │ gzip:   0.22 kB │ map:     0.95 kB
dist/assets/authRedirect-DWE5a_T9.js                              0.25 kB │ gzip:   0.18 kB │ map:     1.34 kB
dist/assets/command-BfBtGHrX.js                                   0.25 kB │ gzip:   0.22 kB │ map:     0.87 kB
dist/assets/crop-B3yxdPGt.js                                      0.25 kB │ gzip:   0.22 kB │ map:     0.91 kB
dist/assets/check-check-B3LA1Z_2.js                               0.25 kB │ gzip:   0.23 kB │ map:     0.94 kB
dist/assets/chevron-up-zN3GBAyT.js                                0.25 kB │ gzip:   0.23 kB │ map:     0.81 kB
dist/assets/rows-2-B6_6GEdu.js                                    0.25 kB │ gzip:   0.23 kB │ map:     0.97 kB
dist/assets/undo-CSY7LYWH.js                                      0.25 kB │ gzip:   0.22 kB │ map:     0.91 kB
dist/assets/circle-slash-2-Bl8pEmz9.js                            0.26 kB │ gzip:   0.22 kB │ map:     0.98 kB
dist/assets/iteration-cw-CQtPKUEM.js                              0.26 kB │ gzip:   0.23 kB │ map:     0.94 kB
dist/assets/chevron-down-CtKV8DTD.js                              0.26 kB │ gzip:   0.23 kB │ map:     0.82 kB
dist/assets/redo-QnezpCNa.js                                      0.26 kB │ gzip:   0.22 kB │ map:     0.91 kB
dist/assets/russian-ruble-CUXLJTt3.js                             0.26 kB │ gzip:   0.22 kB │ map:     0.95 kB
dist/assets/equal-OH7cP-Rj.js                                     0.26 kB │ gzip:   0.21 kB │ map:     1.00 kB
dist/assets/menu-DllI8P47.js                                      0.26 kB │ gzip:   0.21 kB │ map:     0.97 kB
dist/assets/chart-line-D-HzQORo.js                                0.26 kB │ gzip:   0.23 kB │ map:     0.94 kB
dist/assets/chevron-left-B56EkP2d.js                              0.26 kB │ gzip:   0.23 kB │ map:     0.82 kB
dist/assets/contrast-Cy_3ixIL.js                                  0.26 kB │ gzip:   0.23 kB │ map:     0.96 kB
dist/assets/diff-DeBjPInN.js                                      0.26 kB │ gzip:   0.22 kB │ map:     0.97 kB
dist/assets/chevron-right-ZQrqekBW.js                             0.26 kB │ gzip:   0.23 kB │ map:     0.83 kB
dist/assets/iteration-ccw-IIAG_Rpf.js                             0.26 kB │ gzip:   0.23 kB │ map:     0.95 kB
dist/assets/panel-top-B8RLDYEx.js                                 0.26 kB │ gzip:   0.23 kB │ map:     0.99 kB
dist/assets/chevrons-left-right-CG2LGkla.js                       0.26 kB │ gzip:   0.22 kB │ map:     0.98 kB
dist/assets/kanban-gZggowxe.js                                    0.26 kB │ gzip:   0.22 kB │ map:     0.98 kB
dist/assets/copyleft-DS-KUcEb.js                                  0.26 kB │ gzip:   0.23 kB │ map:     0.96 kB
dist/assets/book-DDk89mAa.js                                      0.26 kB │ gzip:   0.23 kB │ map:     0.89 kB
dist/assets/chevrons-right-left-CKLkhVzB.js                       0.26 kB │ gzip:   0.22 kB │ map:     0.98 kB
dist/assets/parentheses-Kxx0j2jq.js                               0.26 kB │ gzip:   0.22 kB │ map:     0.95 kB
dist/assets/tally-3-C3ehlwNP.js                                   0.26 kB │ gzip:   0.21 kB │ map:     0.99 kB
dist/assets/tv-minimal-C181e9PA.js                                0.26 kB │ gzip:   0.23 kB │ map:     0.99 kB
dist/assets/corner-right-up-kXyYb8I5.js                           0.26 kB │ gzip:   0.23 kB │ map:     0.96 kB
dist/assets/corner-up-left-DjD6NdW6.js                            0.26 kB │ gzip:   0.23 kB │ map:     0.96 kB
dist/assets/dice-1-DKWi3C_U.js                                    0.26 kB │ gzip:   0.23 kB │ map:     0.99 kB
dist/assets/heading-Bk-m5DNG.js                                   0.26 kB │ gzip:   0.22 kB │ map:     0.99 kB
dist/assets/circle-chevron-up-DJPDR2xR.js                         0.26 kB │ gzip:   0.22 kB │ map:     1.00 kB
dist/assets/copyright-B-Jp-AVS.js                                 0.26 kB │ gzip:   0.23 kB │ map:     0.97 kB
dist/assets/cylinder-C3aJUJhS.js                                  0.26 kB │ gzip:   0.24 kB │ map:     0.98 kB
dist/assets/underline-jsApweiW.js                                 0.26 kB │ gzip:   0.23 kB │ map:     0.98 kB
dist/assets/user-DBh-HWWk.js                                      0.26 kB │ gzip:   0.23 kB │ map:     0.95 kB
dist/assets/corner-down-left-CV_9bNOB.js                          0.27 kB │ gzip:   0.23 kB │ map:     0.97 kB
dist/assets/square-minus-BQVGtREQ.js                              0.27 kB │ gzip:   0.23 kB │ map:     1.01 kB
dist/assets/corner-up-right-DuGI3ppv.js                           0.27 kB │ gzip:   0.23 kB │ map:     0.97 kB
dist/assets/corner-down-right-Cnc1qaYd.js                         0.27 kB │ gzip:   0.23 kB │ map:     0.98 kB
dist/assets/corner-left-down-CC03zCns.js                          0.27 kB │ gzip:   0.23 kB │ map:     0.97 kB
dist/assets/corner-right-down-pM2yipzW.js                         0.27 kB │ gzip:   0.23 kB │ map:     0.98 kB
dist/assets/flame-DuvsD2PU.js                                     0.27 kB │ gzip:   0.24 kB │ map:     0.90 kB
dist/assets/slice-9JAicGi8.js                                     0.27 kB │ gzip:   0.24 kB │ map:     0.90 kB
dist/assets/torus-Ddjsnn-u.js                                     0.27 kB │ gzip:   0.22 kB │ map:     1.01 kB
dist/assets/triangle-right-BLtWOy_F.js                            0.27 kB │ gzip:   0.24 kB │ map:     0.94 kB
dist/assets/circle-chevron-down-DuCU_eOl.js                       0.27 kB │ gzip:   0.23 kB │ map:     1.01 kB
dist/assets/circle-chevron-left-BJOevQs7.js                       0.27 kB │ gzip:   0.23 kB │ map:     1.01 kB
dist/assets/square-DIJ9S-uB.js                                    0.27 kB │ gzip:   0.24 kB │ map:     0.87 kB
dist/assets/venus-Cxc_2MJ4.js                                     0.27 kB │ gzip:   0.23 kB │ map:     1.02 kB
dist/assets/at-sign-BuOw8sef.js                                   0.27 kB │ gzip:   0.24 kB │ map:     0.96 kB
dist/assets/circle-chevron-right-PXM5PIxA.js                      0.27 kB │ gzip:   0.23 kB │ map:     1.02 kB
dist/assets/circle-parking-BhrgCDV6.js                            0.27 kB │ gzip:   0.24 kB │ map:     1.00 kB
dist/assets/flag-triangle-left-CVjaBYCo.js                        0.27 kB │ gzip:   0.23 kB │ map:     0.93 kB
dist/assets/martini-6OIsB052.js                                   0.27 kB │ gzip:   0.23 kB │ map:     1.00 kB
dist/assets/flag-triangle-right-DKycA308.js                       0.27 kB │ gzip:   0.24 kB │ map:     0.94 kB
dist/assets/square-check-CXWmgY0T.js                              0.27 kB │ gzip:   0.24 kB │ map:     1.01 kB
dist/assets/x-Czz84JWl.js                                         0.27 kB │ gzip:   0.24 kB │ map:     0.86 kB
dist/assets/baseline-WzG1pH5s.js                                  0.27 kB │ gzip:   0.23 kB │ map:     1.01 kB
dist/assets/loader-circle-GUOxrEZ6.js                             0.27 kB │ gzip:   0.24 kB │ map:     0.84 kB
dist/assets/plus-GWW1PXRF.js                                      0.27 kB │ gzip:   0.24 kB │ map:     0.87 kB
dist/assets/square-dot-9PGiOhcX.js                                0.27 kB │ gzip:   0.24 kB │ map:     1.03 kB
dist/assets/circle-check-big-CPZfDC3t.js                          0.27 kB │ gzip:   0.24 kB │ map:     0.98 kB
dist/assets/circle-stop-BPc_rH_m.js                               0.27 kB │ gzip:   0.23 kB │ map:     1.04 kB
dist/assets/line-squiggle-nVrhuS-8.js                             0.27 kB │ gzip:   0.24 kB │ map:     0.94 kB
dist/assets/swiss-franc-BfCXQ5N_.js                               0.27 kB │ gzip:   0.23 kB │ map:     1.02 kB
dist/assets/toggle-left-7PH_2wf1.js                               0.27 kB │ gzip:   0.24 kB │ map:     1.04 kB
dist/assets/pocket-BJVlloB0.js                                    0.28 kB │ gzip:   0.23 kB │ map:     0.94 kB
dist/assets/check-line-QKmmPmQn.js                                0.28 kB │ gzip:   0.23 kB │ map:     1.02 kB
dist/assets/cone-BWqkt5Ah.js                                      0.28 kB │ gzip:   0.25 kB │ map:     0.98 kB
dist/assets/mars-Dl1mhNc3.js                                      0.28 kB │ gzip:   0.24 kB │ map:     1.02 kB
dist/assets/radical-DMDT7lEw.js                                   0.28 kB │ gzip:   0.25 kB │ map:     0.92 kB
dist/assets/redo-2-C2CjXAgx.js                                    0.28 kB │ gzip:   0.23 kB │ map:     0.94 kB
dist/assets/text-align-end-BttRHZ0v.js                            0.28 kB │ gzip:   0.22 kB │ map:     1.03 kB
dist/assets/toggle-right-FRBPIsdb.js                              0.28 kB │ gzip:   0.24 kB │ map:     1.05 kB
dist/assets/signal-medium-N4Ca-F6Z.js                             0.28 kB │ gzip:   0.23 kB │ map:     1.03 kB
dist/assets/square-radical-rNCMPD0U.js                            0.28 kB │ gzip:   0.24 kB │ map:     1.03 kB
dist/assets/pause-SN-XMxbG.js                                     0.28 kB │ gzip:   0.22 kB │ map:     1.05 kB
dist/assets/cloud-BMLqqLJK.js                                     0.28 kB │ gzip:   0.25 kB │ map:     0.82 kB
dist/assets/pill-Dcj9FOgn.js                                      0.28 kB │ gzip:   0.23 kB │ map:     0.95 kB
dist/assets/rail-symbol-DiNk27Vd.js                               0.28 kB │ gzip:   0.23 kB │ map:     1.03 kB
dist/assets/ratio-CTOldrMg.js                                     0.28 kB │ gzip:   0.23 kB │ map:     1.05 kB
dist/assets/square-chevron-up-CGqn16IM.js                         0.28 kB │ gzip:   0.24 kB │ map:     1.04 kB
dist/assets/circle-plus-B7h4rCIy.js                               0.28 kB │ gzip:   0.23 kB │ map:     1.05 kB
dist/assets/credit-card-DGQHSCBK.js                               0.28 kB │ gzip:   0.24 kB │ map:     1.06 kB
dist/assets/move-diagonal-k9DfNmhh.js                             0.28 kB │ gzip:   0.23 kB │ map:     1.03 kB
dist/assets/droplet-CK1Lph6A.js                                   0.28 kB │ gzip:   0.25 kB │ map:     0.92 kB
dist/assets/square-slash--fsfaMxl.js                              0.28 kB │ gzip:   0.24 kB │ map:     1.07 kB
dist/assets/tablet-DMrjhEWU.js                                    0.28 kB │ gzip:   0.24 kB │ map:     1.06 kB
dist/assets/text-align-center-DjACc80G.js                         0.28 kB │ gzip:   0.23 kB │ map:     1.05 kB
dist/assets/ungroup-DCU_n7aY.js                                   0.28 kB │ gzip:   0.23 kB │ map:     1.06 kB
dist/assets/sigma-dDCb4zFD.js                                     0.28 kB │ gzip:   0.24 kB │ map:     0.91 kB
dist/assets/spell-check-CL4s_a9z.js                               0.28 kB │ gzip:   0.23 kB │ map:     1.03 kB
dist/assets/square-sigma-BJxHAOmT.js                              0.28 kB │ gzip:   0.25 kB │ map:     1.03 kB
dist/assets/unlink-2-BfNjGBBK.js                                  0.28 kB │ gzip:   0.25 kB │ map:     0.84 kB
dist/assets/asterisk-BNxLFtZk.js                                  0.29 kB │ gzip:   0.23 kB │ map:     1.02 kB
dist/assets/move-vertical-Bf1I0GGU.js                             0.29 kB │ gzip:   0.23 kB │ map:     1.04 kB
dist/assets/text-align-justify-CEZBfL9H.js                        0.29 kB │ gzip:   0.22 kB │ map:     1.06 kB
dist/assets/album-D7_AuuiR.js                                     0.29 kB │ gzip:   0.24 kB │ map:     1.02 kB
dist/assets/arrow-up-Ch-ghlx_.js                                  0.29 kB │ gzip:   0.24 kB │ map:     0.90 kB
dist/assets/circle-equal-DXl2m0Ah.js                              0.29 kB │ gzip:   0.23 kB │ map:     1.06 kB
dist/assets/dock-BXyeKSMX.js                                      0.29 kB │ gzip:   0.24 kB │ map:     1.06 kB
dist/assets/move-diagonal-2-hcm9neen.js                           0.29 kB │ gzip:   0.23 kB │ map:     1.05 kB
dist/assets/square-chevron-down-B4Czrk66.js                       0.29 kB │ gzip:   0.25 kB │ map:     1.06 kB
dist/assets/square-chevron-left-C86XiUbv.js                       0.29 kB │ gzip:   0.24 kB │ map:     1.06 kB
dist/assets/terminal-BOZGVIf7.js                                  0.29 kB │ gzip:   0.24 kB │ map:     0.90 kB
dist/assets/arrow-up-to-line-BTJvHhmz.js                          0.29 kB │ gzip:   0.23 kB │ map:     1.05 kB
dist/assets/captions-65zbi7TU.js                                  0.29 kB │ gzip:   0.25 kB │ map:     1.03 kB
dist/assets/chart-no-axes-gantt-CGNyLeoB.js                       0.29 kB │ gzip:   0.23 kB │ map:     1.06 kB
dist/assets/disc-2-BIrOvc1q.js                                    0.29 kB │ gzip:   0.23 kB │ map:     1.07 kB
dist/assets/square-chevron-right-DJLES5Zk.js                      0.29 kB │ gzip:   0.24 kB │ map:     1.06 kB
dist/assets/square-parking-Cw-FMFrq.js                            0.29 kB │ gzip:   0.25 kB │ map:     1.04 kB
dist/assets/music-BeUH-zsW.js                                     0.29 kB │ gzip:   0.24 kB │ map:     1.07 kB
dist/assets/type-D3GFWqVX.js                                      0.29 kB │ gzip:   0.24 kB │ map:     1.01 kB
dist/assets/move-horizontal-Crpl4MfF.js                           0.29 kB │ gzip:   0.23 kB │ map:     1.05 kB
dist/assets/rectangle-circle-y7pS0zS0.js                          0.29 kB │ gzip:   0.24 kB │ map:     1.02 kB
dist/assets/square-activity-BuiEa7T4.js                           0.29 kB │ gzip:   0.25 kB │ map:     1.05 kB
dist/assets/arrow-left-to-line-CNobYefg.js                        0.29 kB │ gzip:   0.23 kB │ map:     1.06 kB
dist/assets/clock-DypcHHyZ.js                                     0.29 kB │ gzip:   0.25 kB │ map:     0.92 kB
dist/assets/arrow-down-iYPeWSP7.js                                0.29 kB │ gzip:   0.25 kB │ map:     0.91 kB
dist/assets/arrow-down-to-line-CJkWgK_s.js                        0.29 kB │ gzip:   0.23 kB │ map:     1.06 kB
dist/assets/arrow-left-BZDNSfX-.js                                0.29 kB │ gzip:   0.25 kB │ map:     0.91 kB
dist/assets/arrow-up-from-line-T6dMh0uW.js                        0.29 kB │ gzip:   0.23 kB │ map:     1.06 kB
dist/assets/flask-round-CHwLRjx7.js                               0.29 kB │ gzip:   0.24 kB │ map:     1.04 kB
dist/assets/rss-BmQx7Gmg.js                                       0.29 kB │ gzip:   0.24 kB │ map:     1.04 kB
dist/assets/square-stop-CELnnAZX.js                               0.29 kB │ gzip:   0.24 kB │ map:     1.08 kB
dist/assets/arrow-right-CBhzv4bp.js                               0.29 kB │ gzip:   0.25 kB │ map:     0.92 kB
dist/assets/brackets-DgpYU8rx.js                                  0.29 kB │ gzip:   0.24 kB │ map:     0.97 kB
dist/assets/briefcase-CA7WIH1O.js                                 0.29 kB │ gzip:   0.25 kB │ map:     1.03 kB
dist/assets/chart-spline-lNAQeDpk.js                              0.29 kB │ gzip:   0.25 kB │ map:     0.98 kB
dist/assets/turkish-lira-BUztRPHy.js                              0.29 kB │ gzip:   0.24 kB │ map:     1.04 kB
dist/assets/arrow-down-from-line-Cnp9OhLD.js                      0.29 kB │ gzip:   0.24 kB │ map:     1.07 kB
dist/assets/arrow-left-from-line-D_bHWgEk.js                      0.29 kB │ gzip:   0.24 kB │ map:     1.07 kB
dist/assets/arrow-right-to-line-DNJGMFLm.js                       0.29 kB │ gzip:   0.24 kB │ map:     1.07 kB
dist/assets/beaker-DqGm9ScB.js                                    0.29 kB │ gzip:   0.24 kB │ map:     1.02 kB
dist/assets/dollar-sign-BBBShBjj.js                               0.29 kB │ gzip:   0.24 kB │ map:     1.02 kB
dist/assets/grid-2x2-BjKAxi5o.js                                  0.29 kB │ gzip:   0.24 kB │ map:     1.08 kB
dist/assets/power-CON7419X.js                                     0.29 kB │ gzip:   0.25 kB │ map:     0.90 kB
dist/assets/square-square-Bd8rLTLU.js                             0.29 kB │ gzip:   0.23 kB │ map:     1.10 kB
dist/assets/laptop-minimal-f0d0lAza.js                            0.30 kB │ gzip:   0.25 kB │ map:     1.10 kB
dist/assets/merge-ByUYc-Pr.js                                     0.30 kB │ gzip:   0.25 kB │ map:     1.02 kB
dist/assets/columns-3-Bnz5qEuX.js                                 0.30 kB │ gzip:   0.24 kB │ map:     1.09 kB
dist/assets/highlighter-OMJudutM.js                               0.30 kB │ gzip:   0.25 kB │ map:     0.98 kB
dist/assets/reply-all-DYJHp8FZ.js                                 0.30 kB │ gzip:   0.24 kB │ map:     1.04 kB
dist/assets/search-DbdxhGxp.js                                    0.30 kB │ gzip:   0.25 kB │ map:     0.93 kB
dist/assets/search-check-U2HsXL35.js                              0.30 kB │ gzip:   0.24 kB │ map:     1.08 kB
dist/assets/search-slash-B2UZFmsa.js                              0.30 kB │ gzip:   0.25 kB │ map:     1.08 kB
dist/assets/separator-vertical-Aj6sy8ug.js                        0.30 kB │ gzip:   0.23 kB │ map:     1.07 kB
dist/assets/spline-BKnw4I8r.js                                    0.30 kB │ gzip:   0.24 kB │ map:     1.08 kB
dist/assets/target-DL82Oxgb.js                                    0.30 kB │ gzip:   0.21 kB │ map:     1.10 kB
dist/assets/touchpad-Dp_LfCU9.js                                  0.30 kB │ gzip:   0.25 kB │ map:     1.08 kB
dist/assets/arrow-right-from-line-Bt81Ms7n.js                     0.30 kB │ gzip:   0.24 kB │ map:     1.08 kB
dist/assets/arrow-up-right-DtNKA-E0.js                            0.30 kB │ gzip:   0.24 kB │ map:     0.93 kB
dist/assets/gauge-BW-AHgjm.js                                     0.30 kB │ gzip:   0.25 kB │ map:     0.90 kB
dist/assets/undo-dot-vbeJpwgf.js                                  0.30 kB │ gzip:   0.25 kB │ map:     1.06 kB
dist/assets/airplay-BIgcCwPs.js                                   0.30 kB │ gzip:   0.24 kB │ map:     1.00 kB
dist/assets/audio-waveform-D3-4SHt1.js                            0.30 kB │ gzip:   0.23 kB │ map:     0.97 kB
dist/assets/git-commit-vertical-BytmKc0i.js                       0.30 kB │ gzip:   0.24 kB │ map:     1.10 kB
dist/assets/japanese-yen-BDmuT1Xy.js                              0.30 kB │ gzip:   0.24 kB │ map:     1.05 kB
dist/assets/share-C3uHWBBo.js                                     0.30 kB │ gzip:   0.24 kB │ map:     1.02 kB
dist/assets/vote-DkLA0Cic.js                                      0.30 kB │ gzip:   0.25 kB │ map:     1.02 kB
dist/assets/arrow-up-from-dot-BkFNF6lF.js                         0.30 kB │ gzip:   0.25 kB │ map:     1.09 kB
dist/assets/cloud-check-zGZoscEl.js                               0.30 kB │ gzip:   0.25 kB │ map:     0.98 kB
dist/assets/cloud-lightning-Y1uUBCCb.js                           0.30 kB │ gzip:   0.25 kB │ map:     1.00 kB
dist/assets/omega-BMflbXIB.js                                     0.30 kB │ gzip:   0.25 kB │ map:     0.93 kB
dist/assets/square-plus-CZFczvlM.js                               0.30 kB │ gzip:   0.25 kB │ map:     1.10 kB
dist/assets/tally-4-Bq0Eu-Ic.js                                   0.30 kB │ gzip:   0.22 kB │ map:     1.09 kB
dist/assets/arrow-down-to-dot-CVe2tVxd.js                         0.30 kB │ gzip:   0.25 kB │ map:     1.10 kB
dist/assets/circle-arrow-down-Cuu1akSi.js                         0.30 kB │ gzip:   0.24 kB │ map:     1.10 kB
dist/assets/club-DBtfndgD.js                                      0.30 kB │ gzip:   0.24 kB │ map:     0.99 kB
dist/assets/dice-2-CWnD_S6W.js                                    0.30 kB │ gzip:   0.25 kB │ map:     1.09 kB
dist/assets/ear-I9zl-sK7.js                                       0.30 kB │ gzip:   0.24 kB │ map:     0.95 kB
dist/assets/separator-horizontal-DUnr4B3G.js                      0.30 kB │ gzip:   0.24 kB │ map:     1.08 kB
dist/assets/circle-arrow-left-Di_KuoNd.js                         0.30 kB │ gzip:   0.24 kB │ map:     1.10 kB
dist/assets/divide-8OEC6_RC.js                                    0.30 kB │ gzip:   0.24 kB │ map:     1.12 kB
dist/assets/library-B32PZbzg.js                                   0.30 kB │ gzip:   0.24 kB │ map:     1.09 kB
dist/assets/log-out-C2aQgUAp.js                                   0.30 kB │ gzip:   0.24 kB │ map:     1.03 kB
dist/assets/section-isVbHe4N.js                                   0.30 kB │ gzip:   0.24 kB │ map:     0.97 kB
dist/assets/battery-low-DoQDsu18.js                               0.30 kB │ gzip:   0.24 kB │ map:     1.10 kB
dist/assets/mic-CbfQJ9Jj.js                                       0.30 kB │ gzip:   0.26 kB │ map:     1.07 kB
dist/assets/pen-CsSFfxz2.js                                       0.30 kB │ gzip:   0.26 kB │ map:     0.92 kB
dist/assets/pi-D9kgGox3.js                                        0.30 kB │ gzip:   0.25 kB │ map:     1.06 kB
dist/assets/rainbow-DvsS_lUH.js                                   0.30 kB │ gzip:   0.24 kB │ map:     1.04 kB
dist/assets/stretch-vertical-B5WHjmJL.js                          0.30 kB │ gzip:   0.23 kB │ map:     1.12 kB
dist/assets/trending-up-BTIPgPhg.js                               0.30 kB │ gzip:   0.25 kB │ map:     0.93 kB
dist/assets/bluetooth-off-BR_VzC34.js                             0.30 kB │ gzip:   0.25 kB │ map:     1.06 kB
dist/assets/circle-arrow-right-PuCDPy8F.js                        0.30 kB │ gzip:   0.24 kB │ map:     1.10 kB
dist/assets/hexagon-Zo654gAU.js                                   0.30 kB │ gzip:   0.24 kB │ map:     0.94 kB
dist/assets/square-equal-Csgl4bGg.js                              0.30 kB │ gzip:   0.25 kB │ map:     1.11 kB
dist/assets/square-x-D7ysYx0p.js                                  0.30 kB │ gzip:   0.25 kB │ map:     1.10 kB
dist/assets/clock-check-J_B-kIeV.js                               0.31 kB │ gzip:   0.25 kB │ map:     1.05 kB
dist/assets/hdmi-port-Dd-ttm8S.js                                 0.31 kB │ gzip:   0.24 kB │ map:     1.01 kB
dist/assets/smartphone-charging-DmVUzMzt.js                       0.31 kB │ gzip:   0.25 kB │ map:     1.09 kB
dist/assets/text-quote-Cd3eOgE0.js                                0.31 kB │ gzip:   0.23 kB │ map:     1.11 kB
dist/assets/wifi-high-eWN0Bhg3.js                                 0.31 kB │ gzip:   0.25 kB │ map:     1.04 kB
dist/assets/bed-D7tLhunY.js                                       0.31 kB │ gzip:   0.24 kB │ map:     1.08 kB
dist/assets/chevrons-down-up-Dt9I6Q6w.js                          0.31 kB │ gzip:   0.25 kB │ map:     0.95 kB
dist/assets/chevrons-up-down-Cd7ErLuW.js                          0.31 kB │ gzip:   0.25 kB │ map:     0.95 kB
dist/assets/circle-check-BG9Mcp1h.js                              0.31 kB │ gzip:   0.25 kB │ map:     0.96 kB
dist/assets/circle-power-Dcnvrn4P.js                              0.31 kB │ gzip:   0.25 kB │ map:     1.08 kB
dist/assets/stretch-horizontal-DzwdD9yd.js                        0.31 kB │ gzip:   0.23 kB │ map:     1.13 kB
dist/assets/door-closed-CaDfGPRq.js                               0.31 kB │ gzip:   0.24 kB │ map:     1.05 kB
dist/assets/heading-1-BWgI43nh.js                                 0.31 kB │ gzip:   0.23 kB │ map:     1.10 kB
dist/assets/list-minus-BdpMh_AT.js                                0.31 kB │ gzip:   0.23 kB │ map:     1.11 kB
dist/assets/shell-pRlTyPkZ.js                                     0.31 kB │ gzip:   0.25 kB │ map:     0.94 kB
dist/assets/timer-iy6bMIN6.js                                     0.31 kB │ gzip:   0.24 kB │ map:     1.14 kB
dist/assets/trending-down-D5t23Faq.js                             0.31 kB │ gzip:   0.25 kB │ map:     0.94 kB
dist/assets/voicemail-Cl7WBH8T.js                                 0.31 kB │ gzip:   0.24 kB │ map:     1.14 kB
dist/assets/annoyed-C_dfoAYV.js                                   0.31 kB │ gzip:   0.24 kB │ map:     1.13 kB
dist/assets/circle-dot-CqhzY3kR.js                                0.31 kB │ gzip:   0.24 kB │ map:     0.98 kB
dist/assets/user-round-DPje7oG8.js                                0.31 kB │ gzip:   0.26 kB │ map:     0.96 kB
dist/assets/wallet-minimal-Cz8aHzAb.js                            0.31 kB │ gzip:   0.24 kB │ map:     1.04 kB
dist/assets/square-check-big-DNNLqLGX.js                          0.31 kB │ gzip:   0.25 kB │ map:     1.03 kB
dist/assets/user-round-minus-Cp0eCcDE.js                          0.31 kB │ gzip:   0.25 kB │ map:     1.10 kB
dist/assets/book-minus-ChGYkxaY.js                                0.31 kB │ gzip:   0.25 kB │ map:     1.02 kB
dist/assets/cloudy-kbIrAibl.js                                    0.31 kB │ gzip:   0.26 kB │ map:     0.98 kB
dist/assets/gallery-vertical-B6TkOa-j.js                          0.31 kB │ gzip:   0.25 kB │ map:     1.13 kB
dist/assets/play-DFot60fr.js                                      0.31 kB │ gzip:   0.26 kB │ map:     0.88 kB
dist/assets/skip-back-BjUgO2yZ.js                                 0.31 kB │ gzip:   0.26 kB │ map:     1.02 kB
dist/assets/headphones-Bv3nePGS.js                                0.31 kB │ gzip:   0.24 kB │ map:     0.96 kB
dist/assets/mountain-snow-DElRrPd0.js                             0.31 kB │ gzip:   0.26 kB │ map:     1.02 kB
dist/assets/philippine-peso-CiSxUQ0X.js                           0.31 kB │ gzip:   0.24 kB │ map:     1.07 kB
dist/assets/signal-high-DBqPHV_d.js                               0.31 kB │ gzip:   0.24 kB │ map:     1.12 kB
dist/assets/square-code-DgFr5Llc.js                               0.31 kB │ gzip:   0.25 kB │ map:     1.11 kB
dist/assets/square-round-corner-BKfsg_nn.js                       0.31 kB │ gzip:   0.24 kB │ map:     1.03 kB
dist/assets/step-back-Bs_jUj_H.js                                 0.31 kB │ gzip:   0.26 kB │ map:     1.02 kB
dist/assets/ampersand-BibYmN2Y.js                                 0.31 kB │ gzip:   0.26 kB │ map:     1.02 kB
dist/assets/chart-no-axes-column-decreasing-DdLp147I.js           0.31 kB │ gzip:   0.24 kB │ map:     1.13 kB
dist/assets/chart-no-axes-column-increasing-DngxKeWI.js           0.31 kB │ gzip:   0.24 kB │ map:     1.13 kB
dist/assets/columns-2-CcfNRC2_.js                                 0.31 kB │ gzip:   0.26 kB │ map:     0.98 kB
dist/assets/disc-album-brGDTos1.js                                0.31 kB │ gzip:   0.26 kB │ map:     1.13 kB
dist/assets/list-check-L_obn796.js                                0.31 kB │ gzip:   0.24 kB │ map:     1.11 kB
dist/assets/panel-top-open-yjNHwKO4.js                            0.31 kB │ gzip:   0.25 kB │ map:     1.12 kB
dist/assets/redo-dot-BJq5TAho.js                                  0.31 kB │ gzip:   0.26 kB │ map:     1.07 kB
dist/assets/circle-gauge-CYqmdpmx.js                              0.31 kB │ gzip:   0.25 kB │ map:     1.09 kB
dist/assets/gallery-horizontal-oQkK2R8g.js                        0.31 kB │ gzip:   0.25 kB │ map:     1.14 kB
dist/assets/lasso-BYnq_Wl1.js                                     0.31 kB │ gzip:   0.26 kB │ map:     1.07 kB
dist/assets/panel-left-mXRmSg1M.js                                0.31 kB │ gzip:   0.26 kB │ map:     0.99 kB
dist/assets/panel-left-open-BzGUoaii.js                           0.31 kB │ gzip:   0.25 kB │ map:     1.13 kB
dist/assets/panel-top-close-DT4H78_1.js                           0.31 kB │ gzip:   0.25 kB │ map:     1.13 kB
dist/assets/percent-B8tVZ2Db.js                                   0.31 kB │ gzip:   0.24 kB │ map:     1.14 kB
dist/assets/popsicle-DcHnNm1o.js                                  0.31 kB │ gzip:   0.26 kB │ map:     1.02 kB
dist/assets/skip-forward-BJzYe7gX.js                              0.31 kB │ gzip:   0.25 kB │ map:     1.03 kB
dist/assets/circle-arrow-out-up-left-SIT_C_VF.js                  0.31 kB │ gzip:   0.25 kB │ map:     1.11 kB
dist/assets/italic-BQd2Kdx4.js                                    0.31 kB │ gzip:   0.24 kB │ map:     1.16 kB
dist/assets/move-3d-DLo_1VTJ.js                                   0.31 kB │ gzip:   0.24 kB │ map:     1.11 kB
dist/assets/panels-left-bottom-BRuYCk7s.js                        0.31 kB │ gzip:   0.25 kB │ map:     1.14 kB
dist/assets/step-forward-C-eMwZuQ.js                              0.31 kB │ gzip:   0.25 kB │ map:     1.03 kB
dist/assets/user-round-check-6aToGgFo.js                          0.31 kB │ gzip:   0.26 kB │ map:     1.11 kB
dist/assets/wind-UfsL3g7s.js                                      0.31 kB │ gzip:   0.25 kB │ map:     1.04 kB
dist/assets/battery-BhoE6JtU.js                                   0.32 kB │ gzip:   0.27 kB │ map:     0.98 kB
dist/assets/diamond-BaILpvoh.js                                   0.32 kB │ gzip:   0.23 kB │ map:     0.95 kB
dist/assets/square-arrow-up-DnljqzY7.js                           0.32 kB │ gzip:   0.25 kB │ map:     1.13 kB
dist/assets/cloud-fog-gPFTSUnP.js                                 0.32 kB │ gzip:   0.26 kB │ map:     1.05 kB
dist/assets/equal-approximately-C5a0z7Rv.js                       0.32 kB │ gzip:   0.23 kB │ map:     1.04 kB
dist/assets/goal-BfGgzC85.js                                      0.32 kB │ gzip:   0.26 kB │ map:     1.04 kB
dist/assets/panel-right-BzZ7G33V.js                               0.32 kB │ gzip:   0.26 kB │ map:     1.00 kB
dist/assets/proportions-BIpZQfQG.js                               0.32 kB │ gzip:   0.26 kB │ map:     1.12 kB
dist/assets/vibrate-p_12OLNH.js                                   0.32 kB │ gzip:   0.25 kB │ map:     1.10 kB
dist/assets/banknote-Dj-528jd.js                                  0.32 kB │ gzip:   0.26 kB │ map:     1.14 kB
dist/assets/book-check-B4dQvgOo.js                                0.32 kB │ gzip:   0.25 kB │ map:     1.03 kB
dist/assets/gallery-vertical-end-Bqwxa3xu.js                      0.32 kB │ gzip:   0.26 kB │ map:     1.15 kB
dist/assets/panel-right-close-CYSl6HAo.js                         0.32 kB │ gzip:   0.26 kB │ map:     1.14 kB
dist/assets/panel-right-open-9nz_eF4d.js                          0.32 kB │ gzip:   0.25 kB │ map:     1.14 kB
dist/assets/panels-right-bottom-WB9kDLMH.js                       0.32 kB │ gzip:   0.26 kB │ map:     1.15 kB
dist/assets/square-arrow-down-hWxaSG2D.js                         0.32 kB │ gzip:   0.26 kB │ map:     1.14 kB
dist/assets/tent-DV-9jkUZ.js                                      0.32 kB │ gzip:   0.24 kB │ map:     1.10 kB
dist/assets/twitter-DboSQkbz.js                                   0.32 kB │ gzip:   0.27 kB │ map:     0.96 kB
dist/assets/video-BHZPNB0o.js                                     0.32 kB │ gzip:   0.27 kB │ map:     1.07 kB
dist/assets/chart-bar-vKvkRrCM.js                                 0.32 kB │ gzip:   0.24 kB │ map:     1.12 kB
dist/assets/circle-slash-DvGqP_WS.js                              0.32 kB │ gzip:   0.26 kB │ map:     1.02 kB
dist/assets/donut-e7spDnib.js                                     0.32 kB │ gzip:   0.27 kB │ map:     1.04 kB
dist/assets/panel-bottom-B2oXmdH-.js                              0.32 kB │ gzip:   0.27 kB │ map:     1.00 kB
dist/assets/panel-bottom-open-vXyiMPlw.js                         0.32 kB │ gzip:   0.26 kB │ map:     1.14 kB
dist/assets/square-arrow-left-BCQe2YsY.js                         0.32 kB │ gzip:   0.26 kB │ map:     1.14 kB
dist/assets/circle-arrow-out-up-right-CSQxXw9H.js                 0.32 kB │ gzip:   0.25 kB │ map:     1.12 kB
dist/assets/equal-not-BvrdhyMV.js                                 0.32 kB │ gzip:   0.23 kB │ map:     1.18 kB
dist/assets/circle-user-round-DN78U8z0.js                         0.32 kB │ gzip:   0.24 kB │ map:     1.15 kB
dist/assets/panel-bottom-close-Bcsd_7PT.js                        0.32 kB │ gzip:   0.26 kB │ map:     1.15 kB
dist/assets/square-arrow-right-BOqSokMb.js                        0.32 kB │ gzip:   0.25 kB │ map:     1.15 kB
dist/assets/sword-CL6KZEYL.js                                     0.32 kB │ gzip:   0.25 kB │ map:     1.10 kB
dist/assets/zoom-out-BXwoDZip.js                                  0.32 kB │ gzip:   0.25 kB │ map:     1.16 kB
dist/assets/non-binary-LGmvrUy_.js                                0.32 kB │ gzip:   0.25 kB │ map:     1.15 kB
dist/assets/trash-DBsMzy-m.js                                     0.32 kB │ gzip:   0.25 kB │ map:     1.05 kB
dist/assets/book-marked-C0RqikvC.js                               0.32 kB │ gzip:   0.26 kB │ map:     1.04 kB
dist/assets/circle-arrow-out-down-left-dhmaz_eZ.js                0.32 kB │ gzip:   0.25 kB │ map:     1.12 kB
dist/assets/circle-pause-DlBYi9he.js                              0.32 kB │ gzip:   0.24 kB │ map:     1.18 kB
dist/assets/compass-Dyu4DIEB.js                                   0.32 kB │ gzip:   0.26 kB │ map:     1.05 kB
dist/assets/flag-Dn8PVlF-.js                                      0.32 kB │ gzip:   0.26 kB │ map:     0.95 kB
dist/assets/gallery-horizontal-end-CDgFXzhC.js                    0.32 kB │ gzip:   0.26 kB │ map:     1.17 kB
dist/assets/list-filter-B204FwXi.js                               0.32 kB │ gzip:   0.26 kB │ map:     1.01 kB
dist/assets/pentagon-Dab8VW7I.js                                  0.32 kB │ gzip:   0.25 kB │ map:     0.96 kB
dist/assets/square-arrow-up-left-BE8LsRVD.js                      0.32 kB │ gzip:   0.26 kB │ map:     1.16 kB
dist/assets/square-arrow-up-right-BqeFaJ6h.js                     0.32 kB │ gzip:   0.26 kB │ map:     1.16 kB
dist/assets/square-power-sx2-CDhi.js                              0.32 kB │ gzip:   0.26 kB │ map:     1.13 kB
dist/assets/test-tube-CtTUgHHi.js                                 0.32 kB │ gzip:   0.26 kB │ map:     1.06 kB
dist/assets/webcam-DvPSRlBL.js                                    0.32 kB │ gzip:   0.25 kB │ map:     1.16 kB
dist/assets/chart-gantt-Cq35XnU-.js                               0.32 kB │ gzip:   0.25 kB │ map:     1.13 kB
dist/assets/circle-off-DEMHrbcF.js                                0.32 kB │ gzip:   0.25 kB │ map:     1.07 kB
dist/assets/cloud-alert-DYWe1aQo.js                               0.32 kB │ gzip:   0.26 kB │ map:     1.07 kB
dist/assets/route-DgO8jHi4.js                                     0.32 kB │ gzip:   0.25 kB │ map:     1.10 kB
dist/assets/smartphone-D6hePUKr.js                                0.32 kB │ gzip:   0.27 kB │ map:     1.01 kB
dist/assets/info-DQSBFE1k.js                                      0.32 kB │ gzip:   0.26 kB │ map:     1.01 kB
dist/assets/laptop-minimal-check-DOt0TSvf.js                      0.32 kB │ gzip:   0.26 kB │ map:     1.16 kB
dist/assets/lollipop-D2MBJIwB.js                                  0.32 kB │ gzip:   0.26 kB │ map:     1.09 kB
dist/assets/strikethrough-D6QIkRjc.js                             0.32 kB │ gzip:   0.26 kB │ map:     1.13 kB
dist/assets/globe-x-B06XmxGB.js                                   0.33 kB │ gzip:   0.25 kB │ map:     1.07 kB
dist/assets/table-CnYexMSW.js                                     0.33 kB │ gzip:   0.25 kB │ map:     1.16 kB
dist/assets/funnel-zjl4x11S.js                                    0.33 kB │ gzip:   0.26 kB │ map:     0.96 kB
dist/assets/lock-DHjxnnNd.js                                      0.33 kB │ gzip:   0.28 kB │ map:     1.00 kB
dist/assets/rotate-ccw-CXVnRTiD.js                                0.33 kB │ gzip:   0.27 kB │ map:     0.95 kB
dist/assets/rotate-cw-CdvkRZPF.js                                 0.33 kB │ gzip:   0.27 kB │ map:     0.94 kB
dist/assets/square-arrow-down-left-DQtE24AV.js                    0.33 kB │ gzip:   0.26 kB │ map:     1.17 kB
dist/assets/square-arrow-down-right-CxXrSRY6.js                   0.33 kB │ gzip:   0.26 kB │ map:     1.17 kB
dist/assets/chart-column-hSFUu7u4.js                              0.33 kB │ gzip:   0.25 kB │ map:     1.14 kB
dist/assets/circle-arrow-out-down-right-D6X9us8t.js               0.33 kB │ gzip:   0.25 kB │ map:     1.13 kB
dist/assets/heart-DOxgtmls.js                                     0.33 kB │ gzip:   0.27 kB │ map:     0.96 kB
dist/assets/arrow-left-right-CDni9B1N.js                          0.33 kB │ gzip:   0.25 kB │ map:     1.16 kB
dist/assets/arrow-right-left-C4H2bcHQ.js                          0.33 kB │ gzip:   0.25 kB │ map:     1.16 kB
dist/assets/bluetooth-searching-C9cCCFEo.js                       0.33 kB │ gzip:   0.26 kB │ map:     1.11 kB
dist/assets/euro-UQrZjfIw.js                                      0.33 kB │ gzip:   0.26 kB │ map:     1.08 kB
dist/assets/grid-2x2-check-CC_F8UyN.js                            0.33 kB │ gzip:   0.25 kB │ map:     1.06 kB
dist/assets/mars-stroke-C77pY4p-.js                               0.33 kB │ gzip:   0.26 kB │ map:     1.16 kB
dist/assets/split-Xq57eMco.js                                     0.33 kB │ gzip:   0.25 kB │ map:     1.11 kB
dist/assets/square-m-CMv5KMUA.js                                  0.33 kB │ gzip:   0.27 kB │ map:     1.09 kB
dist/assets/users-round-C1qzCKSX.js                               0.33 kB │ gzip:   0.27 kB │ map:     1.10 kB
dist/assets/anchor-B_2I5pat.js                                    0.33 kB │ gzip:   0.26 kB │ map:     1.15 kB
dist/assets/clipboard-mp5YBiOb.js                                 0.33 kB │ gzip:   0.26 kB │ map:     1.11 kB
dist/assets/pc-case-D9dONP1P.js                                   0.33 kB │ gzip:   0.26 kB │ map:     1.17 kB
dist/assets/pyramid-DvSsftMx.js                                   0.33 kB │ gzip:   0.26 kB │ map:     1.03 kB
dist/assets/search-alert-Bh86T_gx.js                              0.33 kB │ gzip:   0.25 kB │ map:     1.17 kB
dist/assets/search-x-z-zwXOt1.js                                  0.33 kB │ gzip:   0.25 kB │ map:     1.15 kB
dist/assets/ticket-minus-DbJMJup8.js                              0.33 kB │ gzip:   0.25 kB │ map:     1.05 kB
dist/assets/circle-dollar-sign-BrosZlbS.js                        0.33 kB │ gzip:   0.26 kB │ map:     1.13 kB
dist/assets/circle-percent-DDwMjJtH.js                            0.33 kB │ gzip:   0.25 kB │ map:     1.18 kB
dist/assets/grid-3x2-B957FeMg.js                                  0.33 kB │ gzip:   0.25 kB │ map:     1.18 kB
dist/assets/map-pin-CTYIgnGi.js                                   0.33 kB │ gzip:   0.28 kB │ map:     1.06 kB
dist/assets/music-4-BAX6eu7v.js                                   0.33 kB │ gzip:   0.25 kB │ map:     1.18 kB
dist/assets/squares-unite-mvuR3AXG.js                             0.33 kB │ gzip:   0.24 kB │ map:     0.99 kB
dist/assets/undo-2-Cvyy3jCZ.js                                    0.33 kB │ gzip:   0.27 kB │ map:     0.94 kB
dist/assets/user-minus--y_uPwtg.js                                0.33 kB │ gzip:   0.27 kB │ map:     1.14 kB
dist/assets/weight-BUl7c-zq.js                                    0.33 kB │ gzip:   0.27 kB │ map:     1.05 kB
dist/assets/align-vertical-space-around-BtwFQZRL.js               0.33 kB │ gzip:   0.26 kB │ map:     1.19 kB
dist/assets/circle-play-DPrRPcq1.js                               0.33 kB │ gzip:   0.26 kB │ map:     1.07 kB
dist/assets/circle-x-DvJtZbx6.js                                  0.33 kB │ gzip:   0.26 kB │ map:     1.03 kB
dist/assets/ghost-CA14nrY1.js                                     0.33 kB │ gzip:   0.26 kB │ map:     1.09 kB
dist/assets/key-Cq8513f0.js                                       0.33 kB │ gzip:   0.27 kB │ map:     1.08 kB
dist/assets/lock-keyhole-C5InWAOG.js                              0.33 kB │ gzip:   0.27 kB │ map:     1.16 kB
dist/assets/rows-4-BOqD11Iv.js                                    0.33 kB │ gzip:   0.25 kB │ map:     1.17 kB
dist/assets/vegan-DXY_bPBh.js                                     0.33 kB │ gzip:   0.27 kB │ map:     1.06 kB
dist/assets/app-window-BETadCQw.js                                0.33 kB │ gzip:   0.26 kB │ map:     1.19 kB
dist/assets/circle-question-mark-CZkI9qxr.js                      0.33 kB │ gzip:   0.26 kB │ map:     1.14 kB
dist/assets/code-xml-DXaEW9dk.js                                  0.33 kB │ gzip:   0.26 kB │ map:     1.01 kB
dist/assets/handbag-DG9RUGEF.js                                   0.33 kB │ gzip:   0.27 kB │ map:     1.03 kB
dist/assets/heading-2-CkiHZGBb.js                                 0.33 kB │ gzip:   0.25 kB │ map:     1.13 kB
dist/assets/import-Ch9RqWRa.js                                    0.33 kB │ gzip:   0.25 kB │ map:     1.09 kB
dist/assets/pound-sterling-C_VzQFxc.js                            0.33 kB │ gzip:   0.25 kB │ map:     1.15 kB
dist/assets/georgian-lari-LqMCA4BZ.js                             0.33 kB │ gzip:   0.25 kB │ map:     1.15 kB
dist/assets/leaf-B4W9u7Hv.js                                      0.33 kB │ gzip:   0.28 kB │ map:     1.02 kB
dist/assets/list-indent-decrease-DLGQhK-5.js                      0.33 kB │ gzip:   0.24 kB │ map:     1.18 kB
dist/assets/list-indent-increase-DYapTSdf.js                      0.33 kB │ gzip:   0.24 kB │ map:     1.18 kB
dist/assets/mail-YV-xKw-f.js                                      0.33 kB │ gzip:   0.29 kB │ map:     0.99 kB
dist/assets/text-align-start-CtUoYSa2.js                          0.33 kB │ gzip:   0.26 kB │ map:     1.04 kB
dist/assets/utensils-Bz32Akk6.js                                  0.33 kB │ gzip:   0.26 kB │ map:     1.07 kB
dist/assets/circle-ellipsis-DGRaVS-E.js                           0.33 kB │ gzip:   0.24 kB │ map:     1.19 kB
dist/assets/align-horizontal-space-around-ChLoaiKa.js             0.34 kB │ gzip:   0.26 kB │ map:     1.20 kB
dist/assets/bed-single-GAgOhLcQ.js                                0.34 kB │ gzip:   0.25 kB │ map:     1.08 kB
dist/assets/circle-user-BMecHFl2.js                               0.34 kB │ gzip:   0.26 kB │ map:     1.14 kB
dist/assets/lock-open-Bxhi0oHB.js                                 0.34 kB │ gzip:   0.28 kB │ map:     1.02 kB
dist/assets/refrigerator-BQG8fFwd.js                              0.34 kB │ gzip:   0.26 kB │ map:     1.10 kB
dist/assets/tablets-BFPVwTty.js                                   0.34 kB │ gzip:   0.26 kB │ map:     1.18 kB
dist/assets/text-cursor-76wy5Iz-.js                               0.34 kB │ gzip:   0.25 kB │ map:     1.08 kB
dist/assets/ticket-check-C53WFDJJ.js                              0.34 kB │ gzip:   0.26 kB │ map:     1.06 kB
dist/assets/ticket-slash-CXGmlHa6.js                              0.34 kB │ gzip:   0.26 kB │ map:     1.06 kB
dist/assets/barcode-BLSglvtx.js                                   0.34 kB │ gzip:   0.23 kB │ map:     1.19 kB
dist/assets/person-standing-B9JhPOXw.js                           0.34 kB │ gzip:   0.26 kB │ map:     1.19 kB
dist/assets/badge-CC-hhSXR.js                                     0.34 kB │ gzip:   0.24 kB │ map:     0.97 kB
dist/assets/clock-alert-BS7gDyHY.js                               0.34 kB │ gzip:   0.26 kB │ map:     1.14 kB
dist/assets/columns-4-ZJp2dEF3.js                                 0.34 kB │ gzip:   0.26 kB │ map:     1.19 kB
dist/assets/moon-DtIspprQ.js                                      0.34 kB │ gzip:   0.28 kB │ map:     0.91 kB
dist/assets/square-menu-D_3mV6zE.js                               0.34 kB │ gzip:   0.25 kB │ map:     1.20 kB
dist/assets/square-user-round-BKDO2kXA.js                         0.34 kB │ gzip:   0.28 kB │ map:     1.19 kB
dist/assets/tornado-Bo193QNO.js                                   0.34 kB │ gzip:   0.25 kB │ map:     1.19 kB
dist/assets/workflow-b64HreMN.js                                  0.34 kB │ gzip:   0.26 kB │ map:     1.18 kB
dist/assets/pilcrow-0eNqWxRz.js                                   0.34 kB │ gzip:   0.26 kB │ map:     1.01 kB
dist/assets/signal-D9Ihe70c.js                                    0.34 kB │ gzip:   0.25 kB │ map:     1.19 kB
dist/assets/square-kanban-ChtmH3-b.js                             0.34 kB │ gzip:   0.26 kB │ map:     1.21 kB
dist/assets/tally-5-Cs35oANJ.js                                   0.34 kB │ gzip:   0.23 kB │ map:     1.19 kB
dist/assets/axis-3d-h7Wru0z7.js                                   0.34 kB │ gzip:   0.26 kB │ map:     1.14 kB
dist/assets/case-lower-CU43AZ23.js                                0.34 kB │ gzip:   0.25 kB │ map:     1.20 kB
dist/assets/dice-3-D3D_a6Sr.js                                    0.34 kB │ gzip:   0.26 kB │ map:     1.19 kB
dist/assets/rectangle-goggles-DZVZS9ms.js                         0.34 kB │ gzip:   0.26 kB │ map:     1.02 kB
dist/assets/scroll-BxDbjfsn.js                                    0.34 kB │ gzip:   0.26 kB │ map:     1.04 kB
dist/assets/square-pause-Z9w1pXZC.js                              0.34 kB │ gzip:   0.26 kB │ map:     1.23 kB
dist/assets/table-2-DkMAQzoj.js                                   0.34 kB │ gzip:   0.27 kB │ map:     0.92 kB
dist/assets/trello-q0shwXGE.js                                    0.34 kB │ gzip:   0.24 kB │ map:     1.22 kB
dist/assets/chart-bar-decreasing-ywUZtYna.js                      0.34 kB │ gzip:   0.25 kB │ map:     1.18 kB
dist/assets/chart-bar-increasing-gHbPjp31.js                      0.34 kB │ gzip:   0.25 kB │ map:     1.18 kB
dist/assets/navigation-off-B2P-M7Ro.js                            0.34 kB │ gzip:   0.27 kB │ map:     1.14 kB
dist/assets/tree-deciduous-DLA0QMcV.js                            0.34 kB │ gzip:   0.27 kB │ map:     1.07 kB
dist/assets/balloon-B2RqxyZH.js                                   0.34 kB │ gzip:   0.26 kB │ map:     1.08 kB
dist/assets/bluetooth-connected-CM3DE5Fy.js                       0.34 kB │ gzip:   0.26 kB │ map:     1.20 kB
dist/assets/closed-caption-C876zPxJ.js                            0.34 kB │ gzip:   0.26 kB │ map:     1.16 kB
dist/assets/list-plus-3eyQ7WNX.js                                 0.34 kB │ gzip:   0.24 kB │ map:     1.20 kB
dist/assets/user-round-x-DM0tcNBO.js                              0.34 kB │ gzip:   0.27 kB │ map:     1.18 kB
dist/assets/align-end-vertical-BgmP3xJ-.js                        0.34 kB │ gzip:   0.25 kB │ map:     1.23 kB
dist/assets/repeat-B52j6PQL.js                                    0.34 kB │ gzip:   0.26 kB │ map:     1.14 kB
dist/assets/rows-3-rqkUfx6p.js                                    0.34 kB │ gzip:   0.27 kB │ map:     1.06 kB
dist/assets/award-CF9YYyOF.js                                     0.34 kB │ gzip:   0.28 kB │ map:     1.06 kB
dist/assets/book-text-CxSXuOmL.js                                 0.34 kB │ gzip:   0.26 kB │ map:     1.11 kB
dist/assets/lock-keyhole-open-AFPlUp9P.js                         0.34 kB │ gzip:   0.28 kB │ map:     1.20 kB
dist/assets/navigation-2-off-BF_um_OD.js                          0.34 kB │ gzip:   0.27 kB │ map:     1.15 kB
dist/assets/book-plus-CDZ-qkoy.js                                 0.34 kB │ gzip:   0.27 kB │ map:     1.11 kB
dist/assets/map-pin-minus-inside-nGENCILD.js                      0.34 kB │ gzip:   0.27 kB │ map:     1.09 kB
dist/assets/radio-receiver-BWnlYRk9.js                            0.34 kB │ gzip:   0.26 kB │ map:     1.22 kB
dist/assets/speaker-CWHxbEO7.js                                   0.34 kB │ gzip:   0.27 kB │ map:     1.22 kB
dist/assets/square-user-CUi_dxc-.js                               0.34 kB │ gzip:   0.27 kB │ map:     1.17 kB
dist/assets/timer-reset-CwMzAbuq.js                               0.34 kB │ gzip:   0.26 kB │ map:     1.15 kB
dist/assets/user-round-plus-CJ0X8Ybh.js                           0.34 kB │ gzip:   0.27 kB │ map:     1.20 kB
dist/assets/align-start-vertical-QN4Mo_Og.js                      0.35 kB │ gzip:   0.25 kB │ map:     1.24 kB
dist/assets/bolt-7ROz6gCz.js                                      0.35 kB │ gzip:   0.27 kB │ map:     1.06 kB
dist/assets/book-x-BBNWmBSI.js                                    0.35 kB │ gzip:   0.27 kB │ map:     1.10 kB
dist/assets/list-x-CtrVCPis.js                                    0.35 kB │ gzip:   0.25 kB │ map:     1.20 kB
dist/assets/repeat-2-pbhUcgLE.js                                  0.35 kB │ gzip:   0.26 kB │ map:     1.14 kB
dist/assets/settings.general-Dh5hEGXR.js                          0.35 kB │ gzip:   0.28 kB │ map:     0.73 kB
dist/assets/square-library-CuulYXMo.js                            0.35 kB │ gzip:   0.26 kB │ map:     1.22 kB
dist/assets/test-tube-diagonal-DAGd7N2c.js                        0.35 kB │ gzip:   0.26 kB │ map:     1.13 kB
dist/assets/trending-up-down-ZzXHzts2.js                          0.35 kB │ gzip:   0.26 kB │ map:     1.17 kB
dist/assets/align-end-horizontal-BCoaCQt4.js                      0.35 kB │ gzip:   0.26 kB │ map:     1.24 kB
dist/assets/app-window-mac-BnRqcFTI.js                            0.35 kB │ gzip:   0.26 kB │ map:     1.22 kB
dist/assets/battery-medium-D2aZENze.js                            0.35 kB │ gzip:   0.26 kB │ map:     1.22 kB
dist/assets/bomb-D887NgdW.js                                      0.35 kB │ gzip:   0.28 kB │ map:     1.13 kB
dist/assets/chart-pie-C11WNLw5.js                                 0.35 kB │ gzip:   0.28 kB │ map:     1.05 kB
dist/assets/folder-minus-BTkZ7Rht.js                              0.35 kB │ gzip:   0.26 kB │ map:     1.07 kB
dist/assets/monitor-check-DNDg-CcC.js                             0.35 kB │ gzip:   0.27 kB │ map:     1.22 kB
dist/assets/signpost-big-BZsmZF7o.js                              0.35 kB │ gzip:   0.26 kB │ map:     1.16 kB
dist/assets/umbrella-Dnek4wMl.js                                  0.35 kB │ gzip:   0.26 kB │ map:     1.11 kB
dist/assets/book-up-D6ceRpEO.js                                   0.35 kB │ gzip:   0.27 kB │ map:     1.11 kB
dist/assets/clock-plus-BHprlpiS.js                                0.35 kB │ gzip:   0.26 kB │ map:     1.15 kB
dist/assets/ice-cream-cone-DIy6yQM7.js                            0.35 kB │ gzip:   0.26 kB │ map:     1.11 kB
dist/assets/search-code-CEEaIzwA.js                               0.35 kB │ gzip:   0.27 kB │ map:     1.19 kB
dist/assets/square-arrow-out-up-left-CMDD0g-a.js                  0.35 kB │ gzip:   0.26 kB │ map:     1.14 kB
dist/assets/square-percent-CQjpnGSC.js                            0.35 kB │ gzip:   0.27 kB │ map:     1.22 kB
dist/assets/square-pi-TLtISFA-.js                                 0.35 kB │ gzip:   0.27 kB │ map:     1.20 kB
dist/assets/square-play-Bdfez5Vi.js                               0.35 kB │ gzip:   0.28 kB │ map:     1.12 kB
dist/assets/table-properties-DKBSpzNi.js                          0.35 kB │ gzip:   0.27 kB │ map:     1.23 kB
dist/assets/book-a-BjpcQVGH.js                                    0.35 kB │ gzip:   0.27 kB │ map:     1.11 kB
dist/assets/chart-bar-big-BBYrhEuU.js                             0.35 kB │ gzip:   0.26 kB │ map:     1.21 kB
dist/assets/coins-u0rIEGK1.js                                     0.35 kB │ gzip:   0.28 kB │ map:     1.16 kB
dist/assets/volume-ziAcb--a.js                                    0.35 kB │ gzip:   0.27 kB │ map:     0.98 kB
dist/assets/wifi-BEQiQ6SV.js                                      0.35 kB │ gzip:   0.26 kB │ map:     1.13 kB
dist/assets/align-start-horizontal-DltGfRi_.js                    0.35 kB │ gzip:   0.25 kB │ map:     1.25 kB
dist/assets/book-alert-B6KxUgMx.js                                0.35 kB │ gzip:   0.27 kB │ map:     1.12 kB
dist/assets/chart-column-decreasing-DUu5mjJC.js                   0.35 kB │ gzip:   0.26 kB │ map:     1.20 kB
dist/assets/chart-column-increasing-CWJOhAtM.js                   0.35 kB │ gzip:   0.26 kB │ map:     1.20 kB
dist/assets/square-chart-gantt-CYWX3ZKh.js                        0.35 kB │ gzip:   0.27 kB │ map:     1.24 kB
dist/assets/table-cells-split-BXH6Val2.js                         0.35 kB │ gzip:   0.26 kB │ map:     1.23 kB
dist/assets/circle-arrow-up-GWkvvr-E.js                           0.35 kB │ gzip:   0.27 kB │ map:     1.08 kB
dist/assets/ellipsis-eJR3OZlw.js                                  0.35 kB │ gzip:   0.25 kB │ map:     1.11 kB
dist/assets/folder-f3O345TC.js                                    0.35 kB │ gzip:   0.28 kB │ map:     0.93 kB
dist/assets/form-qmo-enov.js                                      0.35 kB │ gzip:   0.25 kB │ map:     1.24 kB
dist/assets/map-pin-check-inside-CNjMDJZD.js                      0.35 kB │ gzip:   0.28 kB │ map:     1.10 kB
dist/assets/rotate-cw-square-BvNNUc1g.js                          0.35 kB │ gzip:   0.26 kB │ map:     1.12 kB
dist/assets/scale-3d-4zWwoVR5.js                                  0.35 kB │ gzip:   0.26 kB │ map:     1.20 kB
dist/assets/square-arrow-out-up-right-BZGCOF7N.js                 0.35 kB │ gzip:   0.26 kB │ map:     1.15 kB
dist/assets/square-dashed-bottom-D7DwW6hS.js                      0.35 kB │ gzip:   0.25 kB │ map:     1.15 kB
dist/assets/book-down-N5xH5De3.js                                 0.35 kB │ gzip:   0.27 kB │ map:     1.12 kB
dist/assets/bookmark-minus-Csmbo-FY.js                            0.35 kB │ gzip:   0.27 kB │ map:     1.08 kB
dist/assets/receipt-euro-6f-IY-Lj.js                              0.35 kB │ gzip:   0.25 kB │ map:     1.12 kB
dist/assets/rewind-xo4Wsf_x.js                                    0.35 kB │ gzip:   0.24 kB │ map:     1.05 kB
dist/assets/square-asterisk-B-PXm5vZ.js                           0.35 kB │ gzip:   0.27 kB │ map:     1.23 kB
dist/assets/wine-CYXKKzlx.js                                      0.35 kB │ gzip:   0.27 kB │ map:     1.15 kB
dist/assets/a-arrow-up-B56-JKek.js                                0.35 kB │ gzip:   0.27 kB │ map:     1.16 kB
dist/assets/between-vertical-end-BhfuJCL3.js                      0.35 kB │ gzip:   0.26 kB │ map:     1.25 kB
dist/assets/eraser-DfWzrrrZ.js                                    0.35 kB │ gzip:   0.27 kB │ map:     1.05 kB
dist/assets/folder-check-BJaSb5Cb.js                              0.35 kB │ gzip:   0.27 kB │ map:     1.07 kB
dist/assets/list-filter-plus-B2RqnJsp.js                          0.35 kB │ gzip:   0.25 kB │ map:     1.24 kB
dist/assets/mail-minus-C-wmHfq4.js                                0.35 kB │ gzip:   0.28 kB │ map:     1.09 kB
dist/assets/power-off-QNa7OExm.js                                 0.35 kB │ gzip:   0.27 kB │ map:     1.15 kB
dist/assets/upload-BsdTtmcM.js                                    0.35 kB │ gzip:   0.28 kB │ map:     1.02 kB
dist/assets/chart-column-big-qRFXCkTS.js                          0.35 kB │ gzip:   0.27 kB │ map:     1.23 kB
dist/assets/git-branch-minus-i3qs73GK.js                          0.35 kB │ gzip:   0.26 kB │ map:     1.24 kB
dist/assets/git-merge-tGDI9T-f.js                                 0.35 kB │ gzip:   0.27 kB │ map:     1.09 kB
dist/assets/lamp-floor-Ce_iqzR_.js                                0.35 kB │ gzip:   0.27 kB │ map:     1.13 kB
dist/assets/log-in-BYwHecWO.js                                    0.35 kB │ gzip:   0.27 kB │ map:     1.02 kB
dist/assets/rotate-ccw-square-Dj_W2RPo.js                         0.35 kB │ gzip:   0.26 kB │ map:     1.13 kB
dist/assets/settings.appearance-DLCrUMB1.js                       0.35 kB │ gzip:   0.28 kB │ map:     0.76 kB
dist/assets/square-arrow-out-down-left-mLuFcGCz.js                0.35 kB │ gzip:   0.26 kB │ map:     1.15 kB
dist/assets/square-function-BIferow8.js                           0.35 kB │ gzip:   0.28 kB │ map:     1.19 kB
dist/assets/bookmark-DOQucIsR.js                                  0.35 kB │ gzip:   0.28 kB │ map:     0.94 kB
dist/assets/cloud-rain-BSgNDORr.js                                0.35 kB │ gzip:   0.26 kB │ map:     1.16 kB
dist/assets/list-music-Bclr7Vjp.js                                0.35 kB │ gzip:   0.26 kB │ map:     1.24 kB
dist/assets/plug-nGLJKaCV.js                                      0.35 kB │ gzip:   0.25 kB │ map:     1.15 kB
dist/assets/receipt-cent-B5i41ij1.js                              0.35 kB │ gzip:   0.26 kB │ map:     1.12 kB
dist/assets/user-search-Cmvj1IWA.js                               0.35 kB │ gzip:   0.28 kB │ map:     1.22 kB
dist/assets/circle-pound-sterling-DclptXFb.js                     0.36 kB │ gzip:   0.26 kB │ map:     1.23 kB
dist/assets/drumstick-D0xV_8jX.js                                 0.36 kB │ gzip:   0.28 kB │ map:     1.08 kB
dist/assets/git-branch-CZKwMsPI.js                                0.36 kB │ gzip:   0.28 kB │ map:     1.09 kB
dist/assets/grid-2x2-x-DtTqgeiN.js                                0.36 kB │ gzip:   0.26 kB │ map:     1.13 kB
dist/assets/inbox-gWPBFq65.js                                     0.36 kB │ gzip:   0.28 kB │ map:     1.05 kB
dist/assets/shirt-K67OK1T-.js                                     0.36 kB │ gzip:   0.28 kB │ map:     0.99 kB
dist/assets/sticky-note-Dwuiqz1S.js                               0.36 kB │ gzip:   0.27 kB │ map:     1.07 kB
dist/assets/a-arrow-down-BrYo8hSX.js                              0.36 kB │ gzip:   0.28 kB │ map:     1.17 kB
dist/assets/between-vertical-start-DdA1Aig_.js                    0.36 kB │ gzip:   0.26 kB │ map:     1.26 kB
dist/assets/bike-D0VzyYhK.js                                      0.36 kB │ gzip:   0.26 kB │ map:     1.22 kB
dist/assets/bookmark-check-CmLUDZg_.js                            0.36 kB │ gzip:   0.27 kB │ map:     1.09 kB
dist/assets/copy-xbc471iQ.js                                      0.36 kB │ gzip:   0.29 kB │ map:     1.03 kB
dist/assets/download-DagI09eu.js                                  0.36 kB │ gzip:   0.28 kB │ map:     1.04 kB
dist/assets/heading-4-DfWqtUNC.js                                 0.36 kB │ gzip:   0.25 kB │ map:     1.22 kB
dist/assets/wallet-COXFcQ6-.js                                    0.36 kB │ gzip:   0.26 kB │ map:     1.05 kB
dist/assets/between-horizontal-end-COuIdH2T.js                    0.36 kB │ gzip:   0.26 kB │ map:     1.26 kB
dist/assets/clock-arrow-down-BpQjaTnQ.js                          0.36 kB │ gzip:   0.27 kB │ map:     1.19 kB
dist/assets/ligature-CCsVOsQ1.js                                  0.36 kB │ gzip:   0.26 kB │ map:     1.22 kB
dist/assets/message-square-dot-Du3xekAx.js                        0.36 kB │ gzip:   0.29 kB │ map:     1.13 kB
dist/assets/rectangle-ellipsis-DnTHVbUc.js                        0.36 kB │ gzip:   0.26 kB │ map:     1.25 kB
dist/assets/scaling-DB_c7WZH.js                                   0.36 kB │ gzip:   0.26 kB │ map:     1.15 kB
dist/assets/scan-BWFKXzT2.js                                      0.36 kB │ gzip:   0.26 kB │ map:     1.14 kB
dist/assets/shrub-C64w1REk.js                                     0.36 kB │ gzip:   0.28 kB │ map:     1.08 kB
dist/assets/activity-B_upm9xS.js                                  0.36 kB │ gzip:   0.28 kB │ map:     0.94 kB
dist/assets/arrow-big-up-Bxu9GGN-.js                              0.36 kB │ gzip:   0.26 kB │ map:     1.01 kB
dist/assets/bell-IcN3CWtm.js                                      0.36 kB │ gzip:   0.29 kB │ map:     1.05 kB
dist/assets/disc-3-BKbodDQi.js                                    0.36 kB │ gzip:   0.27 kB │ map:     1.20 kB
dist/assets/folder-dot-3CMGV5-j.js                                0.36 kB │ gzip:   0.28 kB │ map:     1.10 kB
dist/assets/grid-2x2-plus-BEGmiHQO.js                             0.36 kB │ gzip:   0.26 kB │ map:     1.14 kB
dist/assets/mail-check-KMjYpAlH.js                                0.36 kB │ gzip:   0.28 kB │ map:     1.10 kB
dist/assets/paperclip-CfHPaQSv.js                                 0.36 kB │ gzip:   0.29 kB │ map:     0.95 kB
dist/assets/square-arrow-out-down-right-v-H_Whp6.js               0.36 kB │ gzip:   0.26 kB │ map:     1.16 kB
dist/assets/align-vertical-justify-end-B88r4kUi.js                0.36 kB │ gzip:   0.26 kB │ map:     1.27 kB
dist/assets/between-horizontal-start-DSzLiUHt.js                  0.36 kB │ gzip:   0.26 kB │ map:     1.27 kB
dist/assets/clock-arrow-up-Kuv0V7BN.js                            0.36 kB │ gzip:   0.27 kB │ map:     1.18 kB
dist/assets/computer-CCHVVhCa.js                                  0.36 kB │ gzip:   0.26 kB │ map:     1.27 kB
dist/assets/copy-check-BPa4Pw6F.js                                0.36 kB │ gzip:   0.29 kB │ map:     1.17 kB
dist/assets/tangent-D81eeZre.js                                   0.36 kB │ gzip:   0.27 kB │ map:     1.21 kB
dist/assets/git-compare-D8WXTHDw.js                               0.36 kB │ gzip:   0.26 kB │ map:     1.22 kB
dist/assets/glass-water-DFnQzbUG.js                               0.36 kB │ gzip:   0.28 kB │ map:     1.08 kB
dist/assets/history-CKlhU2SR.js                                   0.36 kB │ gzip:   0.28 kB │ map:     1.03 kB
dist/assets/toy-brick-DBK22xDo.js                                 0.36 kB │ gzip:   0.27 kB │ map:     1.15 kB
dist/assets/wind-arrow-down-C8iuhDj9.js                           0.36 kB │ gzip:   0.26 kB │ map:     1.19 kB
dist/assets/arrow-big-down-DK6DReiL.js                            0.36 kB │ gzip:   0.27 kB │ map:     1.03 kB
dist/assets/fast-forward-C1AF-xkA.js                              0.36 kB │ gzip:   0.25 kB │ map:     1.08 kB
dist/assets/list-end-BeIZ8Xnc.js                                  0.36 kB │ gzip:   0.26 kB │ map:     1.22 kB
dist/assets/meh-BIjntHQ9.js                                       0.36 kB │ gzip:   0.26 kB │ map:     1.29 kB
dist/assets/radius-DRfgP0xR.js                                    0.36 kB │ gzip:   0.27 kB │ map:     1.21 kB
dist/assets/align-vertical-justify-start-DaUS6RyV.js              0.36 kB │ gzip:   0.26 kB │ map:     1.28 kB
dist/assets/decimals-arrow-left-CtrX_xBR.js                       0.36 kB │ gzip:   0.28 kB │ map:     1.26 kB
dist/assets/diamond-minus-BJlkRhAK.js                             0.36 kB │ gzip:   0.26 kB │ map:     1.09 kB
dist/assets/egg-off-BepYoWei.js                                   0.36 kB │ gzip:   0.28 kB │ map:     1.09 kB
dist/assets/list-collapse-BmV7r6QT.js                             0.36 kB │ gzip:   0.25 kB │ map:     1.24 kB
dist/assets/mail-open-sE56Xfme.js                                 0.36 kB │ gzip:   0.28 kB │ map:     1.07 kB
dist/assets/presentation-CdjxlFQ5.js                              0.36 kB │ gzip:   0.28 kB │ map:     1.06 kB
dist/assets/smile-DRorhX9f.js                                     0.36 kB │ gzip:   0.27 kB │ map:     1.26 kB
dist/assets/syntaxHighlighting-D4AuKuL5.js                        0.36 kB │ gzip:   0.29 kB │ map:     2.29 kB
dist/assets/align-horizontal-justify-end-DI9tVS3Z.js              0.36 kB │ gzip:   0.26 kB │ map:     1.28 kB
dist/assets/arrow-big-left-BwuGEFNx.js                            0.36 kB │ gzip:   0.27 kB │ map:     1.03 kB
dist/assets/fishing-hook-BAnFbhPT.js                              0.36 kB │ gzip:   0.29 kB │ map:     1.17 kB
dist/assets/globe-DGZ5RC_n.js                                     0.36 kB │ gzip:   0.28 kB │ map:     1.06 kB
dist/assets/message-square-BJxIksj6.js                            0.36 kB │ gzip:   0.29 kB │ map:     0.97 kB
dist/assets/receipt-1Y-puS9H.js                                   0.36 kB │ gzip:   0.26 kB │ map:     1.11 kB
dist/assets/satellite-dish-DxS77D8a.js                            0.36 kB │ gzip:   0.26 kB │ map:     1.19 kB
dist/assets/tablet-smartphone-CAvSiNJh.js                         0.36 kB │ gzip:   0.28 kB │ map:     1.19 kB
dist/assets/ticket-plus-Doqb3eBQ.js                               0.36 kB │ gzip:   0.26 kB │ map:     1.14 kB
dist/assets/frown-DlaP3k-1.js                                     0.36 kB │ gzip:   0.27 kB │ map:     1.26 kB
dist/assets/hash-C8CIA3jU.js                                      0.36 kB │ gzip:   0.25 kB │ map:     1.31 kB
dist/assets/heading-6-DOx92MGv.js                                 0.36 kB │ gzip:   0.27 kB │ map:     1.25 kB
dist/assets/link-2-xrDhC4LI.js                                    0.36 kB │ gzip:   0.29 kB │ map:     1.08 kB
dist/assets/list-start-DEVn8RIc.js                                0.36 kB │ gzip:   0.26 kB │ map:     1.23 kB
dist/assets/maximize-2-gSOwwj41.js                                0.36 kB │ gzip:   0.27 kB │ map:     1.11 kB
dist/assets/pill-bottle-BJiGFPd4.js                               0.36 kB │ gzip:   0.28 kB │ map:     1.17 kB
dist/assets/send-horizontal-3Vca1OhW.js                           0.36 kB │ gzip:   0.28 kB │ map:     1.10 kB
dist/assets/variable-DvALb-us.js                                  0.36 kB │ gzip:   0.27 kB │ map:     1.25 kB
dist/assets/align-vertical-justify-center-CXVpNh9T.js             0.37 kB │ gzip:   0.27 kB │ map:     1.29 kB
dist/assets/arrow-big-right-CSLUdlbw.js                           0.37 kB │ gzip:   0.27 kB │ map:     1.03 kB
dist/assets/frame-c5f-FIYN.js                                     0.37 kB │ gzip:   0.25 kB │ map:     1.32 kB
dist/assets/layout-template-DQJRlUp3.js                           0.37 kB │ gzip:   0.24 kB │ map:     1.29 kB
dist/assets/maximize-D81ANYqV.js                                  0.37 kB │ gzip:   0.26 kB │ map:     1.17 kB
dist/assets/minimize-CUO9gZma.js                                  0.37 kB │ gzip:   0.26 kB │ map:     1.17 kB
dist/assets/align-horizontal-justify-start-D3CUE3_G.js            0.37 kB │ gzip:   0.26 kB │ map:     1.30 kB
dist/assets/linkedin-BvsWz-Qi.js                                  0.37 kB │ gzip:   0.29 kB │ map:     1.20 kB
dist/assets/minimize-2-CJVvykA-.js                                0.37 kB │ gzip:   0.28 kB │ map:     1.11 kB
dist/assets/monitor-stop-C07Qbqs7.js                              0.37 kB │ gzip:   0.27 kB │ map:     1.29 kB
dist/assets/remove-formatting-Bxnb3N26.js                         0.37 kB │ gzip:   0.26 kB │ map:     1.26 kB
dist/assets/turntable-BdQgpyaS.js                                 0.37 kB │ gzip:   0.29 kB │ map:     1.25 kB
dist/assets/database-4rHt-WMf.js                                  0.37 kB │ gzip:   0.29 kB │ map:     1.09 kB
dist/assets/grid-3x3-CylnqM2T.js                                  0.37 kB │ gzip:   0.26 kB │ map:     1.28 kB
dist/assets/indian-rupee-D7qiV4DG.js                              0.37 kB │ gzip:   0.26 kB │ map:     1.24 kB
dist/assets/layout-panel-top-CAzDzidz.js                          0.37 kB │ gzip:   0.24 kB │ map:     1.30 kB
dist/assets/moon-star-B2elJKf3.js                                 0.37 kB │ gzip:   0.29 kB │ map:     1.14 kB
dist/assets/square-pilcrow-DZRJx8qi.js                            0.37 kB │ gzip:   0.28 kB │ map:     1.24 kB
dist/assets/user-round-search-xhhTymrO.js                         0.37 kB │ gzip:   0.28 kB │ map:     1.26 kB
dist/assets/arrow-up-narrow-wide-D8z4eH3V.js                      0.37 kB │ gzip:   0.26 kB │ map:     1.27 kB
dist/assets/arrow-up-wide-narrow-DnrTttWY.js                      0.37 kB │ gzip:   0.25 kB │ map:     1.27 kB
dist/assets/bone-DDTCj6yX.js                                      0.37 kB │ gzip:   0.27 kB │ map:     0.99 kB
dist/assets/book-user-uEUkaLQs.js                                 0.37 kB │ gzip:   0.29 kB │ map:     1.17 kB
dist/assets/ellipsis-vertical-CBDLqwRs.js                         0.37 kB │ gzip:   0.26 kB │ map:     1.16 kB
dist/assets/layout-panel-left-DEcOyJdd.js                         0.37 kB │ gzip:   0.24 kB │ map:     1.30 kB
dist/assets/link-2-off-xaXJQ6bE.js                                0.37 kB │ gzip:   0.27 kB │ map:     1.25 kB
dist/assets/panel-left-close-BUBmbCWV.js                          0.37 kB │ gzip:   0.29 kB │ map:     1.13 kB
dist/assets/spade-X3bILc02.js                                     0.37 kB │ gzip:   0.29 kB │ map:     1.06 kB
dist/assets/ticket-x-C8LldwxX.js                                  0.37 kB │ gzip:   0.27 kB │ map:     1.14 kB
dist/assets/align-horizontal-justify-center-BrSDlhPW.js           0.37 kB │ gzip:   0.27 kB │ map:     1.31 kB
dist/assets/bean-CQWGnXPu.js                                      0.37 kB │ gzip:   0.30 kB │ map:     1.06 kB
dist/assets/git-pull-request-CMnjUd3l.js                          0.37 kB │ gzip:   0.27 kB │ map:     1.29 kB
dist/assets/headset-C25gVE9l.js                                   0.37 kB │ gzip:   0.27 kB │ map:     1.07 kB
dist/assets/instagram-B5oz0ASI.js                                 0.37 kB │ gzip:   0.29 kB │ map:     1.22 kB
dist/assets/list-tree-CFNfzaCL.js                                 0.37 kB │ gzip:   0.25 kB │ map:     1.23 kB
dist/assets/pilcrow-left-DpcCtP2q.js                              0.37 kB │ gzip:   0.26 kB │ map:     1.24 kB
dist/assets/shopping-cart-B9KjBoUi.js                             0.37 kB │ gzip:   0.28 kB │ map:     1.21 kB
dist/assets/user-check-DEim6O6p.js                                0.37 kB │ gzip:   0.29 kB │ map:     1.08 kB
dist/assets/arrows-up-from-line-k088uoaZ.js                       0.37 kB │ gzip:   0.25 kB │ map:     1.27 kB
dist/assets/case-sensitive-BZYDH3yi.js                            0.37 kB │ gzip:   0.29 kB │ map:     1.22 kB
dist/assets/egg-fried-C7yuzGC7.js                                 0.37 kB │ gzip:   0.29 kB │ map:     1.10 kB
dist/assets/feather-jC6ZaH00.js                                   0.37 kB │ gzip:   0.28 kB │ map:     1.13 kB
dist/assets/list-DOOBZtfT.js                                      0.37 kB │ gzip:   0.24 kB │ map:     1.27 kB
dist/assets/venus-and-mars-CxD1ItNT.js                            0.37 kB │ gzip:   0.27 kB │ map:     1.28 kB
dist/assets/arrow-down-narrow-wide-BtPWe-y3.js                    0.37 kB │ gzip:   0.25 kB │ map:     1.28 kB
dist/assets/arrow-down-wide-narrow-DKzvRdj6.js                    0.37 kB │ gzip:   0.25 kB │ map:     1.28 kB
dist/assets/bed-double-BdzveWaF.js                                0.37 kB │ gzip:   0.26 kB │ map:     1.18 kB
dist/assets/cloud-rain-wind-DznS7ExB.js                           0.37 kB │ gzip:   0.28 kB │ map:     1.19 kB
dist/assets/message-circle-B9jxj4YH.js                            0.37 kB │ gzip:   0.30 kB │ map:     0.98 kB
dist/assets/pilcrow-right-dQFuWTpX.js                             0.37 kB │ gzip:   0.26 kB │ map:     1.25 kB
dist/assets/calendar-1-DxQwIuRd.js                                0.37 kB │ gzip:   0.27 kB │ map:     1.29 kB
dist/assets/copy-minus-CO5E1WcD.js                                0.37 kB │ gzip:   0.30 kB │ map:     1.22 kB
dist/assets/copy-slash-hxW-Hmzr.js                                0.37 kB │ gzip:   0.29 kB │ map:     1.22 kB
dist/assets/cloud-off-D45qyXtX.js                                 0.37 kB │ gzip:   0.28 kB │ map:     1.11 kB
dist/assets/delete-CPY62Wsc.js                                    0.37 kB │ gzip:   0.28 kB │ map:     1.13 kB
dist/assets/list-chevrons-down-up-CaFN-qOX.js                     0.37 kB │ gzip:   0.25 kB │ map:     1.28 kB
dist/assets/list-chevrons-up-down-rLBP4dgF.js                     0.37 kB │ gzip:   0.25 kB │ map:     1.28 kB
dist/assets/mails-C2k_1RP-.js                                     0.37 kB │ gzip:   0.29 kB │ map:     1.15 kB
dist/assets/receipt-russian-ruble-H19fvC7T.js                     0.37 kB │ gzip:   0.26 kB │ map:     1.18 kB
dist/assets/square-terminal-CaSLos0p.js                           0.37 kB │ gzip:   0.29 kB │ map:     1.15 kB
dist/assets/zoom-in-CzauUSfT.js                                   0.37 kB │ gzip:   0.26 kB │ map:     1.32 kB
dist/assets/arrow-down-up-nf0dsYTK.js                             0.37 kB │ gzip:   0.28 kB │ map:     1.13 kB
dist/assets/bubbles-CId80uyJ.js                                   0.37 kB │ gzip:   0.27 kB │ map:     1.25 kB
dist/assets/coffee-BoVLnlHZ.js                                    0.37 kB │ gzip:   0.26 kB │ map:     1.19 kB
dist/assets/monitor-cloud-nAq9EByC.js                             0.37 kB │ gzip:   0.29 kB │ map:     1.25 kB
dist/assets/shrink-Cg86s85H.js                                    0.37 kB │ gzip:   0.28 kB │ map:     1.17 kB
dist/assets/video-off-DDenOTn3.js                                 0.37 kB │ gzip:   0.28 kB │ map:     1.13 kB
dist/assets/eye-DQNPUQj8.js                                       0.38 kB │ gzip:   0.28 kB │ map:     1.03 kB
dist/assets/monitor-dot-CYfxBB2X.js                               0.38 kB │ gzip:   0.28 kB │ map:     1.22 kB
dist/assets/plane-kSInkz0B.js                                     0.38 kB │ gzip:   0.30 kB │ map:     1.01 kB
dist/assets/subscript-CWSLMXej.js                                 0.38 kB │ gzip:   0.29 kB │ map:     1.15 kB
dist/assets/thumbs-up-C0NvtJ27.js                                 0.38 kB │ gzip:   0.29 kB │ map:     1.08 kB
dist/assets/archive-BcKpR-vt.js                                   0.38 kB │ gzip:   0.29 kB │ map:     1.11 kB
dist/assets/dice-4-CgEkyt-8.js                                    0.38 kB │ gzip:   0.26 kB │ map:     1.29 kB
dist/assets/folder-symlink-UsN1d5ME.js                            0.38 kB │ gzip:   0.27 kB │ map:     1.11 kB
dist/assets/forklift-DeyUq2Mw.js                                  0.38 kB │ gzip:   0.29 kB │ map:     1.23 kB
dist/assets/link-_gJLVeRc.js                                      0.38 kB │ gzip:   0.28 kB │ map:     0.98 kB
dist/assets/milestone-BK4-3C8W.js                                 0.38 kB │ gzip:   0.27 kB │ map:     1.15 kB
dist/assets/user-x-Bnsrdv7x.js                                    0.38 kB │ gzip:   0.28 kB │ map:     1.27 kB
dist/assets/battery-full-CsgnDZ5W.js                              0.38 kB │ gzip:   0.27 kB │ map:     1.30 kB
dist/assets/box-D9JhAvQR.js                                       0.38 kB │ gzip:   0.28 kB │ map:     1.13 kB
dist/assets/clipboard-minus-8mRNVXLz.js                           0.38 kB │ gzip:   0.28 kB │ map:     1.24 kB
dist/assets/cross-Cr-2fq4v.js                                     0.38 kB │ gzip:   0.25 kB │ map:     1.01 kB
dist/assets/laugh-B05h4IA-.js                                     0.38 kB │ gzip:   0.28 kB │ map:     1.27 kB
dist/assets/monitor-up-Ce84KQ02.js                                0.38 kB │ gzip:   0.28 kB │ map:     1.30 kB
dist/assets/brush-Bn9guAr3.js                                     0.38 kB │ gzip:   0.29 kB │ map:     1.12 kB
dist/assets/circle-alert-DShw5TaQ.js                              0.38 kB │ gzip:   0.27 kB │ map:     1.18 kB
dist/assets/flame-kindling-RaQTnLPw.js                            0.38 kB │ gzip:   0.29 kB │ map:     1.17 kB
dist/assets/joystick-Bs6VMN8L.js                                  0.38 kB │ gzip:   0.28 kB │ map:     1.23 kB
dist/assets/map-pin-plus-inside-CsXtE5e2.js                       0.38 kB │ gzip:   0.29 kB │ map:     1.19 kB
dist/assets/monitor-pause-DNpbJSw6.js                             0.38 kB │ gzip:   0.27 kB │ map:     1.31 kB
dist/assets/mouse-off-CTNdzs4Y.js                                 0.38 kB │ gzip:   0.27 kB │ map:     1.18 kB
dist/assets/receipt-turkish-lira-BmqtnnN8.js                      0.38 kB │ gzip:   0.27 kB │ map:     1.18 kB
dist/assets/thumbs-down-FMfbs9zK.js                               0.38 kB │ gzip:   0.29 kB │ map:     1.09 kB
dist/assets/ampersands-CxX76p32.js                                0.38 kB │ gzip:   0.25 kB │ map:     1.13 kB
dist/assets/circle-divide-BeyOoVo2.js                             0.38 kB │ gzip:   0.26 kB │ map:     1.35 kB
dist/assets/cloud-upload-DQrnWo9F.js                              0.38 kB │ gzip:   0.29 kB │ map:     1.07 kB
dist/assets/panel-top-dashed-C9cgA0DK.js                          0.38 kB │ gzip:   0.27 kB │ map:     1.32 kB
dist/assets/regex-CYMfjmZf.js                                     0.38 kB │ gzip:   0.27 kB │ map:     1.18 kB
dist/assets/sprout-B4ci96y0.js                                    0.38 kB │ gzip:   0.27 kB │ map:     1.14 kB
dist/assets/audio-lines-BT0NsLy9.js                               0.38 kB │ gzip:   0.25 kB │ map:     1.31 kB
dist/assets/case-upper-JGEiLTbP.js                                0.38 kB │ gzip:   0.28 kB │ map:     1.16 kB
dist/assets/chef-hat-6C15jqUg.js                                  0.38 kB │ gzip:   0.29 kB │ map:     1.08 kB
dist/assets/external-link-C58w5aB4.js                             0.38 kB │ gzip:   0.28 kB │ map:     1.08 kB
dist/assets/lamp-ceiling-z5-pFK9X.js                              0.38 kB │ gzip:   0.29 kB │ map:     1.16 kB
dist/assets/paint-roller-QUehWL3Q.js                              0.38 kB │ gzip:   0.28 kB │ map:     1.24 kB
dist/assets/text-wrap-CCPK8f-8.js                                 0.38 kB │ gzip:   0.28 kB │ map:     1.12 kB
dist/assets/arrow-up-a-z-CRKNn28_.js                              0.38 kB │ gzip:   0.27 kB │ map:     1.25 kB
dist/assets/book-audio-Bz4XP7SN.js                                0.38 kB │ gzip:   0.28 kB │ map:     1.22 kB
dist/assets/calendar-ZLz33r5t.js                                  0.38 kB │ gzip:   0.29 kB │ map:     1.17 kB
dist/assets/monitor-x-6BZOv6AG.js                                 0.38 kB │ gzip:   0.28 kB │ map:     1.30 kB
dist/assets/panel-left-dashed-DwRV5bog.js                         0.38 kB │ gzip:   0.27 kB │ map:     1.33 kB
dist/assets/user-lock-B-SV_Ww2.js                                 0.38 kB │ gzip:   0.30 kB │ map:     1.27 kB
dist/assets/zap-Dk9lmTVi.js                                       0.38 kB │ gzip:   0.29 kB │ map:     0.95 kB
dist/assets/arrow-up-z-a-3KctvMDv.js                              0.38 kB │ gzip:   0.27 kB │ map:     1.25 kB
dist/assets/calendar-minus-2-BBh229Im.js                          0.38 kB │ gzip:   0.27 kB │ map:     1.33 kB
dist/assets/monitor-8osC2M4n.js                                   0.38 kB │ gzip:   0.29 kB │ map:     1.19 kB
dist/assets/monitor-down-zXyumOhe.js                              0.38 kB │ gzip:   0.28 kB │ map:     1.31 kB
dist/assets/mouse-pointer-2-BSw5emcE.js                           0.38 kB │ gzip:   0.30 kB │ map:     0.99 kB
dist/assets/tree-pine-Dxn_FRVp.js                                 0.38 kB │ gzip:   0.27 kB │ map:     1.09 kB
dist/assets/apple-gwTQ8pKX.js                                     0.38 kB │ gzip:   0.28 kB │ map:     1.08 kB
dist/assets/arrow-up-0-1-DfVb2s_x.js                              0.38 kB │ gzip:   0.28 kB │ map:     1.31 kB
dist/assets/arrow-up-1-0-3uKujhcn.js                              0.38 kB │ gzip:   0.28 kB │ map:     1.31 kB
dist/assets/calendar-check-B3eS9JqP.js                            0.38 kB │ gzip:   0.28 kB │ map:     1.32 kB
dist/assets/clipboard-check-GeJWNWpR.js                           0.38 kB │ gzip:   0.29 kB │ map:     1.25 kB
dist/assets/folder-up-CkZ6y8xY.js                                 0.38 kB │ gzip:   0.28 kB │ map:     1.15 kB
dist/assets/map-pin-x-inside-3yMBgIeW.js                          0.38 kB │ gzip:   0.29 kB │ map:     1.18 kB
dist/assets/mouse-pointer-C6k4KMol.js                             0.38 kB │ gzip:   0.29 kB │ map:     1.11 kB
dist/assets/picture-in-picture-2-5x5FjW0V.js                      0.38 kB │ gzip:   0.30 kB │ map:     1.10 kB
dist/assets/scissors-Bba3j4KI.js                                  0.38 kB │ gzip:   0.27 kB │ map:     1.30 kB
dist/assets/antenna-C_PfnoNG.js                                   0.39 kB │ gzip:   0.25 kB │ map:     1.30 kB
dist/assets/book-type-DWzMI7rT.js                                 0.39 kB │ gzip:   0.28 kB │ map:     1.22 kB
dist/assets/bookmark-plus-CAnXfeEX.js                             0.39 kB │ gzip:   0.29 kB │ map:     1.17 kB
dist/assets/folder-clock-FPVV6k2t.js                              0.39 kB │ gzip:   0.29 kB │ map:     1.20 kB
dist/assets/gavel-BoxAEWa1.js                                     0.39 kB │ gzip:   0.28 kB │ map:     1.23 kB
dist/assets/mail-x-C14VhZfp.js                                    0.39 kB │ gzip:   0.28 kB │ map:     1.17 kB
dist/assets/repeat-1-BKesdlec.js                                  0.39 kB │ gzip:   0.27 kB │ map:     1.25 kB
dist/assets/text-initial-BOlr5JPr.js                              0.39 kB │ gzip:   0.27 kB │ map:     1.26 kB
dist/assets/arrow-down-a-z-A05oaSHE.js                            0.39 kB │ gzip:   0.28 kB │ map:     1.27 kB
dist/assets/cast-xt064D0N.js                                      0.39 kB │ gzip:   0.28 kB │ map:     1.21 kB
dist/assets/file-minus-DzJ2QcKm.js                                0.39 kB │ gzip:   0.28 kB │ map:     1.16 kB
dist/assets/flag-off-DkFRJiMR.js                                  0.39 kB │ gzip:   0.30 kB │ map:     1.18 kB
dist/assets/message-square-share-d64RbREK.js                      0.39 kB │ gzip:   0.29 kB │ map:     1.20 kB
dist/assets/table-cells-merge-DTLoY9iJ.js                         0.39 kB │ gzip:   0.27 kB │ map:     1.33 kB
dist/assets/arrow-down-z-a-D2QXQ2sr.js                            0.39 kB │ gzip:   0.28 kB │ map:     1.27 kB
dist/assets/banana-CclH1GMr.js                                    0.39 kB │ gzip:   0.30 kB │ map:     1.09 kB
dist/assets/cloud-backup-BX0NeIq0.js                              0.39 kB │ gzip:   0.29 kB │ map:     1.17 kB
dist/assets/folder-x-BuVyFcUC.js                                  0.39 kB │ gzip:   0.28 kB │ map:     1.16 kB
dist/assets/gallery-thumbnails-Cne3w3Rx.js                        0.39 kB │ gzip:   0.27 kB │ map:     1.34 kB
dist/assets/mail-plus-Crmc08fV.js                                 0.39 kB │ gzip:   0.29 kB │ map:     1.19 kB
dist/assets/panel-right-dashed-Bs6R-3T-.js                        0.39 kB │ gzip:   0.27 kB │ map:     1.34 kB
dist/assets/shapes-Dd9QLgh9.js                                    0.39 kB │ gzip:   0.30 kB │ map:     1.23 kB
dist/assets/toilet-CNFxAMUa.js                                    0.39 kB │ gzip:   0.28 kB │ map:     1.09 kB
dist/assets/arrow-down-0-1-B4lPXIuq.js                            0.39 kB │ gzip:   0.28 kB │ map:     1.32 kB
dist/assets/arrow-down-1-0-BYsUVcfT.js                            0.39 kB │ gzip:   0.28 kB │ map:     1.32 kB
dist/assets/blocks-CfHrZ7z7.js                                    0.39 kB │ gzip:   0.30 kB │ map:     1.08 kB
dist/assets/concierge-bell-IDNjDemp.js                            0.39 kB │ gzip:   0.27 kB │ map:     1.23 kB
dist/assets/folder-down-DnkxdeSw.js                               0.39 kB │ gzip:   0.28 kB │ map:     1.17 kB
dist/assets/fuel-BYS3BrAM.js                                      0.39 kB │ gzip:   0.28 kB │ map:     1.19 kB
dist/assets/heart-minus-DftwBHbw.js                               0.39 kB │ gzip:   0.30 kB │ map:     1.10 kB
dist/assets/move-DE6CZqox.js                                      0.39 kB │ gzip:   0.26 kB │ map:     1.30 kB
dist/assets/book-image-BGYM9CcV.js                                0.39 kB │ gzip:   0.30 kB │ map:     1.19 kB
dist/assets/bookmark-x-BUe6Yyj4.js                                0.39 kB │ gzip:   0.29 kB │ map:     1.16 kB
dist/assets/chart-area-CC9KxLnm.js                                0.39 kB │ gzip:   0.28 kB │ map:     1.10 kB
dist/assets/chromium-CW8aGEmc.js                                  0.39 kB │ gzip:   0.28 kB │ map:     1.31 kB
dist/assets/inspection-panel-CCxpGD7Q.js                          0.39 kB │ gzip:   0.26 kB │ map:     1.33 kB
dist/assets/languages-DHp-LiIX.js                                 0.39 kB │ gzip:   0.27 kB │ map:     1.32 kB
dist/assets/panel-bottom-dashed-DBJtZpKg.js                       0.39 kB │ gzip:   0.27 kB │ map:     1.34 kB
dist/assets/receipt-swiss-franc-B2L06xdu.js                       0.39 kB │ gzip:   0.26 kB │ map:     1.24 kB
dist/assets/saudi-riyal-BWS6SXD1.js                               0.39 kB │ gzip:   0.29 kB │ map:     1.20 kB
dist/assets/shield-half-B-JB4yTW.js                               0.39 kB │ gzip:   0.30 kB │ map:     1.10 kB
dist/assets/file-BmDnLJ_7.js                                      0.39 kB │ gzip:   0.30 kB │ map:     1.02 kB
dist/assets/folder-input-BtifNilu.js                              0.39 kB │ gzip:   0.28 kB │ map:     1.17 kB
dist/assets/image-nbHhx4Q6.js                                     0.39 kB │ gzip:   0.31 kB │ map:     1.15 kB
dist/assets/printer-DYZBrG6O.js                                   0.39 kB │ gzip:   0.29 kB │ map:     1.21 kB
dist/assets/shield-minus-GtjKq09n.js                              0.39 kB │ gzip:   0.30 kB │ map:     1.11 kB
dist/assets/signature-D6dPEPdo.js                                 0.39 kB │ gzip:   0.30 kB │ map:     1.10 kB
dist/assets/stamp-B8mD-BOR.js                                     0.39 kB │ gzip:   0.28 kB │ map:     1.15 kB
dist/assets/videotape-1ToNghTU.js                                 0.39 kB │ gzip:   0.28 kB │ map:     1.36 kB
dist/assets/badge-check-C1TVV0sX.js                               0.39 kB │ gzip:   0.27 kB │ map:     1.11 kB
dist/assets/cloud-download-DcC--R0x.js                            0.39 kB │ gzip:   0.30 kB │ map:     1.10 kB
dist/assets/git-commit-horizontal-DGrZYd-M.js                     0.39 kB │ gzip:   0.28 kB │ map:     1.23 kB
dist/assets/hard-hat-C9eVwjmR.js                                  0.39 kB │ gzip:   0.29 kB │ map:     1.25 kB
dist/assets/phone-vz5vMevG.js                                     0.39 kB │ gzip:   0.28 kB │ map:     1.02 kB
dist/assets/file-check-B8-chzra.js                                0.39 kB │ gzip:   0.28 kB │ map:     1.17 kB
dist/assets/file-minus-corner-C0whjaFu.js                         0.39 kB │ gzip:   0.28 kB │ map:     1.20 kB
dist/assets/folder-search-BSYFy1Ia.js                             0.39 kB │ gzip:   0.29 kB │ map:     1.21 kB
dist/assets/folders-BomdZsjY.js                                   0.39 kB │ gzip:   0.28 kB │ map:     1.11 kB
dist/assets/ice-cream-bowl-DEHpen4J.js                            0.39 kB │ gzip:   0.28 kB │ map:     1.18 kB
dist/assets/star-half-CWAklGmy.js                                 0.39 kB │ gzip:   0.30 kB │ map:     1.04 kB
dist/assets/bring-to-front-B7cOjVxY.js                            0.39 kB │ gzip:   0.28 kB │ map:     1.21 kB
dist/assets/cup-soda-DwA1H2Dt.js                                  0.39 kB │ gzip:   0.28 kB │ map:     1.19 kB
dist/assets/folder-output-DtTJMAN2.js                             0.39 kB │ gzip:   0.28 kB │ map:     1.18 kB
dist/assets/hard-drive-upload-C4vt_LP2.js                         0.39 kB │ gzip:   0.28 kB │ map:     1.34 kB
dist/assets/list-video-B8J-R6xL.js                                0.39 kB │ gzip:   0.27 kB │ map:     1.23 kB
dist/assets/message-square-plus-B5dFLhSc.js                       0.39 kB │ gzip:   0.29 kB │ map:     1.20 kB
dist/assets/pencil-line-C85ptPqv.js                               0.39 kB │ gzip:   0.29 kB │ map:     1.17 kB
dist/assets/user-round-key-DKxSwgN_.js                            0.39 kB │ gzip:   0.28 kB │ map:     1.33 kB
dist/assets/book-copy-M72TrMz0.js                                 0.39 kB │ gzip:   0.28 kB │ map:     1.17 kB
dist/assets/book-search-DNf3Murc.js                               0.39 kB │ gzip:   0.29 kB │ map:     1.23 kB
dist/assets/fan-DEw0wmrP.js                                       0.39 kB │ gzip:   0.27 kB │ map:     1.08 kB
dist/assets/git-pull-request-create-B2Xnhrd_.js                   0.39 kB │ gzip:   0.28 kB │ map:     1.34 kB
dist/assets/id-card-1LyTKcK0.js                                   0.39 kB │ gzip:   0.29 kB │ map:     1.33 kB
dist/assets/shield-ifdlz5Pj.js                                    0.39 kB │ gzip:   0.31 kB │ map:     0.97 kB
dist/assets/cloud-moon-CPM6SMwQ.js                                0.40 kB │ gzip:   0.31 kB │ map:     1.11 kB
dist/assets/commandPaletteBus-D1-IANWa.js                         0.40 kB │ gzip:   0.28 kB │ map:     2.41 kB
dist/assets/microwave-BDE1X_bv.js                                 0.40 kB │ gzip:   0.28 kB │ map:     1.37 kB
dist/assets/nfc-CGE6q1_a.js                                       0.40 kB │ gzip:   0.28 kB │ map:     1.18 kB
dist/assets/save-NGUPavoZ.js                                      0.40 kB │ gzip:   0.28 kB │ map:     1.15 kB
dist/assets/triangle-alert-BeNzMAXg.js                            0.40 kB │ gzip:   0.30 kB │ map:     1.13 kB
dist/assets/useLocation-DgkNXATk.js                               0.40 kB │ gzip:   0.29 kB │ map:     2.08 kB
dist/assets/diamond-plus-CsMfcTya.js                              0.40 kB │ gzip:   0.27 kB │ map:     1.18 kB
dist/assets/file-check-corner-CLT-_6qC.js                         0.40 kB │ gzip:   0.29 kB │ map:     1.20 kB
dist/assets/hard-drive-download-C2fMo3c7.js                       0.40 kB │ gzip:   0.28 kB │ map:     1.35 kB
dist/assets/refresh-ccw-BdwcWAgK.js                               0.40 kB │ gzip:   0.28 kB │ map:     1.20 kB
dist/assets/shield-check-q8cR-a2P.js                              0.40 kB │ gzip:   0.30 kB │ map:     1.12 kB
dist/assets/superscript-VUxyXoUA.js                               0.40 kB │ gzip:   0.30 kB │ map:     1.17 kB
dist/assets/eye-closed-CJVgw_CG.js                                0.40 kB │ gzip:   0.28 kB │ map:     1.27 kB
dist/assets/file-exclamation-point-D9xmCRrC.js                    0.40 kB │ gzip:   0.28 kB │ map:     1.22 kB
dist/assets/folder-root-CRS0_09v.js                               0.40 kB │ gzip:   0.30 kB │ map:     1.20 kB
dist/assets/send-to-back-8WHtWcjw.js                              0.40 kB │ gzip:   0.28 kB │ map:     1.32 kB
dist/assets/square-stack-CXrLuy3H.js                              0.40 kB │ gzip:   0.28 kB │ map:     1.20 kB
dist/assets/user-key-C5pspnsB.js                                  0.40 kB │ gzip:   0.28 kB │ map:     1.31 kB
dist/assets/whole-word-BSV8E9Nc.js                                0.40 kB │ gzip:   0.28 kB │ map:     1.32 kB
dist/assets/funnel-plus-8TU0luaU.js                               0.40 kB │ gzip:   0.29 kB │ map:     1.17 kB
dist/assets/hand-helping-DNMJZlxG.js                              0.40 kB │ gzip:   0.30 kB │ map:     1.18 kB
dist/assets/message-circle-x-PsWHEuMS.js                          0.40 kB │ gzip:   0.30 kB │ map:     1.20 kB
dist/assets/message-square-x-CfME18Co.js                          0.40 kB │ gzip:   0.29 kB │ map:     1.20 kB
dist/assets/pencil-Dr22Tweb.js                                    0.40 kB │ gzip:   0.31 kB │ map:     1.04 kB
dist/assets/sailboat-Br0PiKHk.js                                  0.40 kB │ gzip:   0.29 kB │ map:     1.18 kB
dist/assets/align-vertical-space-between-LPmZlDUU.js              0.40 kB │ gzip:   0.27 kB │ map:     1.38 kB
dist/assets/bath-hyqh8eMu.js                                      0.40 kB │ gzip:   0.27 kB │ map:     1.27 kB
dist/assets/heading-5-wgWuKF__.js                                 0.40 kB │ gzip:   0.28 kB │ map:     1.27 kB
dist/assets/screen-share-Dy_wUdg5.js                              0.40 kB │ gzip:   0.27 kB │ map:     1.27 kB
dist/assets/spell-check-2-Qs2hqMnS.js                             0.40 kB │ gzip:   0.26 kB │ map:     1.19 kB
dist/assets/table-of-contents-CS1ngrmB.js                         0.40 kB │ gzip:   0.25 kB │ map:     1.35 kB
dist/assets/youtube-D3xRnWni.js                                   0.40 kB │ gzip:   0.27 kB │ map:     1.10 kB
dist/assets/a-large-small-Dbz6JhCg.js                             0.40 kB │ gzip:   0.30 kB │ map:     1.22 kB
dist/assets/calendar-minus-0ZQ3cHB5.js                            0.40 kB │ gzip:   0.27 kB │ map:     1.28 kB
dist/assets/mail-warning-CZaw5ZSO.js                              0.40 kB │ gzip:   0.29 kB │ map:     1.21 kB
dist/assets/tickets-Bjue-kAx.js                                   0.40 kB │ gzip:   0.30 kB │ map:     1.31 kB
dist/assets/useT3ConnectAuthPrompt-Czco812K.js                    0.40 kB │ gzip:   0.30 kB │ map:     1.00 kB
dist/assets/volume-1-knCkOPAO.js                                  0.40 kB │ gzip:   0.29 kB │ map:     1.10 kB
dist/assets/book-heart-zAC0A3_G.js                                0.40 kB │ gzip:   0.30 kB │ map:     1.15 kB
dist/assets/braces-BCktIl5u.js                                    0.40 kB │ gzip:   0.29 kB │ map:     1.06 kB
dist/assets/folder-closed-kas2Hgjp.js                             0.40 kB │ gzip:   0.29 kB │ map:     1.07 kB
dist/assets/gem-DqTYNVD8.js                                       0.40 kB │ gzip:   0.30 kB │ map:     1.15 kB
dist/assets/library-big-CBygP3_x.js                               0.40 kB │ gzip:   0.31 kB │ map:     1.23 kB
dist/assets/message-circle-plus-Ca_As2dl.js                       0.40 kB │ gzip:   0.30 kB │ map:     1.21 kB
dist/assets/notebook-CcFOjfti.js                                  0.40 kB │ gzip:   0.28 kB │ map:     1.38 kB
dist/assets/pen-line-BH3s84wa.js                                  0.40 kB │ gzip:   0.31 kB │ map:     1.05 kB
dist/assets/rocking-chair-W_sXfJrY.js                             0.40 kB │ gzip:   0.28 kB │ map:     1.30 kB
dist/assets/rotate-ccw-key-DNIm3xFT.js                            0.40 kB │ gzip:   0.29 kB │ map:     1.31 kB
dist/assets/align-vertical-distribute-end-Cr7bEQpP.js             0.40 kB │ gzip:   0.27 kB │ map:     1.39 kB
dist/assets/bell-minus-CORx4860.js                                0.40 kB │ gzip:   0.30 kB │ map:     1.18 kB
dist/assets/funnel-x-CaYv8g1S.js                                  0.40 kB │ gzip:   0.30 kB │ map:     1.17 kB
dist/assets/git-fork-CPZUT2Vv.js                                  0.40 kB │ gzip:   0.28 kB │ map:     1.34 kB
dist/assets/house-CTGh7xNi.js                                     0.40 kB │ gzip:   0.30 kB │ map:     1.04 kB
dist/assets/align-horizontal-space-between-cMkO-s1M.js            0.40 kB │ gzip:   0.28 kB │ map:     1.39 kB
dist/assets/contact-round-urDx8qZG.js                             0.40 kB │ gzip:   0.29 kB │ map:     1.37 kB
dist/assets/scooter-DJcepzmO.js                                   0.40 kB │ gzip:   0.30 kB │ map:     1.27 kB
dist/assets/shield-ban-BNHP7gvJ.js                                0.40 kB │ gzip:   0.31 kB │ map:     1.12 kB
dist/assets/square-divide-BAmODc6u.js                             0.40 kB │ gzip:   0.28 kB │ map:     1.41 kB
dist/assets/tv-minimal-play-CKK_0I_d.js                           0.40 kB │ gzip:   0.31 kB │ map:     1.25 kB
dist/assets/arrow-big-up-dash-rG3iNK3b.js                         0.40 kB │ gzip:   0.29 kB │ map:     1.14 kB
dist/assets/badge-minus-k1EyssjY.js                               0.40 kB │ gzip:   0.28 kB │ map:     1.16 kB
dist/assets/book-open-ChJn8XhH.js                                 0.40 kB │ gzip:   0.29 kB │ map:     1.05 kB
dist/assets/plug-2-B75qpe6e.js                                    0.40 kB │ gzip:   0.29 kB │ map:     1.20 kB
dist/assets/scan-line-CkBjo-1i.js                                 0.40 kB │ gzip:   0.27 kB │ map:     1.27 kB
dist/assets/spool-CEXOxkAr.js                                     0.40 kB │ gzip:   0.30 kB │ map:     1.13 kB
dist/assets/squares-exclude-D9HKKHbZ.js                           0.40 kB │ gzip:   0.28 kB │ map:     1.17 kB
dist/assets/wallet-cards-C2GWJral.js                              0.40 kB │ gzip:   0.31 kB │ map:     1.24 kB
dist/assets/align-vertical-distribute-start-CKu5Isep.js           0.41 kB │ gzip:   0.27 kB │ map:     1.41 kB
dist/assets/layers-2-BV0oN-YW.js                                  0.41 kB │ gzip:   0.29 kB │ map:     1.14 kB
dist/assets/align-horizontal-distribute-end-1ZWU6RXh.js           0.41 kB │ gzip:   0.28 kB │ map:     1.41 kB
dist/assets/arrow-big-down-dash-B-73kBQx.js                       0.41 kB │ gzip:   0.29 kB │ map:     1.15 kB
dist/assets/contact-ChHKutu1.js                                   0.41 kB │ gzip:   0.29 kB │ map:     1.34 kB
dist/assets/dribbble-B3ANY5Zp.js                                  0.41 kB │ gzip:   0.31 kB │ map:     1.23 kB
dist/assets/flip-horizontal-2-DuXAcZ50.js                         0.41 kB │ gzip:   0.26 kB │ map:     1.36 kB
dist/assets/list-checks-Drprcln6.js                               0.41 kB │ gzip:   0.27 kB │ map:     1.22 kB
dist/assets/map-pin-minus-C6xjcr_p.js                             0.41 kB │ gzip:   0.31 kB │ map:     1.22 kB
dist/assets/message-square-code-BJwH2MSh.js                       0.41 kB │ gzip:   0.29 kB │ map:     1.22 kB
dist/assets/battery-charging-BsyxOLab.js                          0.41 kB │ gzip:   0.29 kB │ map:     1.24 kB
dist/assets/briefcase-business-BWHQcVQK.js                        0.41 kB │ gzip:   0.30 kB │ map:     1.30 kB
dist/assets/focus-BYZgAfYn.js                                     0.41 kB │ gzip:   0.28 kB │ map:     1.29 kB
dist/assets/heading-3-DGjGKrWk.js                                 0.41 kB │ gzip:   0.28 kB │ map:     1.27 kB
dist/assets/screen-share-off-D3kyZ24b.js                          0.41 kB │ gzip:   0.28 kB │ map:     1.30 kB
dist/assets/calendar-check-2-BLgUoXaD.js                          0.41 kB │ gzip:   0.28 kB │ map:     1.30 kB
dist/assets/heart-pulse-DjidV38E.js                               0.41 kB │ gzip:   0.31 kB │ map:     1.12 kB
dist/assets/monitor-smartphone-_f5NiBYP.js                        0.41 kB │ gzip:   0.29 kB │ map:     1.30 kB
dist/assets/receipt-indian-rupee-Di7IzJrg.js                      0.41 kB │ gzip:   0.27 kB │ map:     1.27 kB
dist/assets/wallpaper-BLi9j_zP.js                                 0.41 kB │ gzip:   0.31 kB │ map:     1.35 kB
dist/assets/align-horizontal-distribute-start-DzlIeTfh.js         0.41 kB │ gzip:   0.28 kB │ map:     1.42 kB
dist/assets/angry-BX22zCJl.js                                     0.41 kB │ gzip:   0.29 kB │ map:     1.35 kB
dist/assets/arrow-big-left-dash-B1Qn8MNT.js                       0.41 kB │ gzip:   0.29 kB │ map:     1.15 kB
dist/assets/book-lock-BPWJ5LN5.js                                 0.41 kB │ gzip:   0.31 kB │ map:     1.27 kB
dist/assets/flip-vertical-2-D7SU4xqL.js                           0.41 kB │ gzip:   0.26 kB │ map:     1.36 kB
dist/assets/image-up-CdBL_KzA.js                                  0.41 kB │ gzip:   0.30 kB │ map:     1.27 kB
dist/assets/lectern-Bg8cdUKw.js                                   0.41 kB │ gzip:   0.31 kB │ map:     1.23 kB
dist/assets/arrow-big-right-dash-BPNSo9MG.js                      0.41 kB │ gzip:   0.29 kB │ map:     1.16 kB
dist/assets/bitcoin-Di7qM3Ud.js                                   0.41 kB │ gzip:   0.31 kB │ map:     1.05 kB
dist/assets/clipboard-x-DcDrMZLi.js                               0.41 kB │ gzip:   0.29 kB │ map:     1.32 kB
dist/assets/graduation-cap-BedwGahH.js                            0.41 kB │ gzip:   0.30 kB │ map:     1.20 kB
dist/assets/message-circle-warning-DUJbArfu.js                    0.41 kB │ gzip:   0.30 kB │ map:     1.23 kB
dist/assets/send-BZDmEnWV.js                                      0.41 kB │ gzip:   0.32 kB │ map:     1.04 kB
dist/assets/book-key-BOu68p6i.js                                  0.41 kB │ gzip:   0.30 kB │ map:     1.30 kB
dist/assets/bottle-wine-C8OAcxAu.js                               0.41 kB │ gzip:   0.29 kB │ map:     1.13 kB
dist/assets/calendar-x-DXjDaSCS.js                                0.41 kB │ gzip:   0.28 kB │ map:     1.39 kB
dist/assets/cooking-pot-DU_-5201.js                               0.41 kB │ gzip:   0.29 kB │ map:     1.25 kB
dist/assets/image-down-BQbTJ-Y8.js                                0.41 kB │ gzip:   0.30 kB │ map:     1.28 kB
dist/assets/lightbulb-BcutiNFX.js                                 0.41 kB │ gzip:   0.31 kB │ map:     1.12 kB
dist/assets/package-2-DlaJeVsr.js                                 0.41 kB │ gzip:   0.29 kB │ map:     1.18 kB
dist/assets/ticket-percent-BYqBTRph.js                            0.41 kB │ gzip:   0.28 kB │ map:     1.26 kB
dist/assets/citrus-BN-i5cha.js                                    0.41 kB │ gzip:   0.30 kB │ map:     1.24 kB
dist/assets/creative-commons-DWsFl9sC.js                          0.41 kB │ gzip:   0.27 kB │ map:     1.24 kB
dist/assets/file-chart-line-raH6f3IF.js                           0.41 kB │ gzip:   0.29 kB │ map:     1.21 kB
dist/assets/flashlight-ClSO6bud.js                                0.41 kB │ gzip:   0.30 kB │ map:     1.19 kB
dist/assets/receipt-pound-sterling-BQhcG8UV.js                    0.41 kB │ gzip:   0.28 kB │ map:     1.28 kB
dist/assets/air-vent-CtWQVsXd.js                                  0.41 kB │ gzip:   0.29 kB │ map:     1.24 kB
dist/assets/clipboard-plus-O5zWOBl5.js                            0.41 kB │ gzip:   0.30 kB │ map:     1.34 kB
dist/assets/list-restart-DG3cQk7g.js                              0.41 kB │ gzip:   0.29 kB │ map:     1.32 kB
dist/assets/user-pen-ao909pcj.js                                  0.41 kB │ gzip:   0.31 kB │ map:     1.21 kB
dist/assets/book-open-check-gF9LmMxn.js                           0.41 kB │ gzip:   0.28 kB │ map:     1.21 kB
dist/assets/lamp-BDRYUqIv.js                                      0.41 kB │ gzip:   0.30 kB │ map:     1.18 kB
dist/assets/message-circle-code-BTpocRm_.js                       0.41 kB │ gzip:   0.30 kB │ map:     1.23 kB
dist/assets/signpost-BiWxiT8R.js                                  0.41 kB │ gzip:   0.28 kB │ map:     1.18 kB
dist/assets/timer-off-D6wzmOUA.js                                 0.41 kB │ gzip:   0.28 kB │ map:     1.28 kB
dist/assets/type-outline-BgrV7v8T.js                              0.41 kB │ gzip:   0.27 kB │ map:     1.07 kB
dist/assets/database-zap-C8sI2m3m.js                              0.42 kB │ gzip:   0.30 kB │ map:     1.33 kB
dist/assets/dice-5-BpwMEHiv.js                                    0.42 kB │ gzip:   0.27 kB │ map:     1.39 kB
dist/assets/folder-lock-DD8Njk0r.js                               0.42 kB │ gzip:   0.30 kB │ map:     1.25 kB
dist/assets/folder-search-2-QrnxMWJ_.js                           0.42 kB │ gzip:   0.30 kB │ map:     1.24 kB
dist/assets/stone-D8ZqVHfM.js                                     0.42 kB │ gzip:   0.30 kB │ map:     1.17 kB
dist/assets/folder-key-JXbYtSM1.js                                0.42 kB │ gzip:   0.30 kB │ map:     1.28 kB
dist/assets/gpu-tJyEmhZ3.js                                       0.42 kB │ gzip:   0.29 kB │ map:     1.31 kB
dist/assets/image-minus-vdu8PceJ.js                               0.42 kB │ gzip:   0.31 kB │ map:     1.29 kB
dist/assets/octagon-B3mRyezQ.js                                   0.42 kB │ gzip:   0.28 kB │ map:     1.05 kB
dist/assets/pen-off-CZlrFxWA.js                                   0.42 kB │ gzip:   0.31 kB │ map:     1.18 kB
dist/assets/shopping-bag-C9cj2G6-.js                              0.42 kB │ gzip:   0.29 kB │ map:     1.20 kB
dist/assets/skull-Bfsgjffi.js                                     0.42 kB │ gzip:   0.29 kB │ map:     1.29 kB
dist/assets/weight-tilde-CIlfuJuG.js                              0.42 kB │ gzip:   0.31 kB │ map:     1.23 kB
dist/assets/bell-dot-DsmU_8HX.js                                  0.42 kB │ gzip:   0.32 kB │ map:     1.21 kB
dist/assets/calendar-plus-2-BWh9NUQh.js                           0.42 kB │ gzip:   0.29 kB │ map:     1.42 kB
dist/assets/file-question-mark-DjPiAaqW.js                        0.42 kB │ gzip:   0.30 kB │ map:     1.22 kB
dist/assets/file-symlink-CQ2B53Pw.js                              0.42 kB │ gzip:   0.29 kB │ map:     1.20 kB
dist/assets/globe-lock-pHLvGi-v.js                                0.42 kB │ gzip:   0.31 kB │ map:     1.31 kB
dist/assets/newspaper-DfPI3D9K.js                                 0.42 kB │ gzip:   0.30 kB │ map:     1.31 kB
dist/assets/stethoscope-C5CfDpC8.js                               0.42 kB │ gzip:   0.29 kB │ map:     1.32 kB
dist/assets/blinds-DMEb2jLO.js                                    0.42 kB │ gzip:   0.28 kB │ map:     1.42 kB
dist/assets/drafting-compass-BLeOIKYS.js                          0.42 kB │ gzip:   0.31 kB │ map:     1.34 kB
dist/assets/ethernet-port-DvHLrsBn.js                             0.42 kB │ gzip:   0.27 kB │ map:     1.33 kB
dist/assets/loader-pinwheel-C0cAaN--.js                           0.42 kB │ gzip:   0.29 kB │ map:     1.28 kB
dist/assets/archive-restore-BHaYgcdX.js                           0.42 kB │ gzip:   0.30 kB │ map:     1.37 kB
dist/assets/battery-warning-CpvcTPwK.js                           0.42 kB │ gzip:   0.28 kB │ map:     1.31 kB
dist/assets/currency-DutTKr4Y.js                                  0.42 kB │ gzip:   0.26 kB │ map:     1.47 kB
dist/assets/folder-open-BYkrm3SB.js                               0.42 kB │ gzip:   0.31 kB │ map:     1.01 kB
dist/assets/heart-plus-CUKUt2jJ.js                                0.42 kB │ gzip:   0.31 kB │ map:     1.19 kB
dist/assets/locate-Bk37Emy3.js                                    0.42 kB │ gzip:   0.27 kB │ map:     1.46 kB
dist/assets/megaphone-CEb1Lioe.js                                 0.42 kB │ gzip:   0.30 kB │ map:     1.19 kB
dist/assets/message-square-reply-Cbfpq2o_.js                      0.42 kB │ gzip:   0.30 kB │ map:     1.24 kB
dist/assets/square-split-vertical-JYEk_Foh.js                     0.42 kB │ gzip:   0.32 kB │ map:     1.19 kB
dist/assets/utility-pole-Bov_sSJ_.js                              0.42 kB │ gzip:   0.26 kB │ map:     1.42 kB
dist/assets/accessibility-g6WmtgWm.js                             0.42 kB │ gzip:   0.30 kB │ map:     1.34 kB
dist/assets/copy-x--KEjaR70.js                                    0.42 kB │ gzip:   0.30 kB │ map:     1.36 kB
dist/assets/house-heart-DCj3cAys.js                               0.42 kB │ gzip:   0.30 kB │ map:     1.17 kB
dist/assets/paw-print-BBmX93vY.js                                 0.42 kB │ gzip:   0.30 kB │ map:     1.33 kB
dist/assets/podcast-ByEQLhCe.js                                   0.42 kB │ gzip:   0.30 kB │ map:     1.29 kB
dist/assets/venetian-mask-C0WKAPp8.js                             0.42 kB │ gzip:   0.29 kB │ map:     1.21 kB
dist/assets/file-x-corner-WIy-E7Q2.js                             0.42 kB │ gzip:   0.29 kB │ map:     1.27 kB
dist/assets/git-graph-DxQyM3CW.js                                 0.42 kB │ gzip:   0.28 kB │ map:     1.43 kB
dist/assets/land-plot-D6RZlq8b.js                                 0.42 kB │ gzip:   0.30 kB │ map:     1.26 kB
dist/assets/layout-grid-B6POnd7W.js                               0.42 kB │ gzip:   0.25 kB │ map:     1.45 kB
dist/assets/clapperboard-C74jJcZV.js                              0.42 kB │ gzip:   0.31 kB │ map:     1.26 kB
dist/assets/droplet-off-a1VFFFMQ.js                               0.42 kB │ gzip:   0.32 kB │ map:     1.22 kB
dist/assets/file-plus-CnbxqYi7.js                                 0.42 kB │ gzip:   0.30 kB │ map:     1.25 kB
dist/assets/picture-in-picture-BcPWL1KZ.js                        0.42 kB │ gzip:   0.30 kB │ map:     1.38 kB
dist/assets/alarm-clock-minus-d8YfqrQw.js                         0.42 kB │ gzip:   0.29 kB │ map:     1.41 kB
dist/assets/archive-x-DjopFKgs.js                                 0.42 kB │ gzip:   0.31 kB │ map:     1.22 kB
dist/assets/map-pin-check-G-JZ-0HM.js                             0.42 kB │ gzip:   0.33 kB │ map:     1.24 kB
dist/assets/mouse-pointer-ban-DSvTSIwx.js                         0.42 kB │ gzip:   0.32 kB │ map:     1.25 kB
dist/assets/square-mouse-pointer-B7qhJ83V.js                      0.42 kB │ gzip:   0.31 kB │ map:     1.18 kB
dist/assets/square-split-horizontal-z5uzGAPQ.js                   0.42 kB │ gzip:   0.32 kB │ map:     1.20 kB
dist/assets/webhook-BS7kSs4O.js                                   0.42 kB │ gzip:   0.32 kB │ map:     1.19 kB
dist/assets/chess-pawn-CwTBN_uB.js                                0.42 kB │ gzip:   0.30 kB │ map:     1.33 kB
dist/assets/file-up-CaXdO-f7.js                                   0.42 kB │ gzip:   0.30 kB │ map:     1.25 kB
dist/assets/gift-DLqviGzn.js                                      0.42 kB │ gzip:   0.31 kB │ map:     1.29 kB
dist/assets/orbit-DSP2cR0G.js                                     0.42 kB │ gzip:   0.29 kB │ map:     1.36 kB
dist/assets/scroll-text-Dp5PSQFR.js                               0.42 kB │ gzip:   0.28 kB │ map:     1.26 kB
dist/assets/shield-plus-CR78Hrr5.js                               0.42 kB │ gzip:   0.31 kB │ map:     1.20 kB
dist/assets/smartphone-nfc-CA186Asu.js                            0.42 kB │ gzip:   0.31 kB │ map:     1.31 kB
dist/assets/book-up-2-B3l29auh.js                                 0.43 kB │ gzip:   0.29 kB │ map:     1.29 kB
dist/assets/folder-open-dot-D8w8Vyvz.js                           0.43 kB │ gzip:   0.31 kB │ map:     1.18 kB
dist/assets/list-todo-0bN5lKmN.js                                 0.43 kB │ gzip:   0.30 kB │ map:     1.28 kB
dist/assets/plug-zap-CWqXjuMO.js                                  0.43 kB │ gzip:   0.29 kB │ map:     1.30 kB
dist/assets/wrench-B2S3zQot.js                                    0.43 kB │ gzip:   0.32 kB │ map:     1.00 kB
dist/assets/copy-plus-CNvvEi8_.js                                 0.43 kB │ gzip:   0.31 kB │ map:     1.38 kB
dist/assets/crosshair-C5nFGFow.js                                 0.43 kB │ gzip:   0.27 kB │ map:     1.48 kB
dist/assets/diameter-Cms84wJY.js                                  0.43 kB │ gzip:   0.29 kB │ map:     1.34 kB
dist/assets/folder-kanban-CqUmH6n6.js                             0.43 kB │ gzip:   0.30 kB │ map:     1.27 kB
dist/assets/laptop-BrljiT0m.js                                    0.43 kB │ gzip:   0.31 kB │ map:     1.07 kB
dist/assets/message-circle-reply-CwlN-W1y.js                      0.43 kB │ gzip:   0.31 kB │ map:     1.24 kB
dist/assets/monitor-off-z15XoyBr.js                               0.43 kB │ gzip:   0.29 kB │ map:     1.30 kB
dist/assets/battery-plus-DEHtEFSt.js                              0.43 kB │ gzip:   0.29 kB │ map:     1.30 kB
dist/assets/file-x-fg7rgEcf.js                                    0.43 kB │ gzip:   0.29 kB │ map:     1.25 kB
dist/assets/monitor-speaker-C_WwBQQ2.js                           0.43 kB │ gzip:   0.31 kB │ map:     1.40 kB
dist/assets/turtle-Dd_TNK0x.js                                    0.43 kB │ gzip:   0.29 kB │ map:     1.25 kB
dist/assets/user-round-pen-DEJyNIo5.js                            0.43 kB │ gzip:   0.32 kB │ map:     1.25 kB
dist/assets/users-CfF5uPyo.js                                     0.43 kB │ gzip:   0.31 kB │ map:     1.19 kB
dist/assets/washing-machine-CGxETTTS.js                           0.43 kB │ gzip:   0.31 kB │ map:     1.40 kB
dist/assets/dessert-BLfLHfu2.js                                   0.43 kB │ gzip:   0.31 kB │ map:     1.22 kB
dist/assets/file-down-B1aH2vqu.js                                 0.43 kB │ gzip:   0.30 kB │ map:     1.26 kB
dist/assets/glasses-BZ_sozY-.js                                   0.43 kB │ gzip:   0.29 kB │ map:     1.34 kB
dist/assets/key-round-A0Yw8mV-.js                                 0.43 kB │ gzip:   0.31 kB │ map:     1.18 kB
dist/assets/share-2-DiYP8xYg.js                                   0.43 kB │ gzip:   0.29 kB │ map:     1.45 kB
dist/assets/train-track-Clp9aY-a.js                               0.43 kB │ gzip:   0.26 kB │ map:     1.42 kB
dist/assets/alarm-clock-check-DdqO1JQu.js                         0.43 kB │ gzip:   0.29 kB │ map:     1.42 kB
dist/assets/chart-bar-stacked-BfT7ahRo.js                         0.43 kB │ gzip:   0.29 kB │ map:     1.43 kB
dist/assets/cigarette-CFG0-IsN.js                                 0.43 kB │ gzip:   0.28 kB │ map:     1.30 kB
dist/assets/cookie-DRutpHkE.js                                    0.43 kB │ gzip:   0.27 kB │ map:     1.34 kB
dist/assets/file-plus-corner-CySXSVg-.js                          0.43 kB │ gzip:   0.30 kB │ map:     1.29 kB
dist/assets/house-plus-COOd10HA.js                                0.43 kB │ gzip:   0.30 kB │ map:     1.27 kB
dist/assets/message-square-lock-CFbPP8O1.js                       0.43 kB │ gzip:   0.32 kB │ map:     1.30 kB
dist/assets/message-square-quote-B6iFj5P4.js                      0.43 kB │ gzip:   0.29 kB │ map:     1.25 kB
dist/assets/message-square-text-CutoaQKl.js                       0.43 kB │ gzip:   0.30 kB │ map:     1.30 kB
dist/assets/shield-alert-DX75AbaH.js                              0.43 kB │ gzip:   0.31 kB │ map:     1.21 kB
dist/assets/shield-x--tHxnc6Z.js                                  0.43 kB │ gzip:   0.31 kB │ map:     1.20 kB
dist/assets/speech-ELK0LtK6.js                                    0.43 kB │ gzip:   0.32 kB │ map:     1.19 kB
dist/assets/binary-DY57NDAf.js                                    0.43 kB │ gzip:   0.28 kB │ map:     1.45 kB
dist/assets/circuit-board-CSOK2qMM.js                             0.43 kB │ gzip:   0.30 kB │ map:     1.42 kB
dist/assets/file-axis-3d-Dkq1u5hJ.js                              0.43 kB │ gzip:   0.30 kB │ map:     1.27 kB
dist/assets/message-square-diff-pR7j0zDl.js                       0.43 kB │ gzip:   0.30 kB │ map:     1.30 kB
dist/assets/crown-DKUITsH2.js                                     0.43 kB │ gzip:   0.31 kB │ map:     1.12 kB
dist/assets/decimals-arrow-right-Bnoyxq94.js                      0.43 kB │ gzip:   0.29 kB │ map:     1.45 kB
dist/assets/flask-conical-Cxc3MqU4.js                             0.43 kB │ gzip:   0.31 kB │ map:     1.16 kB
dist/assets/layout-dashboard-BCjeEspn.js                          0.43 kB │ gzip:   0.26 kB │ map:     1.48 kB
dist/assets/receipt-japanese-yen-C45TLlkK.js                      0.43 kB │ gzip:   0.28 kB │ map:     1.35 kB
dist/assets/snail-9NKZrtwG.js                                     0.43 kB │ gzip:   0.31 kB │ map:     1.31 kB
dist/assets/bell-plus-BkTIy_ES.js                                 0.43 kB │ gzip:   0.32 kB │ map:     1.26 kB
dist/assets/book-headphones-Pbqx095V.js                           0.43 kB │ gzip:   0.30 kB │ map:     1.35 kB
dist/assets/card-sim-BQxChdtM.js                                  0.43 kB │ gzip:   0.31 kB │ map:     1.31 kB
dist/assets/syringe-_cQqRoa-.js                                   0.43 kB │ gzip:   0.29 kB │ map:     1.35 kB
dist/assets/file-clock-CC61SLKU.js                                0.43 kB │ gzip:   0.31 kB │ map:     1.30 kB
dist/assets/file-input-BEoF7YlO.js                                0.43 kB │ gzip:   0.30 kB │ map:     1.27 kB
dist/assets/folder-heart-Ck9PcbyZ.js                              0.43 kB │ gzip:   0.31 kB │ map:     1.19 kB
dist/assets/folder-plus-NZAdUbwo.js                               0.43 kB │ gzip:   0.31 kB │ map:     1.15 kB
dist/assets/hourglass-BEa12ou3.js                                 0.43 kB │ gzip:   0.29 kB │ map:     1.28 kB
dist/assets/list-ordered-BdKZNQ-d.js                              0.43 kB │ gzip:   0.28 kB │ map:     1.37 kB
dist/assets/mailbox-CWND_vUH.js                                   0.43 kB │ gzip:   0.32 kB │ map:     1.30 kB
dist/assets/mic-vocal-D84DUT1L.js                                 0.43 kB │ gzip:   0.33 kB │ map:     1.26 kB
dist/assets/monitor-play-BJA3iczp.js                              0.43 kB │ gzip:   0.32 kB │ map:     1.33 kB
dist/assets/watch-VpfKeIlw.js                                     0.43 kB │ gzip:   0.31 kB │ map:     1.26 kB
dist/assets/fullscreen-BBoQuR9N.js                                0.43 kB │ gzip:   0.30 kB │ map:     1.36 kB
dist/assets/lightbulb-off-DfWiETua.js                             0.43 kB │ gzip:   0.30 kB │ map:     1.31 kB
dist/assets/trees-7ZDpk-47.js                                     0.43 kB │ gzip:   0.30 kB │ map:     1.25 kB
dist/assets/badge-cent-C5TOGot6.js                                0.44 kB │ gzip:   0.28 kB │ map:     1.21 kB
dist/assets/badge-euro-3V_7ZM1X.js                                0.44 kB │ gzip:   0.28 kB │ map:     1.21 kB
dist/assets/calendar-x-2-DrVFeLlq.js                              0.44 kB │ gzip:   0.28 kB │ map:     1.37 kB
dist/assets/chart-column-stacked-BPQ4Z310.js                      0.44 kB │ gzip:   0.30 kB │ map:     1.45 kB
dist/assets/file-terminal-_YecOoQ3.js                             0.44 kB │ gzip:   0.30 kB │ map:     1.29 kB
dist/assets/user-plus-CgnP3odD.js                                 0.44 kB │ gzip:   0.32 kB │ map:     1.29 kB
dist/assets/armchair-DM9NwOP9.js                                  0.44 kB │ gzip:   0.29 kB │ map:     1.27 kB
dist/assets/lamp-wall-up-CzePmdy8.js                              0.44 kB │ gzip:   0.30 kB │ map:     1.23 kB
dist/assets/layout-list-DCQSh-0E.js                               0.44 kB │ gzip:   0.28 kB │ map:     1.48 kB
dist/assets/switch-camera-C5cwP8Rt.js                             0.44 kB │ gzip:   0.30 kB │ map:     1.35 kB
dist/assets/bell-off-DggLs5B_.js                                  0.44 kB │ gzip:   0.32 kB │ map:     1.27 kB
dist/assets/house-wifi-ib-kaQ0G.js                                0.44 kB │ gzip:   0.30 kB │ map:     1.28 kB
dist/assets/image-plus-D5NX9Ih5.js                                0.44 kB │ gzip:   0.30 kB │ map:     1.33 kB
dist/assets/message-square-more-qbYg-qdn.js                       0.44 kB │ gzip:   0.30 kB │ map:     1.31 kB
dist/assets/lamp-wall-down-BjuP39NI.js                            0.44 kB │ gzip:   0.30 kB │ map:     1.25 kB
dist/assets/sheet-CkgT9MWr.js                                     0.44 kB │ gzip:   0.28 kB │ map:     1.52 kB
dist/assets/birdhouse-DflCCIXz.js                                 0.44 kB │ gzip:   0.31 kB │ map:     1.40 kB
dist/assets/calendar-plus-6xl7XBOn.js                             0.44 kB │ gzip:   0.29 kB │ map:     1.38 kB
dist/assets/captions-off-BU4jQkQh.js                              0.44 kB │ gzip:   0.29 kB │ map:     1.38 kB
dist/assets/door-closed-locked-j_QDM-W4.js                        0.44 kB │ gzip:   0.30 kB │ map:     1.39 kB
dist/assets/file-music-Cq1faM2g.js                                0.44 kB │ gzip:   0.32 kB │ map:     1.31 kB
dist/assets/parking-meter-Bvm_kdLe.js                             0.44 kB │ gzip:   0.29 kB │ map:     1.35 kB
dist/assets/cake-slice-B30Ayeqq.js                                0.44 kB │ gzip:   0.32 kB │ map:     1.30 kB
dist/assets/hd-BZLICSH9.js                                        0.44 kB │ gzip:   0.31 kB │ map:     1.36 kB
dist/assets/images-DAT3u6lj.js                                    0.44 kB │ gzip:   0.33 kB │ map:     1.33 kB
dist/assets/milk-CUasuYQk.js                                      0.44 kB │ gzip:   0.30 kB │ map:     1.19 kB
dist/assets/bird-hxgkBi9G.js                                      0.44 kB │ gzip:   0.30 kB │ map:     1.35 kB
dist/assets/caravan-D11VmzKg.js                                   0.44 kB │ gzip:   0.30 kB │ map:     1.27 kB
dist/assets/map-pin-plus-CCRurW3K.js                              0.44 kB │ gzip:   0.32 kB │ map:     1.31 kB
dist/assets/utensils-crossed-JIlL-B1g.js                          0.44 kB │ gzip:   0.31 kB │ map:     1.29 kB
dist/assets/axe-Cj1l_5X5.js                                       0.44 kB │ gzip:   0.32 kB │ map:     1.13 kB
dist/assets/radio-BaB9vBg_.js                                     0.44 kB │ gzip:   0.30 kB │ map:     1.32 kB
dist/assets/ticket-nJrKkvJE.js                                    0.44 kB │ gzip:   0.30 kB │ map:     1.21 kB
dist/assets/map-pin-x-CmNpJmDt.js                                 0.44 kB │ gzip:   0.32 kB │ map:     1.30 kB
dist/assets/messages-square-CcY2EFbh.js                           0.44 kB │ gzip:   0.31 kB │ map:     1.21 kB
dist/assets/notepad-text-Cj92YPas.js                              0.44 kB │ gzip:   0.29 kB │ map:     1.50 kB
dist/assets/sparkle-DbmlZuHw.js                                   0.44 kB │ gzip:   0.28 kB │ map:     1.08 kB
dist/assets/door-open-wKmzkNo3.js                                 0.45 kB │ gzip:   0.30 kB │ map:     1.34 kB
dist/assets/droplets-BoG35IJF.js                                  0.45 kB │ gzip:   0.34 kB │ map:     1.18 kB
dist/assets/ev-charger-BWIQl5ZD.js                                0.45 kB │ gzip:   0.30 kB │ map:     1.33 kB
dist/assets/file-code-DiZdC64l.js                                 0.45 kB │ gzip:   0.30 kB │ map:     1.28 kB
dist/assets/file-user-BOZWeNTE.js                                 0.45 kB │ gzip:   0.32 kB │ map:     1.31 kB
dist/assets/gamepad-DMoPI8Ef.js                                   0.45 kB │ gzip:   0.29 kB │ map:     1.52 kB
dist/assets/gitlab-D80ok3is.js                                    0.45 kB │ gzip:   0.30 kB │ map:     1.08 kB
dist/assets/message-circle-more-XLshcB78.js                       0.45 kB │ gzip:   0.30 kB │ map:     1.32 kB
dist/assets/message-square-off-DNTZSnrp.js                        0.45 kB │ gzip:   0.33 kB │ map:     1.20 kB
dist/assets/tag-LXypWOp8.js                                       0.45 kB │ gzip:   0.33 kB │ map:     1.12 kB
dist/assets/tent-tree-DmS5SXDI.js                                 0.45 kB │ gzip:   0.29 kB │ map:     1.46 kB
dist/assets/beef-Bggld7B1.js                                      0.45 kB │ gzip:   0.34 kB │ map:     1.26 kB
dist/assets/chevrons-left-right-ellipsis-C1KOfTbm.js              0.45 kB │ gzip:   0.29 kB │ map:     1.33 kB
dist/assets/circle-pile-BUhil5Tt.js                               0.45 kB │ gzip:   0.25 kB │ map:     1.54 kB
dist/assets/cuboid-P1A5800h.js                                    0.45 kB │ gzip:   0.32 kB │ map:     1.21 kB
dist/assets/folder-archive-CPxfH3DW.js                            0.45 kB │ gzip:   0.31 kB │ map:     1.33 kB
dist/assets/square-pen-BABr849c.js                                0.45 kB │ gzip:   0.32 kB │ map:     1.10 kB
dist/assets/bot-BVJc-KnJ.js                                       0.45 kB │ gzip:   0.31 kB │ map:     1.34 kB
dist/assets/candy-cane-DCT_ZO1n.js                                0.45 kB │ gzip:   0.31 kB │ map:     1.35 kB
dist/assets/file-output-B7UqBAal.js                               0.45 kB │ gzip:   0.31 kB │ map:     1.29 kB
dist/assets/file-stack-DSz8T64n.js                                0.45 kB │ gzip:   0.29 kB │ map:     1.22 kB
dist/assets/refresh-cw-DqWtyJWf.js                                0.45 kB │ gzip:   0.31 kB │ map:     1.19 kB
dist/assets/touchpad-off-rbWHybMQ.js                              0.45 kB │ gzip:   0.29 kB │ map:     1.39 kB
dist/assets/vibrate-off-DhUdsU2l.js                               0.45 kB │ gzip:   0.31 kB │ map:     1.36 kB
dist/assets/banknote-x-D24-cLAY.js                                0.45 kB │ gzip:   0.30 kB │ map:     1.40 kB
dist/assets/clipboard-clock-_f8mpB5g.js                           0.45 kB │ gzip:   0.32 kB │ map:     1.42 kB
dist/assets/git-pull-request-create-arrow-Cxqo3jWI.js             0.45 kB │ gzip:   0.30 kB │ map:     1.48 kB
dist/assets/grip-vertical-CiYSKy6V.js                             0.45 kB │ gzip:   0.25 kB │ map:     1.55 kB
dist/assets/warehouse-C_-D6fUr.js                                 0.45 kB │ gzip:   0.30 kB │ map:     1.28 kB
dist/assets/badge-x-nMyKddHc.js                                   0.45 kB │ gzip:   0.29 kB │ map:     1.29 kB
dist/assets/router-DcQ7Cjnm.js                                    0.45 kB │ gzip:   0.31 kB │ map:     1.42 kB
dist/assets/drum-Dt5lZo4t.js                                      0.45 kB │ gzip:   0.30 kB │ map:     1.46 kB
dist/assets/folder-pen-C3JKaFxG.js                                0.45 kB │ gzip:   0.32 kB │ map:     1.19 kB
dist/assets/badge-turkish-lira-Bwv8YarF.js                        0.45 kB │ gzip:   0.29 kB │ map:     1.26 kB
dist/assets/file-search-corner-B05qmi5q.js                        0.45 kB │ gzip:   0.32 kB │ map:     1.35 kB
dist/assets/trash-2-9TlkFZwY.js                                   0.45 kB │ gzip:   0.30 kB │ map:     1.25 kB
dist/assets/flip-vertical-DQwA7LIp.js                             0.45 kB │ gzip:   0.28 kB │ map:     1.39 kB
dist/assets/grip-horizontal-BXSuB8tz.js                           0.45 kB │ gzip:   0.25 kB │ map:     1.57 kB
dist/assets/luggage-BgEM7cj3.js                                   0.45 kB │ gzip:   0.29 kB │ map:     1.38 kB
dist/assets/message-circle-off-AreYLgwP.js                        0.45 kB │ gzip:   0.32 kB │ map:     1.26 kB
dist/assets/printer-check-CSFPQ5BA.js                             0.45 kB │ gzip:   0.29 kB │ map:     1.27 kB
dist/assets/refresh-ccw-dot-DneNBKFV.js                           0.45 kB │ gzip:   0.31 kB │ map:     1.37 kB
dist/assets/tram-front-mah9knXJ.js                                0.45 kB │ gzip:   0.30 kB │ map:     1.49 kB
dist/assets/cassette-tape-CA-bRjDD.js                             0.45 kB │ gzip:   0.31 kB │ map:     1.44 kB
dist/assets/dice-6-CqQxxXDe.js                                    0.45 kB │ gzip:   0.28 kB │ map:     1.49 kB
dist/assets/flip-horizontal-35yJp4hh.js                           0.45 kB │ gzip:   0.29 kB │ map:     1.40 kB
dist/assets/map-pin-pen-BAgMqwM0.js                               0.45 kB │ gzip:   0.33 kB │ map:     1.26 kB
dist/assets/popcorn-BL_4yziv.js                                   0.45 kB │ gzip:   0.31 kB │ map:     1.31 kB
dist/assets/scale-DeJd1ZDj.js                                     0.45 kB │ gzip:   0.31 kB │ map:     1.25 kB
dist/assets/square-parking-off-C7v7nnk1.js                        0.45 kB │ gzip:   0.30 kB │ map:     1.35 kB
dist/assets/view-D9PXNA-v.js                                      0.45 kB │ gzip:   0.31 kB │ map:     1.30 kB
dist/assets/clipboard-type-zdkAwK4K.js                            0.45 kB │ gzip:   0.31 kB │ map:     1.44 kB
dist/assets/flask-conical-off-BWgNxz_F.js                         0.45 kB │ gzip:   0.30 kB │ map:     1.41 kB
dist/assets/hospital-ac8p-neZ.js                                  0.45 kB │ gzip:   0.29 kB │ map:     1.35 kB
dist/assets/id-card-lanyard-Dsk-EWRB.js                           0.45 kB │ gzip:   0.32 kB │ map:     1.40 kB
dist/assets/life-buoy-BAmKbNPN.js                                 0.45 kB │ gzip:   0.28 kB │ map:     1.44 kB
dist/assets/message-square-warning-BWBPIDRK.js                    0.45 kB │ gzip:   0.32 kB │ map:     1.22 kB
dist/assets/shuffle-Cxxoyef4.js                                   0.45 kB │ gzip:   0.30 kB │ map:     1.32 kB
dist/assets/waves-ladder-DJVhC2aJ.js                              0.45 kB │ gzip:   0.29 kB │ map:     1.36 kB
dist/assets/file-lock-CaJJWCBF.js                                 0.46 kB │ gzip:   0.33 kB │ map:     1.35 kB
dist/assets/git-pull-request-draft-BVk94Y6_.js                    0.46 kB │ gzip:   0.31 kB │ map:     1.41 kB
dist/assets/network-D1_7VLft.js                                   0.46 kB │ gzip:   0.29 kB │ map:     1.48 kB
dist/assets/square-dashed-bottom-code-DvyNz_mX.js                 0.46 kB │ gzip:   0.29 kB │ map:     1.40 kB
dist/assets/badge-russian-ruble-BJDpVYJC.js                       0.46 kB │ gzip:   0.29 kB │ map:     1.27 kB
dist/assets/briefcase-medical-BvGVc7wO.js                         0.46 kB │ gzip:   0.30 kB │ map:     1.47 kB
dist/assets/calendar-clock-BwU1ITxq.js                            0.46 kB │ gzip:   0.31 kB │ map:     1.43 kB
dist/assets/diamond-percent-DkdKFQqB.js                           0.46 kB │ gzip:   0.29 kB │ map:     1.32 kB
dist/assets/image-play-CU25sr5A.js                                0.46 kB │ gzip:   0.32 kB │ map:     1.32 kB
dist/assets/mouse-pointer-2-off-6lAe-ppa.js                       0.46 kB │ gzip:   0.33 kB │ map:     1.27 kB
dist/assets/badge-plus-CC5Kh0QS.js                                0.46 kB │ gzip:   0.30 kB │ map:     1.31 kB
dist/assets/building-2-BsqahkPi.js                                0.46 kB │ gzip:   0.29 kB │ map:     1.36 kB
dist/assets/clipboard-copy-BcKZ9kHv.js                            0.46 kB │ gzip:   0.31 kB │ map:     1.41 kB
dist/assets/expand-C2IB2Jtv.js                                    0.46 kB │ gzip:   0.28 kB │ map:     1.49 kB
dist/assets/file-diff-D6qWU8fj.js                                 0.46 kB │ gzip:   0.32 kB │ map:     1.23 kB
dist/assets/file-key-BeFdEegy.js                                  0.46 kB │ gzip:   0.32 kB │ map:     1.38 kB
dist/assets/folder-code-tVKxBT9T.js                               0.46 kB │ gzip:   0.32 kB │ map:     1.18 kB
dist/assets/alarm-clock-plus-DWDunL0U.js                          0.46 kB │ gzip:   0.30 kB │ map:     1.50 kB
dist/assets/calendars-B-TVT2ar.js                                 0.46 kB │ gzip:   0.31 kB │ map:     1.44 kB
dist/assets/camera-Cyc-1VOW.js                                    0.46 kB │ gzip:   0.34 kB │ map:     1.13 kB
dist/assets/cloud-sync-JAho4rTy.js                                0.46 kB │ gzip:   0.32 kB │ map:     1.34 kB
dist/assets/git-compare-arrows-C35LQBIm.js                        0.46 kB │ gzip:   0.30 kB │ map:     1.48 kB
dist/assets/heart-off-DMOPDNId.js                                 0.46 kB │ gzip:   0.33 kB │ map:     1.26 kB
dist/assets/microscope-Bkoqr-MI.js                                0.46 kB │ gzip:   0.30 kB │ map:     1.39 kB
dist/assets/train-front-DBekomWG.js                               0.46 kB │ gzip:   0.31 kB │ map:     1.39 kB
dist/assets/cannabis-Dejnmnk_.js                                  0.46 kB │ gzip:   0.32 kB │ map:     1.16 kB
dist/assets/git-pull-request-arrow-CW7aw6VL.js                    0.46 kB │ gzip:   0.32 kB │ map:     1.37 kB
dist/assets/badge-info-D0WDEc13.js                                0.46 kB │ gzip:   0.30 kB │ map:     1.32 kB
dist/assets/bandage-LUYOKt0R.js                                   0.46 kB │ gzip:   0.29 kB │ map:     1.50 kB
dist/assets/clipboard-paste-C8EhzTPj.js                           0.46 kB │ gzip:   0.32 kB │ map:     1.41 kB
dist/assets/pencil-off-vx3d_qoR.js                                0.46 kB │ gzip:   0.32 kB │ map:     1.30 kB
dist/assets/projector-CMNqN-wM.js                                 0.46 kB │ gzip:   0.31 kB │ map:     1.44 kB
dist/assets/server-bX2fTXga.js                                    0.46 kB │ gzip:   0.30 kB │ map:     1.41 kB
dist/assets/worm-DRWGjysQ.js                                      0.46 kB │ gzip:   0.34 kB │ map:     1.21 kB
dist/assets/backpack-4Z6wTZFK.js                                  0.46 kB │ gzip:   0.29 kB │ map:     1.34 kB
dist/assets/calendar-off-B-K8PAlk.js                              0.46 kB │ gzip:   0.30 kB │ map:     1.40 kB
dist/assets/file-heart-C4b-UZYF.js                                0.46 kB │ gzip:   0.32 kB │ map:     1.27 kB
dist/assets/locate-off-DNi23azj.js                                0.46 kB │ gzip:   0.29 kB │ map:     1.45 kB
dist/assets/mic-off-CWEKT-lC.js                                   0.46 kB │ gzip:   0.31 kB │ map:     1.38 kB
dist/assets/motorbike-FYket9YX.js                                 0.46 kB │ gzip:   0.31 kB │ map:     1.40 kB
dist/assets/scan-search-HOyrxIe4.js                               0.46 kB │ gzip:   0.31 kB │ map:     1.43 kB
dist/assets/shield-user-lixC4frE.js                               0.46 kB │ gzip:   0.34 kB │ map:     1.27 kB
dist/assets/volume-x-DpMNvGkf.js                                  0.46 kB │ gzip:   0.32 kB │ map:     1.31 kB
dist/assets/badge-alert-Dayk4dU6.js                               0.46 kB │ gzip:   0.30 kB │ map:     1.32 kB
dist/assets/baggage-claim-C4wl-Js3.js                             0.46 kB │ gzip:   0.32 kB │ map:     1.46 kB
dist/assets/pocket-knife-RiSHqIhV.js                              0.46 kB │ gzip:   0.31 kB │ map:     1.34 kB
dist/assets/sun-moon-CadP_3jV.js                                  0.46 kB │ gzip:   0.32 kB │ map:     1.36 kB
dist/assets/swatch-book-B-nSlsDx.js                               0.46 kB │ gzip:   0.31 kB │ map:     1.31 kB
dist/assets/calendar-search-CYw-E-og.js                           0.46 kB │ gzip:   0.31 kB │ map:     1.44 kB
dist/assets/cloud-sun-CrqGUhqo.js                                 0.46 kB │ gzip:   0.31 kB │ map:     1.39 kB
dist/assets/codepen-CvXNH80H.js                                   0.46 kB │ gzip:   0.29 kB │ map:     1.41 kB
dist/assets/octagon-minus-B13xnSHJ.js                             0.46 kB │ gzip:   0.30 kB │ map:     1.19 kB
dist/assets/baby-C7N558yd.js                                      0.47 kB │ gzip:   0.31 kB │ map:     1.28 kB
dist/assets/banknote-arrow-up-CVQeQTvr.js                         0.47 kB │ gzip:   0.31 kB │ map:     1.45 kB
dist/assets/sofa-DUAA534G.js                                      0.47 kB │ gzip:   0.29 kB │ map:     1.34 kB
dist/assets/thermometer-sun-Bq26dbMk.js                           0.47 kB │ gzip:   0.30 kB │ map:     1.42 kB
dist/assets/chart-no-axes-combined-DFKpRTrd.js                    0.47 kB │ gzip:   0.31 kB │ map:     1.45 kB
dist/assets/hat-glasses-CQQbY0rv.js                               0.47 kB │ gzip:   0.32 kB │ map:     1.42 kB
dist/assets/paintbrush-vertical-scp0dRtD.js                       0.47 kB │ gzip:   0.29 kB │ map:     1.34 kB
dist/assets/alarm-clock-CC0NY-KQ.js                               0.47 kB │ gzip:   0.32 kB │ map:     1.37 kB
dist/assets/badge-dollar-sign-4vdrUiyl.js                         0.47 kB │ gzip:   0.29 kB │ map:     1.27 kB
dist/assets/badge-percent-BhmfIZmq.js                             0.47 kB │ gzip:   0.29 kB │ map:     1.32 kB
dist/assets/file-headphone-B8cuA8C7.js                            0.47 kB │ gzip:   0.31 kB │ map:     1.29 kB
dist/assets/message-circle-heart-JOHSO7Xm.js                      0.47 kB │ gzip:   0.34 kB │ map:     1.25 kB
dist/assets/ruler-DrZ3U0f-.js                                     0.47 kB │ gzip:   0.29 kB │ map:     1.35 kB
dist/assets/banknote-arrow-down-BS98vhuV.js                       0.47 kB │ gzip:   0.31 kB │ map:     1.46 kB
dist/assets/calendar-fold-Bc3JqpN9.js                             0.47 kB │ gzip:   0.31 kB │ map:     1.38 kB
dist/assets/hand-metal-D7QKI8Ej.js                                0.47 kB │ gzip:   0.31 kB │ map:     1.31 kB
dist/assets/usb-Cm-_ETbn.js                                       0.47 kB │ gzip:   0.31 kB │ map:     1.49 kB
dist/assets/piano-DCqRxEFu.js                                     0.47 kB │ gzip:   0.30 kB │ map:     1.41 kB
dist/assets/bell-ring-D6KFG28F.js                                 0.47 kB │ gzip:   0.33 kB │ map:     1.31 kB
dist/assets/cloud-drizzle-D67rLg9z.js                             0.47 kB │ gzip:   0.29 kB │ map:     1.47 kB
dist/assets/cloud-hail-Bwrldwys.js                                0.47 kB │ gzip:   0.29 kB │ map:     1.46 kB
dist/assets/spline-pointer-CI93xnbp.js                            0.47 kB │ gzip:   0.33 kB │ map:     1.38 kB
dist/assets/logs-D323Jwe9.js                                      0.47 kB │ gzip:   0.27 kB │ map:     1.56 kB
dist/assets/magnet-CeETzaEb.js                                    0.47 kB │ gzip:   0.30 kB │ map:     1.23 kB
dist/assets/test-tubes-B0RrfeXd.js                                0.47 kB │ gzip:   0.29 kB │ map:     1.40 kB
dist/assets/haze-C3KXNk3U.js                                      0.47 kB │ gzip:   0.29 kB │ map:     1.50 kB
dist/assets/landmark-CissYGNa.js                                  0.47 kB │ gzip:   0.31 kB │ map:     1.42 kB
dist/assets/badge-swiss-franc-DGQbhSJo.js                         0.47 kB │ gzip:   0.29 kB │ map:     1.34 kB
dist/assets/car-front-BegpCAIX.js                                 0.47 kB │ gzip:   0.33 kB │ map:     1.47 kB
dist/assets/fold-horizontal-uxlYvuOQ.js                           0.47 kB │ gzip:   0.28 kB │ map:     1.55 kB
dist/assets/fold-vertical-3UBSHzkU.js                             0.47 kB │ gzip:   0.29 kB │ map:     1.54 kB
dist/assets/map-pinned-kQXLjJVL.js                                0.47 kB │ gzip:   0.35 kB │ map:     1.31 kB
dist/assets/save-all-Br770_yy.js                                  0.47 kB │ gzip:   0.30 kB │ map:     1.31 kB
dist/assets/bell-electric-BvJVcNvb.js                             0.47 kB │ gzip:   0.33 kB │ map:     1.53 kB
dist/assets/car-D2pWQQDz.js                                       0.47 kB │ gzip:   0.34 kB │ map:     1.34 kB
dist/assets/chess-bishop-nnD7Whfa.js                              0.47 kB │ gzip:   0.33 kB │ map:     1.34 kB
dist/assets/database-search-BdKA7sHs.js                           0.47 kB │ gzip:   0.32 kB │ map:     1.50 kB
dist/assets/file-image--GxDHXJK.js                                0.47 kB │ gzip:   0.33 kB │ map:     1.34 kB
dist/assets/hand-CmnFTTZZ.js                                      0.47 kB │ gzip:   0.30 kB │ map:     1.29 kB
dist/assets/rotate-3d-S_GZlgTu.js                                 0.47 kB │ gzip:   0.35 kB │ map:     1.28 kB
dist/assets/shield-off-BrkM3-w3.js                                0.47 kB │ gzip:   0.34 kB │ map:     1.28 kB
dist/assets/umbrella-off-Czm6TPjl.js                              0.47 kB │ gzip:   0.32 kB │ map:     1.37 kB
dist/assets/dices-B5-RcJwW.js                                     0.48 kB │ gzip:   0.32 kB │ map:     1.47 kB
dist/assets/heart-crack-3fvWSBQX.js                               0.48 kB │ gzip:   0.34 kB │ map:     1.22 kB
dist/assets/kayak-C9iiJML2.js                                     0.48 kB │ gzip:   0.32 kB │ map:     1.30 kB
dist/assets/scan-text-Cr6PlVW4.js                                 0.48 kB │ gzip:   0.30 kB │ map:     1.47 kB
dist/assets/truck-1DFbNErg.js                                     0.48 kB │ gzip:   0.32 kB │ map:     1.41 kB
dist/assets/cloud-snow-DMBjOO99.js                                0.48 kB │ gzip:   0.29 kB │ map:     1.46 kB
dist/assets/file-digit-BCbMPV8F.js                                0.48 kB │ gzip:   0.33 kB │ map:     1.43 kB
dist/assets/files-WgAq_Tvj.js                                     0.48 kB │ gzip:   0.32 kB │ map:     1.18 kB
dist/assets/mail-search-BUcj-912.js                               0.48 kB │ gzip:   0.33 kB │ map:     1.38 kB
dist/assets/shield-ellipsis-Ng8O9oyp.js                           0.48 kB │ gzip:   0.32 kB │ map:     1.33 kB
dist/assets/unfold-horizontal-Cfl081vO.js                         0.48 kB │ gzip:   0.29 kB │ map:     1.56 kB
dist/assets/anvil-DTu81KZV.js                                     0.48 kB │ gzip:   0.30 kB │ map:     1.36 kB
dist/assets/cherry-DhtevBW6.js                                    0.48 kB │ gzip:   0.31 kB │ map:     1.27 kB
dist/assets/file-chart-column-Drhp3Gxx.js                         0.48 kB │ gzip:   0.31 kB │ map:     1.40 kB
dist/assets/github-B4Qmfg66.js                                    0.48 kB │ gzip:   0.35 kB │ map:     1.18 kB
dist/assets/mail-question-mark-D-aT2dni.js                        0.48 kB │ gzip:   0.33 kB │ map:     1.35 kB
dist/assets/plane-takeoff--zrJj2F_.js                             0.48 kB │ gzip:   0.34 kB │ map:     1.20 kB
dist/assets/printer-x-BcvnKmYS.js                                 0.48 kB │ gzip:   0.30 kB │ map:     1.35 kB
dist/assets/unfold-vertical-CaooJXok.js                           0.48 kB │ gzip:   0.29 kB │ map:     1.55 kB
dist/assets/aperture-D7ycVWRB.js                                  0.48 kB │ gzip:   0.31 kB │ map:     1.50 kB
dist/assets/brick-wall-gqO8-zuw.js                                0.48 kB │ gzip:   0.29 kB │ map:     1.58 kB
dist/assets/cigarette-off-DZ0BwC-B.js                             0.48 kB │ gzip:   0.30 kB │ map:     1.42 kB
dist/assets/factory-KaHU6g70.js                                   0.48 kB │ gzip:   0.30 kB │ map:     1.30 kB
dist/assets/waves-arrow-up-CcXF8cFL.js                            0.48 kB │ gzip:   0.28 kB │ map:     1.36 kB
dist/assets/folder-git-BwU6LhwM.js                                0.48 kB │ gzip:   0.33 kB │ map:     1.28 kB
dist/assets/locate-fixed-DvR2i78U.js                              0.48 kB │ gzip:   0.28 kB │ map:     1.64 kB
dist/assets/align-vertical-distribute-center-C9OMNAKn.js          0.48 kB │ gzip:   0.30 kB │ map:     1.61 kB
dist/assets/brush-cleaning-k5ObQ3Qq.js                            0.48 kB │ gzip:   0.31 kB │ map:     1.34 kB
dist/assets/circle-parking-off-BmT29x9O.js                        0.48 kB │ gzip:   0.32 kB │ map:     1.44 kB
dist/assets/cloud-moon-rain-ClGPOOV8.js                           0.48 kB │ gzip:   0.34 kB │ map:     1.34 kB
dist/assets/squirrel-qzeXUwIY.js                                  0.48 kB │ gzip:   0.33 kB │ map:     1.31 kB
dist/assets/text-cursor-input-AOg4LKH8.js                         0.48 kB │ gzip:   0.29 kB │ map:     1.38 kB
dist/assets/file-play-Bz-xaapq.js                                 0.48 kB │ gzip:   0.33 kB │ map:     1.29 kB
dist/assets/hamburger-DsqQGlhP.js                                 0.48 kB │ gzip:   0.32 kB │ map:     1.32 kB
dist/assets/loader-BuzrmO1-.js                                    0.48 kB │ gzip:   0.29 kB │ map:     1.52 kB
dist/assets/phone-missed-C2aLSDZe.js                              0.48 kB │ gzip:   0.32 kB │ map:     1.26 kB
dist/assets/scissors-line-dashed-6gJOjkKw.js                      0.48 kB │ gzip:   0.30 kB │ map:     1.57 kB
dist/assets/toolbox-BYBs-ypR.js                                   0.48 kB │ gzip:   0.30 kB │ map:     1.37 kB
dist/assets/fileCommentAnnotations-BgdL_7u9.js                    0.48 kB │ gzip:   0.30 kB │ map:     2.77 kB
dist/assets/map-pin-house-C-W7yrUw.js                             0.48 kB │ gzip:   0.33 kB │ map:     1.39 kB
dist/assets/scan-heart-_f6S8Qf4.js                                0.48 kB │ gzip:   0.32 kB │ map:     1.39 kB
dist/assets/sticker-CSKNJ3Yy.js                                   0.48 kB │ gzip:   0.31 kB │ map:     1.37 kB
dist/assets/zap-off-Cby92AFK.js                                   0.48 kB │ gzip:   0.33 kB │ map:     1.31 kB
dist/assets/git-pull-request-closed-q52tOiIo.js                   0.48 kB │ gzip:   0.32 kB │ map:     1.46 kB
dist/assets/piggy-bank-tO1GOrxR.js                                0.48 kB │ gzip:   0.31 kB │ map:     1.26 kB
dist/assets/roller-coaster-D30RqUC5.js                            0.48 kB │ gzip:   0.30 kB │ map:     1.49 kB
dist/assets/scan-barcode-fehA4zf1.js                              0.48 kB │ gzip:   0.29 kB │ map:     1.49 kB
dist/assets/wifi-pen-DD7_nxbO.js                                  0.48 kB │ gzip:   0.33 kB │ map:     1.32 kB
dist/assets/align-horizontal-distribute-center-CfvJY9h3.js        0.48 kB │ gzip:   0.30 kB │ map:     1.62 kB
dist/assets/file-pen-line-DrQO8jR4.js                             0.48 kB │ gzip:   0.32 kB │ map:     1.30 kB
dist/assets/tags-BzjAk3OW.js                                      0.48 kB │ gzip:   0.34 kB │ map:     1.29 kB
dist/assets/tower-control-D7nov9tA.js                             0.48 kB │ gzip:   0.31 kB │ map:     1.50 kB
dist/assets/carrot-x15aL_X0.js                                    0.49 kB │ gzip:   0.34 kB │ map:     1.25 kB
dist/assets/phone-incoming-Lu46rPzt.js                            0.49 kB │ gzip:   0.32 kB │ map:     1.28 kB
dist/assets/phone-outgoing-BcAH0jpL.js                            0.49 kB │ gzip:   0.32 kB │ map:     1.28 kB
dist/assets/plane-landing-BBxBL7kq.js                             0.49 kB │ gzip:   0.35 kB │ map:     1.21 kB
dist/assets/cable-car-BB1lmYUv.js                                 0.49 kB │ gzip:   0.31 kB │ map:     1.59 kB
dist/assets/fire-extinguisher-CjiDyDzm.js                         0.49 kB │ gzip:   0.31 kB │ map:     1.45 kB
dist/assets/ham-DzFpZFRx.js                                       0.49 kB │ gzip:   0.32 kB │ map:     1.33 kB
dist/assets/server-crash-BrKLTegn.js                              0.49 kB │ gzip:   0.29 kB │ map:     1.43 kB
dist/assets/badge-indian-rupee-C_0eT0Sz.js                        0.49 kB │ gzip:   0.30 kB │ map:     1.36 kB
dist/assets/badge-question-mark-Uyhq_rdv.js                       0.49 kB │ gzip:   0.32 kB │ map:     1.34 kB
dist/assets/castle-ljLvJYG6.js                                    0.49 kB │ gzip:   0.30 kB │ map:     1.53 kB
dist/assets/clipboard-list-DzQjJ2oX.js                            0.49 kB │ gzip:   0.31 kB │ map:     1.54 kB
dist/assets/clover-CqkGlWLW.js                                    0.49 kB │ gzip:   0.29 kB │ map:     1.25 kB
dist/assets/hand-coins-BIcHdMY-.js                                0.49 kB │ gzip:   0.34 kB │ map:     1.44 kB
dist/assets/notebook-text-BW1kPg1Y.js                             0.49 kB │ gzip:   0.30 kB │ map:     1.61 kB
dist/assets/phone-forwarded-BJ75FMJg.js                           0.49 kB │ gzip:   0.32 kB │ map:     1.29 kB
dist/assets/shopping-basket-DdkyXIjb.js                           0.49 kB │ gzip:   0.31 kB │ map:     1.50 kB
dist/assets/spotlight-CN6aLRqL.js                                 0.49 kB │ gzip:   0.33 kB │ map:     1.39 kB
dist/assets/sunset-BE2nRgjI.js                                    0.49 kB │ gzip:   0.30 kB │ map:     1.53 kB
dist/assets/map-minus-tD97WxZw.js                                 0.49 kB │ gzip:   0.33 kB │ map:     1.32 kB
dist/assets/sunrise-C2cRnjAZ.js                                   0.49 kB │ gzip:   0.30 kB │ map:     1.54 kB
dist/assets/boom-box-B8Lr7DBS.js                                  0.49 kB │ gzip:   0.32 kB │ map:     1.58 kB
dist/assets/camera-off-CaLaXeZp.js                                0.49 kB │ gzip:   0.33 kB │ map:     1.34 kB
dist/assets/transgender-Ce7_pPQL.js                               0.49 kB │ gzip:   0.31 kB │ map:     1.58 kB
dist/assets/browserLinkTarget-B40HMvid.js                         0.49 kB │ gzip:   0.34 kB │ map:     3.77 kB
dist/assets/file-code-corner-QJ7TKaQ0.js                          0.49 kB │ gzip:   0.33 kB │ map:     1.30 kB
dist/assets/map-IIy-xVMQ.js                                       0.49 kB │ gzip:   0.32 kB │ map:     1.24 kB
dist/assets/bot-off-CH2Kirne.js                                   0.49 kB │ gzip:   0.31 kB │ map:     1.47 kB
dist/assets/calendar-range--kRHupwB.js                            0.49 kB │ gzip:   0.31 kB │ map:     1.62 kB
dist/assets/folder-git-2-BDHOLaRh.js                              0.49 kB │ gzip:   0.34 kB │ map:     1.34 kB
dist/assets/group-C_diFTha.js                                     0.49 kB │ gzip:   0.33 kB │ map:     1.52 kB
dist/assets/waypoints-BXskpxAw.js                                 0.49 kB │ gzip:   0.29 kB │ map:     1.59 kB
dist/assets/barrel-Blsh5HgM.js                                    0.49 kB │ gzip:   0.29 kB │ map:     1.38 kB
dist/assets/construction-hX8KSShx.js                              0.49 kB │ gzip:   0.31 kB │ map:     1.61 kB
dist/assets/flashlight-off-Chzn6HEY.js                            0.49 kB │ gzip:   0.33 kB │ map:     1.43 kB
dist/assets/headphone-off-DB1cNcd1.js                             0.49 kB │ gzip:   0.32 kB │ map:     1.41 kB
dist/assets/scan-face-DaZCltft.js                                 0.49 kB │ gzip:   0.30 kB │ map:     1.49 kB
dist/assets/align-center-vertical-B0kSWiVN.js                     0.50 kB │ gzip:   0.30 kB │ map:     1.41 kB
dist/assets/house-plug-CBpDXe9q.js                                0.50 kB │ gzip:   0.31 kB │ map:     1.35 kB
dist/assets/octagon-x-VlRPfAsF.js                                 0.50 kB │ gzip:   0.31 kB │ map:     1.26 kB
dist/assets/package-t8Xn2Z3L.js                                   0.50 kB │ gzip:   0.34 kB │ map:     1.27 kB
dist/assets/wine-off-DK9WClVv.js                                  0.50 kB │ gzip:   0.35 kB │ map:     1.43 kB
dist/assets/badge-pound-sterling-DN45YdnA.js                      0.50 kB │ gzip:   0.31 kB │ map:     1.37 kB
dist/assets/biceps-flexed-QFoGF2io.js                             0.50 kB │ gzip:   0.36 kB │ map:     1.29 kB
dist/assets/file-signal-CK8R__5M.js                               0.50 kB │ gzip:   0.32 kB │ map:     1.40 kB
dist/assets/van-CpeeHcz8.js                                       0.50 kB │ gzip:   0.33 kB │ map:     1.44 kB
dist/assets/file-pen-Cu7RZHpv.js                                  0.50 kB │ gzip:   0.34 kB │ map:     1.30 kB
dist/assets/package-minus-BwC9D9OY.js                             0.50 kB │ gzip:   0.34 kB │ map:     1.45 kB
dist/assets/phone-call-DwkQiEez.js                                0.50 kB │ gzip:   0.32 kB │ map:     1.27 kB
dist/assets/pipette-DCzxFy3Y.js                                   0.50 kB │ gzip:   0.34 kB │ map:     1.24 kB
dist/assets/waves-L_JnWN7B.js                                     0.50 kB │ gzip:   0.27 kB │ map:     1.32 kB
dist/assets/file-type-ksqwZXwb.js                                 0.50 kB │ gzip:   0.32 kB │ map:     1.39 kB
dist/assets/alarm-smoke-BVkQO7JD.js                               0.50 kB │ gzip:   0.30 kB │ map:     1.39 kB
dist/assets/align-center-horizontal-DNp-n7-Q.js                   0.50 kB │ gzip:   0.30 kB │ map:     1.42 kB
dist/assets/calendar-heart-DBaVUSQw.js                            0.50 kB │ gzip:   0.33 kB │ map:     1.43 kB
dist/assets/chart-candlestick-Cr4MDLLO.js                         0.50 kB │ gzip:   0.32 kB │ map:     1.63 kB
dist/assets/file-chart-column-increasing-DIY6DCqx.js              0.50 kB │ gzip:   0.32 kB │ map:     1.47 kB
dist/assets/file-type-corner-WJ2C1Og1.js                          0.50 kB │ gzip:   0.32 kB │ map:     1.42 kB
dist/assets/folder-sync-C-HLlXyZ.js                               0.50 kB │ gzip:   0.32 kB │ map:     1.40 kB
dist/assets/wand-B9_bFScB.js                                      0.50 kB │ gzip:   0.30 kB │ map:     1.59 kB
dist/assets/clock-fading-D0Qlcm77.js                              0.50 kB │ gzip:   0.31 kB │ map:     1.44 kB
dist/assets/file-sliders-B8P-BpIy.js                              0.50 kB │ gzip:   0.31 kB │ map:     1.47 kB
dist/assets/package-x-DOhNK-AF.js                                 0.50 kB │ gzip:   0.34 kB │ map:     1.44 kB
dist/assets/atom-CV3MgKMG.js                                      0.50 kB │ gzip:   0.33 kB │ map:     1.31 kB
dist/assets/bean-off-D8QnhEeK.js                                  0.50 kB │ gzip:   0.36 kB │ map:     1.41 kB
dist/assets/smile-plus-rWz58hOg.js                                0.50 kB │ gzip:   0.33 kB │ map:     1.46 kB
dist/assets/octagon-pause-BYCFfnvV.js                             0.50 kB │ gzip:   0.31 kB │ map:     1.29 kB
dist/assets/sliders-vertical-Dz-67_Jn.js                          0.50 kB │ gzip:   0.29 kB │ map:     1.64 kB
dist/assets/bot-message-square-D96Exkpd.js                        0.50 kB │ gzip:   0.31 kB │ map:     1.49 kB
dist/assets/megaphone-off-DXX7GIWr.js                             0.50 kB │ gzip:   0.33 kB │ map:     1.40 kB
dist/assets/message-circle-question-mark-BGQwdyO3.js              0.50 kB │ gzip:   0.36 kB │ map:     1.29 kB
dist/assets/package-check-CHanbbOV.js                             0.50 kB │ gzip:   0.34 kB │ map:     1.46 kB
dist/assets/ruler-dimension-line-TK-81Yh9.js                      0.50 kB │ gzip:   0.30 kB │ map:     1.65 kB
dist/assets/briefcase-conveyor-belt-CBFXb9xA.js                   0.50 kB │ gzip:   0.32 kB │ map:     1.60 kB
dist/assets/calendar-arrow-up-BMkt_R2f.js                         0.50 kB │ gzip:   0.33 kB │ map:     1.40 kB
dist/assets/medal-mOQaKNhU.js                                     0.50 kB │ gzip:   0.33 kB │ map:     1.48 kB
dist/assets/replace-LasEXg_w.js                                   0.50 kB │ gzip:   0.32 kB │ map:     1.55 kB
dist/assets/shredder-DJvFocit.js                                  0.50 kB │ gzip:   0.32 kB │ map:     1.52 kB
dist/assets/milk-off-Ppl96qpR.js                                  0.51 kB │ gzip:   0.34 kB │ map:     1.38 kB
dist/assets/book-open-text-BJl7hLC0.js                            0.51 kB │ gzip:   0.30 kB │ map:     1.48 kB
dist/assets/combine-ZJq-0f6h.js                                   0.51 kB │ gzip:   0.31 kB │ map:     1.54 kB
dist/assets/git-branch-plus-D7JdNxN1.js                           0.51 kB │ gzip:   0.32 kB │ map:     1.40 kB
dist/assets/route-off-B6N1TUlt.js                                 0.51 kB │ gzip:   0.33 kB │ map:     1.55 kB
dist/assets/file-archive-DLkn7dz1.js                              0.51 kB │ gzip:   0.33 kB │ map:     1.50 kB
dist/assets/church-BAyfoeo2.js                                    0.51 kB │ gzip:   0.33 kB │ map:     1.43 kB
dist/assets/rat-CNVuxV2P.js                                       0.51 kB │ gzip:   0.34 kB │ map:     1.38 kB
dist/assets/chess-rook-BEJpveYx.js                                0.51 kB │ gzip:   0.31 kB │ map:     1.51 kB
dist/assets/file-text-BUMAQRbZ.js                                 0.51 kB │ gzip:   0.33 kB │ map:     1.35 kB
dist/assets/quote-D-DMGJEo.js                                     0.51 kB │ gzip:   0.28 kB │ map:     1.18 kB
dist/assets/unplug-CTR68oVX.js                                    0.51 kB │ gzip:   0.32 kB │ map:     1.46 kB
dist/assets/calendar-arrow-down-DsBMaxIg.js                       0.51 kB │ gzip:   0.33 kB │ map:     1.43 kB
dist/assets/clipboard-pen-C47MiyeR.js                             0.51 kB │ gzip:   0.35 kB │ map:     1.42 kB
dist/assets/ear-off-D04JhG4S.js                                   0.51 kB │ gzip:   0.36 kB │ map:     1.41 kB
dist/assets/fence-DRSD0QEX.js                                     0.51 kB │ gzip:   0.29 kB │ map:     1.49 kB
dist/assets/rabbit-CGrzL7-L.js                                    0.51 kB │ gzip:   0.34 kB │ map:     1.40 kB
dist/assets/skeleton-C5sdWWu0.js                                  0.51 kB │ gzip:   0.38 kB │ map:     1.05 kB
dist/assets/chart-network-CtZ3gnSF.js                             0.51 kB │ gzip:   0.33 kB │ map:     1.60 kB
dist/assets/database-backup-DaWGLuLs.js                           0.51 kB │ gzip:   0.34 kB │ map:     1.54 kB
dist/assets/pizza-CEYWGLP3.js                                     0.51 kB │ gzip:   0.34 kB │ map:     1.40 kB
dist/assets/rose-GudHHraR.js                                      0.51 kB │ gzip:   0.37 kB │ map:     1.44 kB
dist/assets/sandwich-Ch9ych4c.js                                  0.51 kB │ gzip:   0.34 kB │ map:     1.43 kB
dist/assets/badge-japanese-yen-pdKN5eTN.js                        0.51 kB │ gzip:   0.31 kB │ map:     1.44 kB
dist/assets/earth-DUeT7QAK.js                                     0.51 kB │ gzip:   0.35 kB │ map:     1.31 kB
dist/assets/hard-drive-BOxS8OOh.js                                0.51 kB │ gzip:   0.34 kB │ map:     1.29 kB
dist/assets/traffic-cone-DktWf7dJ.js                              0.51 kB │ gzip:   0.35 kB │ map:     1.36 kB
dist/assets/volume-2-DCGuyrwg.js                                  0.51 kB │ gzip:   0.36 kB │ map:     1.23 kB
dist/assets/flower-2-DALxSLze.js                                  0.52 kB │ gzip:   0.33 kB │ map:     1.44 kB
dist/assets/shrimp-BYult3pi.js                                    0.52 kB │ gzip:   0.35 kB │ map:     1.40 kB
dist/assets/leafy-green-gilDVjH8.js                               0.52 kB │ gzip:   0.35 kB │ map:     1.23 kB
dist/assets/hammer-D1XZO0Ct.js                                    0.52 kB │ gzip:   0.37 kB │ map:     1.22 kB
dist/assets/school-D7WrJrMO.js                                    0.52 kB │ gzip:   0.34 kB │ map:     1.49 kB
dist/assets/chess-king-Bf5tztsw.js                                0.52 kB │ gzip:   0.35 kB │ map:     1.37 kB
dist/assets/bus-BH5jC0Ns.js                                       0.52 kB │ gzip:   0.34 kB │ map:     1.57 kB
dist/assets/car-taxi-front-BLARruwK.js                            0.52 kB │ gzip:   0.34 kB │ map:     1.59 kB
dist/assets/handshake-gk8Q5I_x.js                                 0.52 kB │ gzip:   0.34 kB │ map:     1.42 kB
dist/assets/amphora-CLDPVaDg.js                                   0.52 kB │ gzip:   0.33 kB │ map:     1.46 kB
dist/assets/container-CiOHy4hl.js                                 0.52 kB │ gzip:   0.35 kB │ map:     1.42 kB
dist/assets/shovel-C5IvXZvS.js                                    0.52 kB │ gzip:   0.34 kB │ map:     1.31 kB
dist/assets/hand-grab-DE6fFz1y.js                                 0.52 kB │ gzip:   0.29 kB │ map:     1.40 kB
dist/assets/notebook-tabs-og11R3es.js                             0.52 kB │ gzip:   0.31 kB │ map:     1.70 kB
dist/assets/phone-off-Cbz92Bqq.js                                 0.52 kB │ gzip:   0.34 kB │ map:     1.32 kB
dist/assets/server-off-C55Z7fMH.js                                0.52 kB │ gzip:   0.33 kB │ map:     1.45 kB
dist/assets/bus-front-MQUz76pO.js                                 0.52 kB │ gzip:   0.32 kB │ map:     1.68 kB
dist/assets/file-video-camera-IRZgXeT-.js                         0.52 kB │ gzip:   0.37 kB │ map:     1.48 kB
dist/assets/footprints-C-evaNmk.js                                0.52 kB │ gzip:   0.35 kB │ map:     1.39 kB
dist/assets/squares-subtract-C7fYIXNT.js                          0.52 kB │ gzip:   0.31 kB │ map:     1.51 kB
dist/assets/createLucideIcon-DzgLIel_.js                          0.52 kB │ gzip:   0.37 kB │ map:     3.34 kB
dist/assets/map-plus-D0XBKYkF.js                                  0.53 kB │ gzip:   0.34 kB │ map:     1.41 kB
dist/assets/cat-DzhuNKwT.js                                       0.53 kB │ gzip:   0.37 kB │ map:     1.34 kB
dist/assets/film-DyUp4vuH.js                                      0.53 kB │ gzip:   0.32 kB │ map:     1.55 kB
dist/assets/helicopter-B5ywh7vK.js                                0.53 kB │ gzip:   0.32 kB │ map:     1.60 kB
dist/assets/rocket-DZnSxXDf.js                                    0.53 kB │ gzip:   0.36 kB │ map:     1.39 kB
dist/assets/ScopedSwitch-DY0OIOi-.js                              0.53 kB │ gzip:   0.38 kB │ map:     1.57 kB
dist/assets/keyboard-music-BdeL3boa.js                            0.53 kB │ gzip:   0.31 kB │ map:     1.71 kB
dist/assets/tickets-plane-Bbo8OplD.js                             0.53 kB │ gzip:   0.35 kB │ map:     1.59 kB
dist/assets/key-square-z9TLuGKV.js                                0.53 kB │ gzip:   0.33 kB │ map:     1.34 kB
dist/assets/origami-CVGzOtmL.js                                   0.53 kB │ gzip:   0.36 kB │ map:     1.33 kB
dist/assets/file-badge-BGExTOA-.js                                0.53 kB │ gzip:   0.36 kB │ map:     1.43 kB
dist/assets/pointer-DsDvABqM.js                                   0.53 kB │ gzip:   0.32 kB │ map:     1.43 kB
dist/assets/train-front-tunnel-DAQqaE8t.js                        0.53 kB │ gzip:   0.33 kB │ map:     1.56 kB
dist/assets/earth-lock-A_rGOIBC.js                                0.53 kB │ gzip:   0.35 kB │ map:     1.52 kB
dist/assets/scan-eye-C_4cxlWQ.js                                  0.53 kB │ gzip:   0.33 kB │ map:     1.52 kB
dist/assets/square-scissors-CJsCqeFD.js                           0.53 kB │ gzip:   0.33 kB │ map:     1.72 kB
dist/assets/beer-BiVMlVOS.js                                      0.54 kB │ gzip:   0.34 kB │ map:     1.41 kB
dist/assets/redirect-CTDpd8-N.js                                  0.54 kB │ gzip:   0.34 kB │ map:     4.46 kB
dist/assets/volleyball-D5iIvYeK.js                                0.54 kB │ gzip:   0.34 kB │ map:     1.50 kB
dist/assets/tree-palm-I2hp9BJm.js                                 0.54 kB │ gzip:   0.37 kB │ map:     1.39 kB
dist/assets/file-scan-10rZeiC1.js                                 0.54 kB │ gzip:   0.32 kB │ map:     1.50 kB
dist/assets/heart-handshake-tknuCF3_.js                           0.54 kB │ gzip:   0.35 kB │ map:     1.21 kB
dist/assets/chess-knight-B-UGp9sr.js                              0.54 kB │ gzip:   0.35 kB │ map:     1.47 kB
dist/assets/panel-top-bottom-dashed-CfApQK8B.js                   0.54 kB │ gzip:   0.31 kB │ map:     1.76 kB
dist/assets/sun-dim-Dh4xBa81.js                                   0.54 kB │ gzip:   0.30 kB │ map:     1.67 kB
dist/assets/waves-arrow-down-5DpA8y2r.js                          0.54 kB │ gzip:   0.34 kB │ map:     1.43 kB
dist/assets/figma-BmXGR4q9.js                                     0.54 kB │ gzip:   0.30 kB │ map:     1.39 kB
dist/assets/siren-DRIi3Lkc.js                                     0.54 kB │ gzip:   0.33 kB │ map:     1.59 kB
dist/assets/layers-Be9te5V-.js                                    0.54 kB │ gzip:   0.33 kB │ map:     1.31 kB
dist/assets/onboarding-CKr81Yi3.js                                0.54 kB │ gzip:   0.33 kB │ map:     2.46 kB
dist/assets/pen-tool-l849kWoB.js                                  0.54 kB │ gzip:   0.35 kB │ map:     1.43 kB
dist/assets/save-off-DeIjG6NX.js                                  0.54 kB │ gzip:   0.34 kB │ map:     1.54 kB
dist/assets/image-off-BdNF9wxf.js                                 0.54 kB │ gzip:   0.35 kB │ map:     1.63 kB
dist/assets/panel-left-right-dashed-P_K4iW4d.js                   0.54 kB │ gzip:   0.31 kB │ map:     1.76 kB
dist/assets/circle-fading-plus-DXmBmpNL.js                        0.55 kB │ gzip:   0.33 kB │ map:     1.57 kB
dist/assets/ferris-wheel-Dd4SQQwd.js                              0.55 kB │ gzip:   0.33 kB │ map:     1.70 kB
dist/assets/file-braces-corner-lo3BGnHu.js                        0.55 kB │ gzip:   0.32 kB │ map:     1.45 kB
dist/assets/salad-CeFZUtf9.js                                     0.55 kB │ gzip:   0.34 kB │ map:     1.43 kB
dist/assets/cloud-sun-rain-Du__1UYV.js                            0.55 kB │ gzip:   0.33 kB │ map:     1.62 kB
dist/assets/file-chart-pie-C0HtL7m2.js                            0.55 kB │ gzip:   0.36 kB │ map:     1.43 kB
dist/assets/hand-platter-DQbE4CEP.js                              0.55 kB │ gzip:   0.36 kB │ map:     1.52 kB
dist/assets/trophy-C_JAJM6K.js                                    0.55 kB │ gzip:   0.33 kB │ map:     1.47 kB
dist/assets/wifi-sync-C7XozNdc.js                                 0.55 kB │ gzip:   0.34 kB │ map:     1.54 kB
dist/assets/message-square-heart-DWJcwX-f.js                      0.55 kB │ gzip:   0.36 kB │ map:     1.33 kB
dist/assets/ship-D-YEn0pV.js                                      0.55 kB │ gzip:   0.33 kB │ map:     1.46 kB
dist/assets/microchip-CImw4GfW.js                                 0.55 kB │ gzip:   0.31 kB │ map:     1.78 kB
dist/assets/mouse-pointer-click-DuRBbuKU.js                       0.55 kB │ gzip:   0.37 kB │ map:     1.43 kB
dist/assets/lamp-desk-DBWvm8Sw.js                                 0.55 kB │ gzip:   0.35 kB │ map:     1.40 kB
dist/assets/map-pin-off-BvQW7Aeu.js                               0.55 kB │ gzip:   0.36 kB │ map:     1.45 kB
dist/assets/notebook-pen-C4tFbrFG.js                              0.55 kB │ gzip:   0.34 kB │ map:     1.52 kB
dist/assets/eye-off-45gsUzCN.js                                   0.55 kB │ gzip:   0.36 kB │ map:     1.35 kB
dist/assets/webhook-off-BEuTV7Nd.js                               0.55 kB │ gzip:   0.36 kB │ map:     1.55 kB
dist/assets/cake-ezdw4MC8.js                                      0.56 kB │ gzip:   0.31 kB │ map:     1.65 kB
dist/assets/circle-star-CRFO3svB.js                               0.56 kB │ gzip:   0.36 kB │ map:     1.30 kB
dist/assets/image-upscale-DbWh_X5-.js                             0.56 kB │ gzip:   0.35 kB │ map:     1.68 kB
dist/assets/solar-panel-CmfXVoyc.js                               0.56 kB │ gzip:   0.35 kB │ map:     1.59 kB
dist/assets/sun-medium-CHwtJo0H.js                                0.56 kB │ gzip:   0.32 kB │ map:     1.70 kB
dist/assets/drill-0qLh_yTY.js                                     0.56 kB │ gzip:   0.33 kB │ map:     1.52 kB
dist/assets/soap-dispenser-droplet-DCSBknHi.js                    0.56 kB │ gzip:   0.37 kB │ map:     1.48 kB
dist/assets/connectCliAuth-CO55xJMm.js                            0.56 kB │ gzip:   0.37 kB │ map:     4.08 kB
dist/assets/layers-plus-DX3wQXN-.js                               0.56 kB │ gzip:   0.33 kB │ map:     1.46 kB
dist/assets/octagon-alert-BzVvEPyj.js                             0.56 kB │ gzip:   0.33 kB │ map:     1.29 kB
dist/assets/sliders-horizontal-BMLXMLb1.js                        0.56 kB │ gzip:   0.32 kB │ map:     1.65 kB
dist/assets/cctv-SGptISvX.js                                      0.56 kB │ gzip:   0.36 kB │ map:     1.47 kB
dist/assets/thermometer-snowflake-CxWmIZBZ.js                     0.56 kB │ gzip:   0.35 kB │ map:     1.67 kB
dist/assets/circle-fading-arrow-up-N0-vvdEw.js                    0.56 kB │ gzip:   0.34 kB │ map:     1.61 kB
dist/assets/file-spreadsheet-DrGdD-CO.js                          0.56 kB │ gzip:   0.35 kB │ map:     1.49 kB
dist/assets/label-BRh5R3OS.js                                     0.56 kB │ gzip:   0.41 kB │ map:     1.57 kB
dist/assets/cable-B47ImE2s.js                                     0.56 kB │ gzip:   0.32 kB │ map:     1.57 kB
dist/assets/package-search-BQMUVH8C.js                            0.56 kB │ gzip:   0.38 kB │ map:     1.62 kB
dist/assets/square-dashed-top-solid-DO5jWRcN.js                   0.56 kB │ gzip:   0.31 kB │ map:     1.73 kB
dist/assets/pointer-off-C4Lq6a6O.js                               0.56 kB │ gzip:   0.36 kB │ map:     1.55 kB
dist/assets/scan-qr-code-MvIsxVK_.js                              0.57 kB │ gzip:   0.34 kB │ map:     1.69 kB
dist/assets/calendar-sync-BXeYsfCR.js                             0.57 kB │ gzip:   0.34 kB │ map:     1.64 kB
dist/assets/store-B14bBuF7.js                                     0.57 kB │ gzip:   0.34 kB │ map:     1.33 kB
dist/assets/hand-heart-5FfekeEB.js                                0.57 kB │ gzip:   0.39 kB │ map:     1.44 kB
dist/assets/square-star-DYIlRknH.js                               0.57 kB │ gzip:   0.38 kB │ map:     1.34 kB
dist/assets/calendar-days-Cau4hzzI.js                             0.57 kB │ gzip:   0.32 kB │ map:     1.81 kB
dist/assets/clipboard-pen-line-CBNH7Szc.js                        0.57 kB │ gzip:   0.37 kB │ map:     1.56 kB
dist/assets/radar-BIDupMre.js                                     0.57 kB │ gzip:   0.36 kB │ map:     1.64 kB
dist/assets/shower-head-CN_7CGO7.js                               0.57 kB │ gzip:   0.31 kB │ map:     1.75 kB
dist/assets/grip-D3Hkpxyr.js                                      0.57 kB │ gzip:   0.28 kB │ map:     1.91 kB
dist/assets/hotel-JLoUm7b1.js                                     0.58 kB │ gzip:   0.33 kB │ map:     1.79 kB
dist/assets/use-atom-command-1r_8rLIm.js                          0.58 kB │ gzip:   0.38 kB │ map:     1.91 kB
dist/assets/chart-scatter-apPbanZl.js                             0.58 kB │ gzip:   0.30 kB │ map:     1.73 kB
dist/assets/dam-BDgI4Pe6.js                                       0.58 kB │ gzip:   0.33 kB │ map:     1.58 kB
dist/assets/refresh-cw-off-DPF5CGPL.js                            0.58 kB │ gzip:   0.36 kB │ map:     1.59 kB
dist/assets/panda-1OwTLlC_.js                                     0.58 kB │ gzip:   0.37 kB │ map:     1.53 kB
dist/assets/radio-tower-BtYnykMR.js                               0.58 kB │ gzip:   0.38 kB │ map:     1.55 kB
dist/assets/useAriaLabelledBy-CNge4c_t.js                         0.58 kB │ gzip:   0.40 kB │ map:     3.08 kB
dist/assets/codeowners-C8r90Shi.js                                0.58 kB │ gzip:   0.34 kB │ map:     1.08 kB
dist/assets/package-plus-BXM7n9b2.js                              0.58 kB │ gzip:   0.39 kB │ map:     1.54 kB
dist/assets/wifi-off-Bs_JXyZj.js                                  0.58 kB │ gzip:   0.36 kB │ map:     1.52 kB
dist/assets/brick-wall-fire-sTht2Hba.js                           0.59 kB │ gzip:   0.37 kB │ map:     1.64 kB
dist/assets/ambulance-G9zojW4x.js                                 0.59 kB │ gzip:   0.36 kB │ map:     1.67 kB
dist/assets/file-volume-CD8dPhOU.js                               0.59 kB │ gzip:   0.37 kB │ map:     1.47 kB
dist/assets/wand-sparkles-kKMHxe8v.js                             0.59 kB │ gzip:   0.34 kB │ map:     1.69 kB
dist/assets/sun-BALCxARd.js                                       0.59 kB │ gzip:   0.34 kB │ map:     1.65 kB
dist/assets/star-Ywexxqxt.js                                      0.59 kB │ gzip:   0.39 kB │ map:     1.16 kB
dist/assets/ship-wheel-CMAFr6P4.js                                0.59 kB │ gzip:   0.34 kB │ map:     1.83 kB
dist/assets/star-off-JI4DYlbI.js                                  0.59 kB │ gzip:   0.38 kB │ map:     1.39 kB
dist/assets/file-braces-D5N3lCu8.js                               0.60 kB │ gzip:   0.35 kB │ map:     1.41 kB
dist/assets/soup-Ctl2iI45.js                                      0.60 kB │ gzip:   0.33 kB │ map:     1.59 kB
dist/assets/tool-case-BupVRUld.js                                 0.60 kB │ gzip:   0.39 kB │ map:     1.49 kB
dist/assets/university-VmZGj4FN.js                                0.60 kB │ gzip:   0.36 kB │ map:     1.65 kB
dist/assets/spray-can-BkCQLYR3.js                                 0.60 kB │ gzip:   0.35 kB │ map:     1.81 kB
dist/assets/unlink-fLX9gL5_.js                                    0.60 kB │ gzip:   0.35 kB │ map:     1.74 kB
dist/assets/theater-NjdcF1sP.js                                   0.60 kB │ gzip:   0.32 kB │ map:     1.72 kB
dist/assets/guitar-oPmRYx2-.js                                    0.60 kB │ gzip:   0.37 kB │ map:     1.46 kB
dist/assets/hand-fist-CvjYX4EC.js                                 0.60 kB │ gzip:   0.39 kB │ map:     1.44 kB
dist/assets/user-star-BwGRbz07.js                                 0.60 kB │ gzip:   0.39 kB │ map:     1.40 kB
dist/assets/volume-off-DgSgu90v.js                                0.60 kB │ gzip:   0.40 kB │ map:     1.45 kB
dist/assets/radiation-B4j-CMkF.js                                 0.60 kB │ gzip:   0.36 kB │ map:     1.50 kB
dist/assets/calculator-D3ByyAJ6.js                                0.60 kB │ gzip:   0.33 kB │ map:     1.92 kB
dist/assets/keyboard-off-FJLr1HZs.js                              0.60 kB │ gzip:   0.34 kB │ map:     1.80 kB
dist/assets/folder-tree-B5_vvpqr.js                               0.61 kB │ gzip:   0.35 kB │ map:     1.43 kB
dist/assets/bow-arrow-B-P6A-Gy.js                                 0.61 kB │ gzip:   0.38 kB │ map:     1.52 kB
dist/assets/heater-CPZHn7hi.js                                    0.61 kB │ gzip:   0.32 kB │ map:     1.79 kB
dist/assets/truck-electric-CZiy4CAW.js                            0.61 kB │ gzip:   0.37 kB │ map:     1.72 kB
dist/assets/tractor-DyAUT8Vf.js                                   0.61 kB │ gzip:   0.37 kB │ map:     1.77 kB
dist/assets/file-box-DglkaeMY.js                                  0.61 kB │ gzip:   0.37 kB │ map:     1.54 kB
dist/assets/settings-I_cNABip.js                                  0.61 kB │ gzip:   0.34 kB │ map:     1.29 kB
dist/assets/grape-BHknJ3U9.js                                     0.61 kB │ gzip:   0.33 kB │ map:     1.93 kB
dist/assets/lasso-select-Cp-2Sk-F.js                              0.62 kB │ gzip:   0.40 kB │ map:     1.56 kB
dist/assets/sparkles-U8XAwASD.js                                  0.62 kB │ gzip:   0.37 kB │ map:     1.42 kB
dist/assets/drone-BehkBlVV.js                                     0.62 kB │ gzip:   0.36 kB │ map:     1.78 kB
dist/assets/swords-BtTAt3MM.js                                    0.62 kB │ gzip:   0.34 kB │ map:     1.91 kB
dist/assets/codesandbox-DpbtWwwN.js                               0.63 kB │ gzip:   0.37 kB │ map:     1.64 kB
dist/assets/message-square-dashed-7bNMoxfS.js                     0.63 kB │ gzip:   0.35 kB │ map:     1.85 kB
dist/assets/drama-BG752Ofg.js                                     0.63 kB │ gzip:   0.39 kB │ map:     1.70 kB
dist/assets/triangle-dashed-Df5dkgZX.js                           0.63 kB │ gzip:   0.36 kB │ map:     1.77 kB
dist/assets/paint-bucket-Dg-CUBch.js                              0.63 kB │ gzip:   0.39 kB │ map:     1.51 kB
dist/assets/dumbbell-CPTF9J35.js                                  0.63 kB │ gzip:   0.35 kB │ map:     1.56 kB
dist/assets/binoculars-BMP7u4YP.js                                0.63 kB │ gzip:   0.34 kB │ map:     1.63 kB
dist/assets/palette-CgRbsWb3.js                                   0.63 kB │ gzip:   0.36 kB │ map:     1.63 kB
dist/assets/WorkspacePageContainer-DX7Yvin1.js                    0.63 kB │ gzip:   0.46 kB │ map:     1.82 kB
dist/assets/building-CVRFD6OG.js                                  0.64 kB │ gzip:   0.34 kB │ map:     1.92 kB
dist/assets/vector-square-ButjX2g7.js                             0.64 kB │ gzip:   0.32 kB │ map:     1.93 kB
dist/assets/candy-DqAr7tQ1.js                                     0.64 kB │ gzip:   0.36 kB │ map:     1.59 kB
dist/assets/sun-snow-kv3iAsyJ.js                                  0.64 kB │ gzip:   0.36 kB │ map:     1.88 kB
dist/assets/puzzle-CfIlN910.js                                    0.64 kB │ gzip:   0.32 kB │ map:     1.28 kB
dist/assets/replace-all-BWPE-UPA.js                               0.64 kB │ gzip:   0.35 kB │ map:     1.83 kB
dist/assets/chess-queen-DC4QpdbP.js                               0.64 kB │ gzip:   0.38 kB │ map:     1.80 kB
dist/assets/table-columns-split-DwytOQYC.js                       0.64 kB │ gzip:   0.34 kB │ map:     1.92 kB
dist/assets/table-rows-split-DERSz7TO.js                          0.64 kB │ gzip:   0.34 kB │ map:     1.91 kB
dist/assets/square-dashed-BiaPUSNN.js                             0.65 kB │ gzip:   0.32 kB │ map:     1.96 kB
dist/assets/snapShotSetupResume-D55Z0_RS.js                       0.65 kB │ gzip:   0.40 kB │ map:     3.03 kB
dist/assets/recycle-BOC5EN-L.js                                   0.65 kB │ gzip:   0.40 kB │ map:     1.68 kB
dist/assets/ribbon-B2eoPWRk.js                                    0.65 kB │ gzip:   0.42 kB │ map:     1.56 kB
dist/assets/package-open-C7jPJem4.js                              0.66 kB │ gzip:   0.39 kB │ map:     1.57 kB
dist/assets/book-dashed-B8I3Qg6S.js                               0.66 kB │ gzip:   0.35 kB │ map:     1.91 kB
dist/assets/flower-BKtBMb6P.js                                    0.66 kB │ gzip:   0.36 kB │ map:     1.89 kB
dist/assets/memory-stick-DgzS8IYm.js                              0.66 kB │ gzip:   0.36 kB │ map:     1.90 kB
dist/assets/nut-P5Ohj0gu.js                                       0.66 kB │ gzip:   0.44 kB │ map:     1.44 kB
dist/assets/pickaxe-D5idK-Pd.js                                   0.66 kB │ gzip:   0.40 kB │ map:     1.56 kB
dist/assets/croissant-B2JXQx2t.js                                 0.67 kB │ gzip:   0.38 kB │ map:     1.57 kB
dist/assets/paintbrush-3otA7XLr.js                                0.67 kB │ gzip:   0.43 kB │ map:     1.42 kB
dist/assets/dna-off-BeI5X-PD.js                                   0.67 kB │ gzip:   0.39 kB │ map:     1.84 kB
dist/assets/refresh-icon-D773Pz2x.js                              0.67 kB │ gzip:   0.47 kB │ map:     1.66 kB
dist/assets/slack-BzkHBHO-.js                                     0.67 kB │ gzip:   0.36 kB │ map:     1.94 kB
dist/assets/satellite-DdrrCo9s.js                                 0.68 kB │ gzip:   0.35 kB │ map:     1.65 kB
dist/assets/fish-_8xch8bU.js                                      0.68 kB │ gzip:   0.43 kB │ map:     1.69 kB
dist/assets/message-circle-dashed-WYuyeAtO.js                     0.68 kB │ gzip:   0.38 kB │ map:     1.79 kB
dist/assets/pencil-ruler-CFZOvvSD.js                              0.69 kB │ gzip:   0.42 kB │ map:     1.65 kB
dist/assets/telescope-D3UX3CKu.js                                 0.69 kB │ gzip:   0.43 kB │ map:     1.78 kB
dist/assets/beer-off-CptFBMCq.js                                  0.69 kB │ gzip:   0.42 kB │ map:     1.79 kB
dist/assets/dna-CH1vIcT0.js                                       0.69 kB │ gzip:   0.39 kB │ map:     1.92 kB
dist/assets/fingerprint-pattern-BdCUh2Dx.js                       0.69 kB │ gzip:   0.41 kB │ map:     1.86 kB
dist/assets/gamepad-2-B-AwgZZa.js                                 0.69 kB │ gzip:   0.44 kB │ map:     1.75 kB
dist/assets/brain-hcQME1fE.js                                     0.70 kB │ gzip:   0.40 kB │ map:     1.69 kB
dist/assets/snowflake-CB-F-jPR.js                                 0.70 kB │ gzip:   0.39 kB │ map:     2.02 kB
dist/assets/circle-dashed-hstcdus2.js                             0.70 kB │ gzip:   0.37 kB │ map:     1.72 kB
dist/assets/desktopSnapShot-Ctl8Hho7.js                           0.71 kB │ gzip:   0.34 kB │ map:     2.83 kB
dist/assets/squares-intersect-DtK9FIay.js                         0.71 kB │ gzip:   0.35 kB │ map:     2.00 kB
dist/assets/bug-play-utoPzZCO.js                                  0.71 kB │ gzip:   0.40 kB │ map:     1.86 kB
dist/assets/square-dashed-mouse-pointer-dLanykZB.js               0.71 kB │ gzip:   0.39 kB │ map:     1.99 kB
dist/assets/squircle-dashed-BGqnlCry.js                           0.71 kB │ gzip:   0.40 kB │ map:     1.80 kB
dist/assets/dog-8qfkaEZD.js                                       0.71 kB │ gzip:   0.47 kB │ map:     1.62 kB
dist/assets/cannabis-off-B1ZzYL6X.js                              0.71 kB │ gzip:   0.46 kB │ map:     1.75 kB
dist/assets/notepad-text-dashed-BtkTb5UU.js                       0.71 kB │ gzip:   0.35 kB │ map:     2.12 kB
dist/assets/user-cog-Ctvvc3Hl.js                                  0.72 kB │ gzip:   0.38 kB │ map:     2.02 kB
dist/assets/cloud-cog-DqU6eBvL.js                                 0.72 kB │ gzip:   0.39 kB │ map:     1.88 kB
dist/assets/brick-wall-shield-DTu1X_Al.js                         0.72 kB │ gzip:   0.42 kB │ map:     1.84 kB
dist/assets/circle-dot-dashed-Bh96qvvb.js                         0.72 kB │ gzip:   0.38 kB │ map:     1.91 kB
dist/assets/candy-off-CmpA53-P.js                                 0.73 kB │ gzip:   0.40 kB │ map:     1.80 kB
dist/assets/columns-3-cog-C6nOCvkK.js                             0.73 kB │ gzip:   0.40 kB │ map:     2.08 kB
dist/assets/fish-off-DLAP82CY.js                                  0.73 kB │ gzip:   0.47 kB │ map:     1.57 kB
dist/assets/user-round-cog-D5Hxk4zn.js                            0.73 kB │ gzip:   0.40 kB │ map:     2.06 kB
dist/assets/vault-BYQm_jRA.js                                     0.74 kB │ gzip:   0.37 kB │ map:     2.15 kB
dist/assets/receipt-text-rItPhwNl.js                              0.74 kB │ gzip:   0.34 kB │ map:     1.58 kB
dist/assets/cog-BEqDMo_t.js                                       0.74 kB │ gzip:   0.38 kB │ map:     2.21 kB
dist/assets/bug-B92ipR_E.js                                       0.75 kB │ gzip:   0.41 kB │ map:     1.91 kB
dist/assets/text-select-Co0N_5nh.js                               0.75 kB │ gzip:   0.35 kB │ map:     2.24 kB
dist/assets/biohazard-C3oEco0g.js                                 0.75 kB │ gzip:   0.44 kB │ map:     1.97 kB
dist/assets/bug-off-C-vSohFU.js                                   0.76 kB │ gzip:   0.41 kB │ map:     2.06 kB
dist/assets/folder-cog-BK8zoTj3.js                                0.76 kB │ gzip:   0.41 kB │ map:     2.01 kB
dist/assets/shellsession-CiO6wb8A.js                              0.76 kB │ gzip:   0.46 kB │ map:     1.32 kB
dist/assets/cpu-CMpY9Gpw.js                                       0.76 kB │ gzip:   0.37 kB │ map:     2.21 kB
dist/assets/component-OAvZnKAV.js                                 0.76 kB │ gzip:   0.32 kB │ map:     1.70 kB
dist/assets/square-dashed-kanban-B_ISlOVj.js                      0.77 kB │ gzip:   0.36 kB │ map:     2.30 kB
dist/assets/tsv-sltzmVWM.js                                       0.77 kB │ gzip:   0.37 kB │ map:     1.37 kB
dist/assets/qr-code-Cd4iMF99.js                                   0.77 kB │ gzip:   0.40 kB │ map:     2.17 kB
dist/assets/monitor-cog-WLMr9lwE.js                               0.77 kB │ gzip:   0.41 kB │ map:     2.12 kB
dist/assets/nut-off-CdU-nO0I.js                                   0.78 kB │ gzip:   0.49 kB │ map:     1.74 kB
dist/assets/wifi-cog-DceNEmEI.js                                  0.79 kB │ gzip:   0.42 kB │ map:     2.13 kB
dist/assets/useNavigate-B9J_Li2c.js                               0.80 kB │ gzip:   0.46 kB │ map:     5.72 kB
dist/assets/party-popper-UVTzfF00.js                              0.81 kB │ gzip:   0.47 kB │ map:     2.01 kB
dist/assets/query-BSUQtySt.js                                     0.81 kB │ gzip:   0.54 kB │ map:     2.97 kB
dist/assets/gamepad-directional-CxH5MYGR.js                       0.81 kB │ gzip:   0.40 kB │ map:     1.79 kB
dist/assets/pair-D5wzw5B2.js                                      0.82 kB │ gzip:   0.52 kB │ map:     2.56 kB
dist/assets/calendar-cog-BsZ1ueMY.js                              0.82 kB │ gzip:   0.44 kB │ map:     2.24 kB
dist/assets/file-cog-DhXyabzD.js                                  0.83 kB │ gzip:   0.44 kB │ map:     2.20 kB
dist/assets/useT3ProjectFileScripts-Cyi0LB4u.js                   0.84 kB │ gzip:   0.53 kB │ map:     3.97 kB
dist/assets/brain-circuit-CZu4-TB-.js                             0.88 kB │ gzip:   0.45 kB │ map:     2.41 kB
dist/assets/providerDriverMeta-niYvxAIH.js                        0.89 kB │ gzip:   0.44 kB │ map:     5.00 kB
dist/assets/html-derivative-D1YWqPeU.js                           0.89 kB │ gzip:   0.49 kB │ map:     1.42 kB
dist/assets/server-cog-B0xw6K8U.js                                0.90 kB │ gzip:   0.43 kB │ map:     2.28 kB
dist/assets/useScopedModelAvailability-Bt3z6ce8.js                0.91 kB │ gzip:   0.56 kB │ map:     3.95 kB
dist/assets/boxes-Cw_D3UO9.js                                     0.92 kB │ gzip:   0.45 kB │ map:     2.31 kB
dist/assets/pullRequestIcons-D9iFHh4y.js                          0.92 kB │ gzip:   0.44 kB │ map:     2.52 kB
dist/assets/wheat-D86UdzMc.js                                     0.95 kB │ gzip:   0.39 kB │ map:     2.19 kB
dist/assets/kbd-AchBY5PF.js                                       0.95 kB │ gzip:   0.49 kB │ map:     2.01 kB
dist/assets/square-bottom-dashed-scissors-BZH2IoPO.js             0.97 kB │ gzip:   0.46 kB │ map:     2.87 kB
dist/assets/wheat-off-B1VzCLqS.js                                 1.00 kB │ gzip:   0.51 kB │ map:     2.39 kB
dist/assets/draft-input-DMy2xjBW.js                               1.03 kB │ gzip:   0.66 kB │ map:     4.42 kB
dist/assets/git-rebase-iEGfHIIn.js                                1.03 kB │ gzip:   0.47 kB │ map:     1.67 kB
dist/assets/qmldir-DCQb3MpD.js                                    1.03 kB │ gzip:   0.48 kB │ map:     1.73 kB
dist/assets/hop-off-CvjahmAh.js                                   1.04 kB │ gzip:   0.58 kB │ map:     2.31 kB
dist/assets/brain-cog-JhPXY4gG.js                                 1.09 kB │ gzip:   0.53 kB │ map:     2.69 kB
dist/assets/hop-BHvkVJXX.js                                       1.09 kB │ gzip:   0.60 kB │ map:     2.35 kB
dist/assets/csv-Dx-8-gkx.js                                       1.17 kB │ gzip:   0.40 kB │ map:     1.99 kB
dist/assets/previewMiniPlayerStore-D-Ddg4Ri.js                    1.20 kB │ gzip:   0.53 kB │ map:     7.31 kB
dist/assets/ExpandableText-DVCnSWX9.js                            1.22 kB │ gzip:   0.77 kB │ map:     3.34 kB
dist/assets/T3Wordmark-CqTV3Mw2.js                                1.22 kB │ gzip:   0.77 kB │ map:     1.65 kB
dist/assets/WorkspaceBreadcrumb-CM1mmSjk.js                       1.25 kB │ gzip:   0.67 kB │ map:     3.46 kB
dist/assets/git-commit-BSykSTBG.js                                1.27 kB │ gzip:   0.56 kB │ map:     2.03 kB
dist/assets/git-ZPHVnaZY.js                                       1.29 kB │ gzip:   0.62 kB │ map:    16.20 kB
dist/assets/ProviderSettingsPanel.logic-C5Zaw1UO.js               1.29 kB │ gzip:   0.59 kB │ map:     8.55 kB
dist/assets/WorkspacePageHeader-BSTYrffY.js                       1.37 kB │ gzip:   0.70 kB │ map:     2.79 kB
dist/assets/NoProjectsHero-PY1R16UG.js                            1.38 kB │ gzip:   0.70 kB │ map:     2.81 kB
dist/assets/discovery-list-CMxGawuU.js                            1.39 kB │ gzip:   0.76 kB │ map:     2.89 kB
dist/assets/xsl-CEjjfq63.js                                       1.40 kB │ gzip:   0.53 kB │ map:     2.18 kB
dist/assets/FieldControl-mLtvuk0r.js                              1.42 kB │ gzip:   0.82 kB │ map:     6.56 kB
dist/assets/searchRanking-DBS1bBU-.js                             1.44 kB │ gzip:   0.72 kB │ map:     8.14 kB
dist/assets/dotenv-_5a1GRtc.js                                    1.45 kB │ gzip:   0.56 kB │ map:     2.33 kB
dist/assets/sparql-D_iOobhT.js                                    1.52 kB │ gzip:   0.84 kB │ map:     2.10 kB
dist/assets/ini-B5eOa1yu.js                                       1.55 kB │ gzip:   0.52 kB │ map:     2.47 kB
dist/assets/sourceControl-1yPs2uoL.js                             1.56 kB │ gzip:   0.52 kB │ map:     5.99 kB
dist/assets/editorPreferences-gHRT7BD4.js                         1.58 kB │ gzip:   0.87 kB │ map:     6.73 kB
dist/assets/RedactedSensitiveText-CNlgs1Ok.js                     1.59 kB │ gzip:   0.97 kB │ map:     4.66 kB
dist/assets/providerStatus-cAfw1iwh.js                            1.62 kB │ gzip:   0.73 kB │ map:     6.26 kB
dist/assets/spinner-C6fWOghm.js                                   1.70 kB │ gzip:   0.82 kB │ map:     4.48 kB
dist/assets/fortran-fixed-form-DEKoE2YW.js                        1.71 kB │ gzip:   0.72 kB │ map:     2.71 kB
dist/assets/EnvironmentMachineIcon-B4Rh_uOd.js                    1.72 kB │ gzip:   0.82 kB │ map:     4.87 kB
dist/assets/ConnectionStatusDot-Dj8PSgxU.js                       1.73 kB │ gzip:   0.92 kB │ map:     4.51 kB
dist/assets/mediaSource-BI-SdUvh.js                               1.74 kB │ gzip:   0.87 kB │ map:     9.83 kB
dist/assets/useResizeDrag-DQh7oi2N.js                             1.77 kB │ gzip:   0.83 kB │ map:     7.12 kB
dist/assets/docker-IyjqRm3v.js                                    1.77 kB │ gzip:   0.63 kB │ map:     2.64 kB
dist/assets/hxml-B0Qn7Nwc.js                                      1.78 kB │ gzip:   0.91 kB │ map:     2.47 kB
dist/assets/desktop-Dlh5hvp9.js                                   1.87 kB │ gzip:   0.78 kB │ map:     2.75 kB
dist/assets/textarea-22ta1DhM.js                                  2.00 kB │ gzip:   0.99 kB │ map:     3.71 kB
dist/assets/attachments-CJrhFzhM.js                               2.07 kB │ gzip:   0.89 kB │ map:    12.51 kB
dist/assets/AnimatedHeight-DI3bwFHB.js                            2.15 kB │ gzip:   1.09 kB │ map:     7.11 kB
dist/assets/erb-DGFiHGkQ.js                                       2.17 kB │ gzip:   0.65 kB │ map:     3.29 kB
dist/assets/sidebarProjectGrouping-2Qa9yX_n.js                    2.18 kB │ gzip:   0.82 kB │ map:    10.55 kB
dist/assets/wenyan-C8pVoKbM.js                                    2.19 kB │ gzip:   1.13 kB │ map:     3.18 kB
dist/assets/jssm-DXw9l8Rf.js                                      2.27 kB │ gzip:   0.64 kB │ map:     3.39 kB
dist/assets/session-cTl3AYCj.js                                   2.30 kB │ gzip:   1.15 kB │ map:    11.33 kB
dist/assets/edge-DVg47Ld5.js                                      2.34 kB │ gzip:   0.71 kB │ map:     3.55 kB
dist/assets/browserPointerStore-CvaHhdc7.js                       2.35 kB │ gzip:   1.20 kB │ map:    11.94 kB
dist/assets/reg-CRGYupPL.js                                       2.37 kB │ gzip:   0.72 kB │ map:     3.51 kB
dist/assets/usePermissionStatus-BHgdD6zM.js                       2.39 kB │ gzip:   1.24 kB │ map:     7.23 kB
dist/assets/BrowserSurfaceSlot-7-hYihoe.js                        2.41 kB │ gzip:   1.16 kB │ map:     9.10 kB
dist/assets/_chat.index-CurbxZiU.js                               2.43 kB │ gzip:   1.24 kB │ map:     7.24 kB
dist/assets/input-DU_ZW_KI.js                                     2.51 kB │ gzip:   1.08 kB │ map:     5.69 kB
dist/assets/diff-woXpYk--.js                                      2.60 kB │ gzip:   0.72 kB │ map:     3.86 kB
dist/assets/gleam-CSRkHgEL.js                                     2.61 kB │ gzip:   0.85 kB │ map:     3.99 kB
dist/assets/hy-CZbG8q4J.js                                        2.68 kB │ gzip:   1.21 kB │ map:     3.69 kB
dist/assets/SettingsScopeNotice-DzV6AUnx.js                       2.69 kB │ gzip:   1.42 kB │ map:     8.31 kB
dist/assets/standalone-page-CQyFtr4K.js                           2.79 kB │ gzip:   1.21 kB │ map:     5.37 kB
dist/assets/ProviderInstanceIcon-DpavUYQe.js                      2.82 kB │ gzip:   1.34 kB │ map:     8.07 kB
dist/assets/openscad-BUDT5pXO.js                                  2.86 kB │ gzip:   1.04 kB │ map:     4.22 kB
dist/assets/log-BNLmms1o.js                                       2.88 kB │ gzip:   0.93 kB │ map:     4.35 kB
dist/assets/json-CVIJhcTw.js                                      2.92 kB │ gzip:   0.85 kB │ map:     4.31 kB
dist/assets/PierreEntryIcon-pa_niPUJ.js                           2.92 kB │ gzip:   1.26 kB │ map:     7.44 kB
dist/assets/cairo-DLTphjLi.js                                     2.97 kB │ gzip:   0.83 kB │ map:     4.53 kB
dist/assets/BranchToolbar.logic-c0c2Pt3P.js                       3.01 kB │ gzip:   1.25 kB │ map:    16.11 kB
dist/assets/ScreenRotationIcon-Bo5-x_XL.js                        3.02 kB │ gzip:   1.28 kB │ map:     8.82 kB
dist/assets/berry-DKpUyyne.js                                     3.04 kB │ gzip:   0.84 kB │ map:     4.84 kB
dist/assets/jsonl-CmCQp5Yx.js                                     3.04 kB │ gzip:   0.82 kB │ map:     4.50 kB
dist/assets/FileDiff-BjdFk98H.js                                  3.06 kB │ gzip:   1.18 kB │ map:     8.51 kB
dist/assets/jsonc-CYpm1nAK.js                                     3.14 kB │ gzip:   0.82 kB │ map:     4.60 kB
dist/assets/logo-Cluzi2Zq.js                                      3.16 kB │ gzip:   1.50 kB │ map:     3.81 kB
dist/assets/po-BiJDBrnU.js                                        3.27 kB │ gzip:   0.94 kB │ map:     5.08 kB
dist/assets/json5-BR5RXkoi.js                                     3.29 kB │ gzip:   0.86 kB │ map:     4.95 kB
dist/assets/mipsasm-BMqwQI7S.js                                   3.29 kB │ gzip:   1.21 kB │ map:     4.67 kB
dist/assets/tasl-DMoTqEGO.js                                      3.32 kB │ gzip:   0.88 kB │ map:     5.12 kB
dist/assets/assets-CzEnh5Rc.js                                    3.32 kB │ gzip:   1.56 kB │ map:    16.41 kB
dist/assets/openFileInPreview-fXi70VyD.js                         3.35 kB │ gzip:   1.52 kB │ map:    15.13 kB
dist/assets/genie-CV2tkWYe.js                                     3.39 kB │ gzip:   1.24 kB │ map:     4.86 kB
dist/assets/rel-BtDbiS_P.js                                       3.40 kB │ gzip:   1.14 kB │ map:     4.87 kB
dist/assets/vala-zf12oZj6.js                                      3.40 kB │ gzip:   1.22 kB │ map:     4.89 kB
dist/assets/projectFilesQueryState-Bb7A85qZ.js                    3.41 kB │ gzip:   1.68 kB │ map:    14.48 kB
dist/assets/toggle-group-DQHeShdD.js                              3.44 kB │ gzip:   1.48 kB │ map:    11.57 kB
dist/assets/timestampFormat-Cnuq_f_C.js                           3.45 kB │ gzip:   1.26 kB │ map:    17.59 kB
dist/assets/splunk-BC2Px7Mm.js                                    3.47 kB │ gzip:   1.55 kB │ map:     4.44 kB
dist/assets/threadSort-Cc4_6VXq.js                                3.54 kB │ gzip:   1.55 kB │ map:    23.33 kB
dist/assets/hurl-Bjs927Qm.js                                      3.55 kB │ gzip:   1.13 kB │ map:     5.41 kB
dist/assets/fluent-C03EYrpw.js                                    3.64 kB │ gzip:   0.93 kB │ map:     5.20 kB
dist/assets/panel-tab-close-button-B9CrWElE.js                    3.65 kB │ gzip:   1.86 kB │ map:    16.39 kB
dist/assets/jsonnet-CJTPZ8u_.js                                   3.65 kB │ gzip:   1.07 kB │ map:     5.41 kB
dist/assets/ssh-config-BgfXC-Er.js                                3.65 kB │ gzip:   1.63 kB │ map:     4.48 kB
dist/assets/kdl-CsD5j6eV.js                                       3.66 kB │ gzip:   1.07 kB │ map:     5.51 kB
dist/assets/empty-DypoRxE6.js                                     3.68 kB │ gzip:   1.24 kB │ map:     8.14 kB
dist/assets/wizard-BSGFF1Y6.js                                    3.70 kB │ gzip:   1.69 kB │ map:     9.68 kB
dist/assets/narrat-_X_XdTYD.js                                    3.70 kB │ gzip:   1.13 kB │ map:     5.42 kB
dist/assets/alert-1d_vlvqn.js                                     3.71 kB │ gzip:   1.48 kB │ map:     9.50 kB
dist/assets/glsl-ybdC2KXi.js                                      3.72 kB │ gzip:   1.48 kB │ map:     4.37 kB
dist/assets/turtle-ByJddavk.js                                    3.73 kB │ gzip:   1.00 kB │ map:     5.49 kB
dist/assets/connect-Cp8zHnxQ.js                                   3.75 kB │ gzip:   1.81 kB │ map:     9.61 kB
dist/assets/DiffStatLabel-CMkRFEOJ.js                             3.76 kB │ gzip:   1.62 kB │ map:    14.32 kB
dist/assets/ProjectMonogram-D9QM5UwS.js                           3.79 kB │ gzip:   1.56 kB │ map:    10.99 kB
dist/assets/alert-dialog-CH2iFWXj.js                              3.82 kB │ gzip:   1.44 kB │ map:    11.59 kB
dist/assets/SettingsPanels.logic-BW_YGzV-.js                      3.84 kB │ gzip:   1.26 kB │ map:    18.40 kB
dist/assets/lazyRouteComponent-nDmBCGl5.js                        3.91 kB │ gzip:   1.39 kB │ map:    26.46 kB
dist/assets/ron-VUp2lXgN.js                                       3.94 kB │ gzip:   1.01 kB │ map:     6.02 kB
dist/assets/zenscript-BnlCZFoB.js                                 3.95 kB │ gzip:   1.31 kB │ map:     5.75 kB
dist/assets/CompositeRoot-CG9TO32C.js                             4.00 kB │ gzip:   1.88 kB │ map:    18.09 kB
dist/assets/projectSettings-HdyPTPRP.js                           4.00 kB │ gzip:   1.63 kB │ map:    26.00 kB
dist/assets/gn-ilITqXS6.js                                        4.03 kB │ gzip:   1.52 kB │ map:     5.27 kB
dist/assets/toggle-Di6LIOsV.js                                    4.06 kB │ gzip:   1.71 kB │ map:    10.84 kB
dist/assets/welcome-Db6RdEML.js                                   4.16 kB │ gzip:   2.10 kB │ map:     3.62 kB
dist/assets/pascal-4ZHwLPI5.js                                    4.18 kB │ gzip:   1.71 kB │ map:     5.53 kB
dist/assets/KeybindingsSettings.logic-DkELs54c.js                 4.39 kB │ gzip:   1.82 kB │ map:    20.63 kB
dist/assets/ReadOnlySourcePreview-CbIm1frn.js                     4.41 kB │ gzip:   1.86 kB │ map:    12.73 kB
dist/assets/http-CzrDFw9F.js                                      4.45 kB │ gzip:   1.09 kB │ map:     6.69 kB
dist/assets/tcl-CZd0xW_V.js                                       4.46 kB │ gzip:   1.54 kB │ map:     6.48 kB
dist/assets/keybindings-BmZUQ5Og.js                               4.53 kB │ gzip:   1.83 kB │ map:    25.17 kB
dist/assets/useParams-C_8iJbic.js                                 4.54 kB │ gzip:   2.00 kB │ map:    24.46 kB
dist/assets/nextflow-BJtWHP5T.js                                  4.55 kB │ gzip:   1.20 kB │ map:     6.82 kB
dist/assets/rosmsg-CAekHB0j.js                                    4.56 kB │ gzip:   1.09 kB │ map:     6.75 kB
dist/assets/polar-C7UOKdEL.js                                     4.70 kB │ gzip:   1.16 kB │ map:     7.25 kB
dist/assets/sdbl-bTVj8UrX.js                                      4.73 kB │ gzip:   2.04 kB │ map:     5.89 kB
dist/assets/fennel-DQxkIbk2.js                                    4.80 kB │ gzip:   1.57 kB │ map:     6.42 kB
dist/assets/bibtex-Ci_nEsc7.js                                    4.83 kB │ gzip:   0.86 kB │ map:     7.02 kB
dist/assets/useOpenPanelPullRequestUrl-DhbiUyu0.js                4.84 kB │ gzip:   2.19 kB │ map:    20.17 kB
dist/assets/useWorkspaceMutationRefresh-Bv8_svlY.js               4.99 kB │ gzip:   2.39 kB │ map:    22.32 kB
dist/assets/switch-Dg2VQrfC.js                                    5.00 kB │ gzip:   2.36 kB │ map:    19.08 kB
dist/assets/llvm-Cm23YOpf.js                                      5.08 kB │ gzip:   2.04 kB │ map:     6.67 kB
dist/assets/mediaReference-BAamuaPo.js                            5.10 kB │ gzip:   2.21 kB │ map:    24.07 kB
dist/assets/getFiletypeFromFileName-DUODlmxb.js                   5.14 kB │ gzip:   2.28 kB │ map:    13.70 kB
dist/assets/wgsl-BsKzXJz4.js                                      5.17 kB │ gzip:   1.42 kB │ map:     7.50 kB
dist/assets/ProjectFavicon-CeEq1igu.js                            5.22 kB │ gzip:   2.15 kB │ map:    13.09 kB
dist/assets/uiStateStore-CQk3aOMu.js                              5.30 kB │ gzip:   1.74 kB │ map:    24.68 kB
dist/assets/gdresource-C0sCabJj.js                                5.33 kB │ gzip:   1.36 kB │ map:     7.74 kB
dist/assets/zig-CMLA9XwU.js                                       5.37 kB │ gzip:   1.59 kB │ map:     7.87 kB
dist/assets/qml-BiURR28z.js                                       5.37 kB │ gzip:   1.41 kB │ map:     8.13 kB
dist/assets/dax-BkyTk9wS.js                                       5.39 kB │ gzip:   2.25 kB │ map:     6.76 kB
dist/assets/_chat.index-CJPn9Er5.js                               5.40 kB │ gzip:   2.16 kB │ map:    12.42 kB
dist/assets/bicep-CUHmPFLl.js                                     5.41 kB │ gzip:   1.18 kB │ map:     7.91 kB
dist/assets/input-group-yM-HE8Wu.js                               5.47 kB │ gzip:   1.73 kB │ map:     9.74 kB
dist/assets/xml-BNeAUVSW.js                                       5.47 kB │ gzip:   1.27 kB │ map:     7.84 kB
dist/assets/awk-BWXHIvNe.js                                       5.49 kB │ gzip:   1.41 kB │ map:     7.99 kB
dist/assets/coq-BrsZFFmf.js                                       5.58 kB │ gzip:   1.95 kB │ map:     7.51 kB
dist/assets/radio-group-C65cQ2C1.js                               5.62 kB │ gzip:   2.62 kB │ map:    28.69 kB
dist/assets/primary-CRaAqoFI.js                                   5.66 kB │ gzip:   2.22 kB │ map:    26.43 kB
dist/assets/jinja-Dn3hrOwG.js                                     5.67 kB │ gzip:   1.39 kB │ map:     8.50 kB
dist/assets/lean-CewbzKMR.js                                      5.81 kB │ gzip:   1.95 kB │ map:     7.87 kB
dist/assets/moonbit-CaWjb8XO.js                                   5.93 kB │ gzip:   1.71 kB │ map:     8.66 kB
dist/assets/powerquery-DNMTfnFr.js                                5.94 kB │ gzip:   1.54 kB │ map:     8.51 kB
dist/assets/shaderlab-TOUzSsQk.js                                 5.96 kB │ gzip:   2.11 kB │ map:     7.69 kB
dist/assets/verilog-CiiDBU1e.js                                   5.96 kB │ gzip:   1.93 kB │ map:     8.02 kB
dist/assets/cypher-ClKdZ_lG.js                                    5.99 kB │ gzip:   1.75 kB │ map:     8.43 kB
dist/assets/vb-Djn5o6TS.js                                        6.12 kB │ gzip:   2.37 kB │ map:     8.04 kB
dist/assets/color-picker-TEFc0HSo.js                              6.19 kB │ gzip:   2.92 kB │ map:    18.68 kB
dist/assets/browserFaviconStore-ZfobEprk.js                       6.19 kB │ gzip:   2.48 kB │ map:    28.90 kB
dist/assets/red-7ga_dcKu.js                                       6.30 kB │ gzip:   1.63 kB │ map:     8.88 kB
dist/assets/red-CJ3rzSJv.js                                       6.30 kB │ gzip:   1.63 kB │ map:     8.88 kB
dist/assets/min-dark-BFqTAwCr.js                                  6.33 kB │ gzip:   1.74 kB │ map:     8.62 kB
dist/assets/min-dark-BSWPekZh.js                                  6.33 kB │ gzip:   1.74 kB │ map:     8.62 kB
dist/assets/gdshader-CBce3t8t.js                                  6.36 kB │ gzip:   1.75 kB │ map:     9.18 kB
dist/assets/prisma-BsRQq5mF.js                                    6.36 kB │ gzip:   1.42 kB │ map:     9.27 kB
dist/assets/ara-4CJ0cIlV.js                                       6.39 kB │ gzip:   1.84 kB │ map:     9.25 kB
dist/assets/pair-CWglzMt5.js                                      6.42 kB │ gzip:   2.56 kB │ map:    16.59 kB
dist/assets/clojure-DqKBuwfJ.js                                   6.45 kB │ gzip:   1.45 kB │ map:     9.28 kB
dist/assets/postcss-BXeXVLqQ.js                                   6.45 kB │ gzip:   1.94 kB │ map:     9.11 kB
dist/assets/toml-CcmNWLt0.js                                      6.46 kB │ gzip:   1.31 kB │ map:     9.47 kB
dist/assets/solarized-light-BLaijb3X.js                           6.53 kB │ gzip:   1.75 kB │ map:     9.23 kB
dist/assets/solarized-light-DSh2HLQt.js                           6.53 kB │ gzip:   1.75 kB │ map:     9.23 kB
dist/assets/proto-DB4EqR-F.js                                     6.58 kB │ gzip:   1.45 kB │ map:     9.90 kB
dist/assets/smalltalk-B16xEiuN.js                                 6.62 kB │ gzip:   1.65 kB │ map:     9.24 kB
dist/assets/r-DZED1fxJ.js                                         6.63 kB │ gzip:   1.86 kB │ map:    10.13 kB
dist/assets/talonscript-CohzipZa.js                               6.79 kB │ gzip:   1.52 kB │ map:    10.07 kB
dist/assets/solarized-dark-BQwPDzxK.js                            6.89 kB │ gzip:   1.82 kB │ map:     9.69 kB
dist/assets/solarized-dark-DV17i1UV.js                            6.89 kB │ gzip:   1.81 kB │ map:     9.69 kB
dist/assets/riscv-Ckw8ddFX.js                                     6.95 kB │ gzip:   2.01 kB │ map:     9.59 kB
dist/assets/soy-CHO2l3rW.js                                       6.96 kB │ gzip:   1.66 kB │ map:    10.71 kB
dist/assets/min-light-DDpmG2fV.js                                 7.01 kB │ gzip:   1.92 kB │ map:     9.54 kB
dist/assets/min-light-O7UdaaxX.js                                 7.01 kB │ gzip:   1.92 kB │ map:     9.54 kB
dist/assets/scheme-DQCgrYNe.js                                    7.20 kB │ gzip:   2.08 kB │ map:     9.79 kB
dist/assets/settings.storage-BhHJM39s.js                          7.23 kB │ gzip:   2.94 kB │ map:    21.03 kB
dist/assets/hlsl-Cvrh5tZx.js                                      7.29 kB │ gzip:   2.21 kB │ map:     9.24 kB
dist/assets/checkbox-DF3NDDk8.js                                  7.30 kB │ gzip:   3.30 kB │ map:    32.20 kB
dist/assets/collapsible-DuSL7Hog.js                               7.46 kB │ gzip:   2.94 kB │ map:    42.41 kB
dist/assets/qss-Fe1Jh2GI.js                                       7.50 kB │ gzip:   2.60 kB │ map:     9.40 kB
dist/assets/dialog-DpmAz8zZ.js                                    7.53 kB │ gzip:   2.86 kB │ map:    22.68 kB
dist/assets/systemd-BxMlprV5.js                                   7.90 kB │ gzip:   2.57 kB │ map:    10.63 kB
dist/assets/monokai-C0p7Qecz.js                                   7.92 kB │ gzip:   1.94 kB │ map:    11.11 kB
dist/assets/monokai-CdkpiU2Y.js                                   7.92 kB │ gzip:   1.94 kB │ map:    11.11 kB
dist/assets/composerDraftUploads-CsQkbCxu.js                      7.95 kB │ gzip:   2.59 kB │ map:    36.30 kB
dist/assets/regexp-Bv-i7p0M.js                                    8.08 kB │ gzip:   1.49 kB │ map:    11.18 kB
dist/assets/CloudEnvironmentConnectList-p5D2fCEz.js               8.27 kB │ gzip:   3.03 kB │ map:    32.23 kB
dist/assets/haml-DzeQ5bhe.js                                      8.36 kB │ gzip:   1.88 kB │ map:    12.36 kB
dist/assets/typst-DI99ib-x.js                                     8.42 kB │ gzip:   1.70 kB │ map:    12.30 kB
dist/assets/settings-BMkDTgDN.js                                  8.46 kB │ gzip:   4.00 kB │ map:    11.81 kB
dist/assets/vue-html-DfjA48d8.js                                  8.52 kB │ gzip:   1.71 kB │ map:    11.98 kB
dist/assets/plsql-DGHpHOYJ.js                                     8.54 kB │ gzip:   3.03 kB │ map:    10.89 kB
dist/assets/dart-CnvKMtbv.js                                      8.65 kB │ gzip:   2.03 kB │ map:    12.65 kB
dist/assets/ServerUpdateAction-CMWNKBJj.js                        8.69 kB │ gzip:   3.58 kB │ map:    37.16 kB
dist/assets/horizon-0-RkHfro.js                                   8.82 kB │ gzip:   1.98 kB │ map:    12.08 kB
dist/assets/horizon-CE9ld1lL.js                                   8.82 kB │ gzip:   1.98 kB │ map:    12.08 kB
dist/assets/kotlin-DhhofPvG.js                                    8.82 kB │ gzip:   2.16 kB │ map:    12.78 kB
dist/assets/horizon-bright-BgL2X9oq.js                            8.83 kB │ gzip:   1.99 kB │ map:    12.13 kB
dist/assets/horizon-bright-DSNQnXHK.js                            8.83 kB │ gzip:   1.99 kB │ map:    12.13 kB
dist/assets/DialogTitle-Bjut4caq.js                               8.85 kB │ gzip:   3.15 kB │ map:    43.37 kB
dist/assets/ProjectIconPickerDialog-BKKMSZQI.js                   8.85 kB │ gzip:   3.72 kB │ map:    24.00 kB
dist/assets/make-Dixweg8N.js                                      8.99 kB │ gzip:   1.79 kB │ map:    12.86 kB
dist/assets/andromeeda-WkhI09AS.js                                9.06 kB │ gzip:   2.39 kB │ map:    11.96 kB
dist/assets/andromeeda-vGVdxbeo.js                                9.06 kB │ gzip:   2.39 kB │ map:    11.96 kB
dist/assets/sas-BR03mzc_.js                                       9.10 kB │ gzip:   3.85 kB │ map:    11.11 kB
dist/assets/dark-plus-Cs2F2srj.js                                 9.14 kB │ gzip:   2.13 kB │ map:    12.43 kB
dist/assets/dark-plus-GAt2ZgX8.js                                 9.14 kB │ gzip:   2.14 kB │ map:    12.43 kB
dist/assets/slack-dark-DYvUXyrP.js                                9.16 kB │ gzip:   2.00 kB │ map:    12.52 kB
dist/assets/slack-dark-DnToyrRv.js                                9.16 kB │ gzip:   1.99 kB │ map:    12.52 kB
dist/assets/sass-DXrisJhu.js                                      9.32 kB │ gzip:   2.52 kB │ map:    13.41 kB
dist/assets/plastic-CF8VZTnn.js                                   9.33 kB │ gzip:   2.00 kB │ map:    12.49 kB
dist/assets/plastic-DQwYfKfQ.js                                   9.33 kB │ gzip:   2.00 kB │ map:    12.49 kB
dist/assets/Icon-BPxzhoQG.js                                      9.34 kB │ gzip:   3.76 kB │ map:    31.22 kB
dist/assets/slack-ochin-B2OO5cIa.js                               9.47 kB │ gzip:   2.12 kB │ map:    13.11 kB
dist/assets/slack-ochin-bqtMVDfH.js                               9.47 kB │ gzip:   2.12 kB │ map:    13.11 kB
dist/assets/ProjectFilePicker.logic-DOnkDr0a.js                   9.54 kB │ gzip:   3.36 kB │ map:    27.09 kB
dist/assets/tex-CxR4g5T6.js                                       9.71 kB │ gzip:   3.10 kB │ map:    12.42 kB
dist/assets/jison-CYZWCHa5.js                                     9.73 kB │ gzip:   1.90 kB │ map:    14.10 kB
dist/assets/entities-CK1s9Xi6.js                                  9.76 kB │ gzip:   3.49 kB │ map:    53.37 kB
dist/assets/combobox-BaRwCfN6.js                                  9.84 kB │ gzip:   3.39 kB │ map:    30.27 kB
dist/assets/cmake-Bj61d0ZC.js                                     9.89 kB │ gzip:   3.41 kB │ map:    11.26 kB
dist/assets/settings.open-source-licenses-BWjkrsid.js             9.92 kB │ gzip:   4.03 kB │ map:    26.88 kB
dist/assets/light-plus-CNQ8_7Y0.js                                9.98 kB │ gzip:   2.31 kB │ map:    13.42 kB
dist/assets/light-plus-DVQuIRkW.js                                9.98 kB │ gzip:   2.31 kB │ map:    13.42 kB
dist/assets/index-bSeEQ95E.js                                    10.00 kB │ gzip:   4.75 kB │ map:     2.19 kB
dist/assets/rightPanelStore-o_V3thxs.js                          10.03 kB │ gzip:   2.97 kB │ map:    54.93 kB
dist/assets/hcl-Dh228itO.js                                      10.08 kB │ gzip:   1.96 kB │ map:    14.79 kB
dist/assets/_chat.pull-requests-DWTtaeUS.js                      10.32 kB │ gzip:   4.52 kB │ map:   229.32 kB
dist/assets/rst-hTXTpEY0.js                                      10.35 kB │ gzip:   2.28 kB │ map:    15.57 kB
dist/assets/pkl-ot-7Btpt.js                                      10.40 kB │ gzip:   1.41 kB │ map:    15.47 kB
dist/assets/beancount-D-usSTwE.js                                10.41 kB │ gzip:   1.46 kB │ map:    15.04 kB
dist/assets/nextflow-groovy-DJMQeKeT.js                          10.48 kB │ gzip:   2.17 kB │ map:    15.24 kB
dist/assets/Virtualizer-FOZHmRZa.js                              10.49 kB │ gzip:   3.04 kB │ map:    29.94 kB
dist/assets/raku-B3gFvitq.js                                     10.50 kB │ gzip:   2.97 kB │ map:    12.91 kB
dist/assets/dream-maker-DW3nJb8Q.js                              10.51 kB │ gzip:   2.29 kB │ map:    15.11 kB
dist/assets/yaml-DtzM0vvz.js                                     10.60 kB │ gzip:   2.34 kB │ map:    14.89 kB
dist/assets/ProjectDefaultsSettings-Cw1YlNGk.js                  10.81 kB │ gzip:   3.87 kB │ map:    33.30 kB
dist/assets/DeviceSetup-j77xuhTr.js                              10.84 kB │ gzip:   4.01 kB │ map:    34.07 kB
dist/assets/just-BnvKtfjm.js                                     10.85 kB │ gzip:   2.64 kB │ map:    15.32 kB
dist/assets/projectScriptEditor-CEX6x8rQ.js                      10.91 kB │ gzip:   3.91 kB │ map:    41.52 kB
dist/assets/elm-DBn6QiWS.js                                      10.98 kB │ gzip:   2.13 kB │ map:    16.03 kB
dist/assets/github-light-CsVXhIlR.js                             11.23 kB │ gzip:   2.53 kB │ map:    15.42 kB
dist/assets/github-light-EUqPIrTm.js                             11.23 kB │ gzip:   2.53 kB │ map:    15.42 kB
dist/assets/useCloudLinkController-CBUx6a6U.js                   11.32 kB │ gzip:   4.47 kB │ map:    52.11 kB
dist/assets/prolog-iXnhIJG7.js                                   11.39 kB │ gzip:   3.88 kB │ map:    13.30 kB
dist/assets/terraform-DswuEJGm.js                                11.42 kB │ gzip:   2.54 kB │ map:    16.22 kB
dist/assets/github-dark-C-LZuMrd.js                              11.45 kB │ gzip:   2.56 kB │ map:    15.69 kB
dist/assets/github-dark-DwbbXv51.js                              11.45 kB │ gzip:   2.56 kB │ map:    15.69 kB
dist/assets/puppet-CDv2pdJW.js                                   11.47 kB │ gzip:   2.14 kB │ map:    16.32 kB
dist/assets/laserwave-CQkdhozh.js                                11.54 kB │ gzip:   2.61 kB │ map:    14.71 kB
dist/assets/laserwave-C_8bwKvT.js                                11.54 kB │ gzip:   2.61 kB │ map:    14.71 kB
dist/assets/threadNotifications-C1TlRUYT.js                      11.59 kB │ gzip:   4.86 kB │ map:    51.48 kB
dist/assets/settings-Cz1HBfBq.js                                 11.80 kB │ gzip:   4.61 kB │ map:    35.85 kB
dist/assets/gherkin-DExj1W_8.js                                  11.98 kB │ gzip:   5.08 kB │ map:    13.12 kB
dist/assets/wasm-ByWQv1Qj.js                                     12.04 kB │ gzip:   2.21 kB │ map:    16.84 kB
dist/assets/hjson-CxZEssPk.js                                    12.08 kB │ gzip:   1.67 kB │ map:    17.29 kB
dist/assets/handlebars-DTINywXR.js                               12.21 kB │ gzip:   2.41 kB │ map:    17.37 kB
dist/assets/settings.providers-DJ94flzF.js                       12.28 kB │ gzip:   4.50 kB │ map:    44.31 kB
dist/assets/apache-U0d_L8uA.js                                   12.49 kB │ gzip:   3.74 kB │ map:    15.95 kB
dist/assets/appearanceFonts-DnmjkxMh.js                          12.60 kB │ gzip:   4.68 kB │ map:    61.68 kB
dist/assets/vesper-BIFK_oDq.js                                   12.77 kB │ gzip:   2.03 kB │ map:    16.23 kB
dist/assets/vesper-DdrHHSXu.js                                   12.77 kB │ gzip:   2.03 kB │ map:    16.23 kB
dist/assets/browserRecording-kQSB09O_.js                         12.78 kB │ gzip:   4.42 kB │ map:    63.49 kB
dist/assets/bat-Bo4NYOV-.js                                      12.92 kB │ gzip:   3.26 kB │ map:    17.39 kB
dist/assets/fish-BJitypiv.js                                     13.07 kB │ gzip:   1.76 kB │ map:    16.86 kB
dist/assets/v-DETTlOr0.js                                        13.24 kB │ gzip:   2.76 kB │ map:    19.27 kB
dist/assets/vitesse-light-VbXTXTou.js                            13.66 kB │ gzip:   3.06 kB │ map:    18.55 kB
dist/assets/vitesse-light-ojz42ZLy.js                            13.66 kB │ gzip:   3.06 kB │ map:    18.55 kB
dist/assets/pullRequestDetail.logic-B8opvFx9.js                  13.68 kB │ gzip:   5.12 kB │ map:    69.90 kB
dist/assets/aurora-x-C7CFqhAd.js                                 13.70 kB │ gzip:   2.32 kB │ map:    17.58 kB
dist/assets/aurora-x-CDeNXAV0.js                                 13.70 kB │ gzip:   2.32 kB │ map:    17.58 kB
dist/assets/vitesse-black-D082JcaE.js                            13.72 kB │ gzip:   3.09 kB │ map:    18.64 kB
dist/assets/vitesse-black-fwtXNY1n.js                            13.72 kB │ gzip:   3.09 kB │ map:    18.64 kB
dist/assets/vitesse-dark-BZCL-v6S.js                             13.80 kB │ gzip:   3.10 kB │ map:    18.72 kB
dist/assets/vitesse-dark-z-nr_5O8.js                             13.80 kB │ gzip:   3.09 kB │ map:    18.72 kB
dist/assets/pug-D_ptrlvE.js                                      13.89 kB │ gzip:   2.61 kB │ map:    20.51 kB
dist/assets/synthwave-84-CIknw8y7.js                             14.08 kB │ gzip:   2.89 kB │ map:    19.10 kB
dist/assets/synthwave-84-nFMaYfgc.js                             14.08 kB │ gzip:   2.88 kB │ map:    19.10 kB
dist/assets/github-light-default-BXViO-2h.js                     14.21 kB │ gzip:   3.05 kB │ map:    19.28 kB
dist/assets/github-light-default-DB_IwZa6.js                     14.21 kB │ gzip:   3.05 kB │ map:    19.28 kB
dist/assets/clarity-SemFz856.js                                  14.31 kB │ gzip:   2.50 kB │ map:    19.94 kB
dist/assets/github-light-high-contrast-B68TUdTA.js               14.33 kB │ gzip:   3.03 kB │ map:    19.45 kB
dist/assets/github-light-high-contrast-DLgVeSB-.js               14.33 kB │ gzip:   3.03 kB │ map:    19.45 kB
dist/assets/github-dark-dimmed-Bx1FflLF.js                       14.48 kB │ gzip:   3.15 kB │ map:    19.65 kB
dist/assets/github-dark-dimmed-Cr1oaoul.js                       14.48 kB │ gzip:   3.15 kB │ map:    19.65 kB
dist/assets/github-dark-default-CxjRwzl6.js                      14.48 kB │ gzip:   3.15 kB │ map:    19.65 kB
dist/assets/github-dark-default-DXG-b-1a.js                      14.48 kB │ gzip:   3.15 kB │ map:    19.65 kB
dist/assets/github-dark-high-contrast-B4qJZLZa.js                14.65 kB │ gzip:   3.11 kB │ map:    19.88 kB
dist/assets/github-dark-high-contrast-B_tTalzw.js                14.65 kB │ gzip:   3.11 kB │ map:    19.88 kB
dist/assets/gnuplot-7GGW24-e.js                                  14.82 kB │ gzip:   3.31 kB │ map:    20.82 kB
dist/assets/popover-xuKb8Nqw.js                                  14.98 kB │ gzip:   5.65 kB │ map:    61.65 kB
dist/assets/rust-Cfkwpbl8.js                                     15.10 kB │ gzip:   2.75 kB │ map:    21.46 kB
dist/assets/kusto-C7mF5XQf.js                                    15.20 kB │ gzip:   3.96 kB │ map:    19.62 kB
dist/assets/actionscript-3--17pq3dv.js                           15.25 kB │ gzip:   2.71 kB │ map:    21.45 kB
dist/assets/nix-IvuFDN5E.js                                      15.54 kB │ gzip:   2.51 kB │ map:    22.89 kB
dist/assets/lua-BCfwaioe.js                                      15.62 kB │ gzip:   3.22 kB │ map:    22.12 kB
dist/assets/luau-FMPmPwt6.js                                     15.66 kB │ gzip:   3.42 kB │ map:    21.87 kB
dist/assets/abap-CLvhMVsD.js                                     15.88 kB │ gzip:   5.96 kB │ map:    18.84 kB
dist/assets/SidebarStageBackdrop-KueESvhU.js                     15.96 kB │ gzip:   4.74 kB │ map:    37.69 kB
dist/assets/solidity-CKzVLygQ.js                                 16.11 kB │ gzip:   3.13 kB │ map:    23.45 kB
dist/assets/matlab-D7qyCx1q.js                                   16.12 kB │ gzip:   3.10 kB │ map:    23.36 kB
dist/assets/cue-CE9AQfxI.js                                      16.23 kB │ gzip:   2.08 kB │ map:    23.79 kB
dist/assets/elixir-5shn7pE2.js                                   16.30 kB │ gzip:   2.79 kB │ map:    23.14 kB
dist/assets/command-fGfSMLFb.js                                  16.33 kB │ gzip:   4.64 kB │ map:    47.29 kB
dist/assets/scroll-area-Bn2rjA3Z.js                              16.39 kB │ gzip:   5.83 kB │ map:    72.14 kB
dist/assets/odin-B1RWQWA5.js                                     16.54 kB │ gzip:   2.96 kB │ map:    23.79 kB
dist/assets/ts-tags-BSVEE1mq.js                                  16.59 kB │ gzip:   2.09 kB │ map:    24.64 kB
dist/assets/kanagawa-wave-CTweb8Dz.js                            17.17 kB │ gzip:   2.94 kB │ map:    22.28 kB
dist/assets/kanagawa-wave-D8CNn6T_.js                            17.17 kB │ gzip:   2.94 kB │ map:    22.28 kB
dist/assets/kanagawa-lotus-BN08jTvb.js                           17.17 kB │ gzip:   2.94 kB │ map:    22.28 kB
dist/assets/kanagawa-lotus-CqxMQulh.js                           17.17 kB │ gzip:   2.94 kB │ map:    22.28 kB
dist/assets/kanagawa-dragon-7TqgsUPC.js                          17.17 kB │ gzip:   2.96 kB │ map:    22.29 kB
dist/assets/kanagawa-dragon-CXtmUGW6.js                          17.17 kB │ gzip:   2.96 kB │ map:    22.29 kB
dist/assets/link-kg5YgjdH.js                                     17.47 kB │ gzip:   6.55 kB │ map:    82.31 kB
dist/assets/move-B1IS1UjX.js                                     17.54 kB │ gzip:   3.10 kB │ map:    26.27 kB
dist/assets/graphql-CiEvDxRG.js                                  18.12 kB │ gzip:   2.56 kB │ map:    25.45 kB
dist/assets/liquid-ipGfHNEJ.js                                   18.14 kB │ gzip:   3.18 kB │ map:    25.23 kB
dist/assets/svelte-DleRoCp1.js                                   18.29 kB │ gzip:   3.17 kB │ map:    25.73 kB
dist/assets/material-theme-Bm3Qr25_.js                           18.66 kB │ gzip:   3.14 kB │ map:    24.12 kB
dist/assets/material-theme-CAtLaHa3.js                           18.66 kB │ gzip:   3.14 kB │ map:    24.12 kB
dist/assets/material-theme-ocean-B3mraInd.js                     18.68 kB │ gzip:   3.16 kB │ map:    24.15 kB
dist/assets/material-theme-ocean-CHQ94UKr.js                     18.68 kB │ gzip:   3.16 kB │ map:    24.15 kB
dist/assets/material-theme-darker-2IIEA8gg.js                    18.68 kB │ gzip:   3.13 kB │ map:    24.16 kB
dist/assets/material-theme-darker-k-s5Bc6K.js                    18.68 kB │ gzip:   3.13 kB │ map:    24.16 kB
dist/assets/material-theme-lighter-CD6a-c4d.js                   18.69 kB │ gzip:   3.14 kB │ map:    24.16 kB
dist/assets/material-theme-lighter-uhdI0v04.js                   18.69 kB │ gzip:   3.14 kB │ map:    24.16 kB
dist/assets/material-theme-palenight-B5W6OYN7.js                 18.69 kB │ gzip:   3.15 kB │ map:    24.17 kB
dist/assets/material-theme-palenight-DEhAARHw.js                 18.69 kB │ gzip:   3.15 kB │ map:    24.17 kB
dist/assets/gdscript-Cp2uCuqX.js                                 19.03 kB │ gzip:   3.78 kB │ map:    26.25 kB
dist/assets/groovy-CacY0gHj.js                                   19.21 kB │ gzip:   3.63 kB │ map:    27.52 kB
dist/assets/queries-kmy_UblH.js                                  19.28 kB │ gzip:   6.92 kB │ map:   100.68 kB
dist/assets/settingsSearch-jhDk4BMm.js                           19.41 kB │ gzip:   5.61 kB │ map:    46.67 kB
dist/assets/T3ConnectSidebarSignIn-DbL_MOKo.js                   19.51 kB │ gzip:   6.57 kB │ map:    54.92 kB
dist/assets/mdc-Cgeh5y6-.js                                      19.58 kB │ gzip:   6.70 kB │ map:    23.08 kB
dist/assets/ayu-dark-CRu61w6_.js                                 20.12 kB │ gzip:   3.97 kB │ map:    27.05 kB
dist/assets/ayu-dark-DluEY0Gj.js                                 20.12 kB │ gzip:   3.96 kB │ map:    27.05 kB
dist/assets/ayu-mirage-Bqwy1Gya.js                               20.13 kB │ gzip:   3.95 kB │ map:    27.06 kB
dist/assets/ayu-mirage-CTjYAbs-.js                               20.13 kB │ gzip:   3.95 kB │ map:    27.06 kB
dist/assets/glimmer-js-paba2O8s.js                               20.13 kB │ gzip:   2.97 kB │ map:    28.59 kB
dist/assets/glimmer-ts-CjRy9yPf.js                               20.13 kB │ gzip:   2.97 kB │ map:    28.59 kB
dist/assets/powershell-DshXNtvi.js                               20.19 kB │ gzip:   4.09 kB │ map:    26.59 kB
dist/assets/ayu-light-C3h-C4tm.js                                20.19 kB │ gzip:   3.93 kB │ map:    27.13 kB
dist/assets/ayu-light-Dn6O_aYR.js                                20.19 kB │ gzip:   3.93 kB │ map:    27.13 kB
dist/assets/server-CeMZ4hh7.js                                   20.37 kB │ gzip:   6.19 kB │ map:    91.41 kB
dist/assets/viml-DvXPmvsu.js                                     20.40 kB │ gzip:   6.77 kB │ map:    23.50 kB
dist/assets/nushell-DcLAeLz5.js                                  20.45 kB │ gzip:   5.25 kB │ map:    27.66 kB
dist/assets/DeviceStreamView-B49FV9B6.js                         20.67 kB │ gzip:   8.41 kB │ map:    82.28 kB
dist/assets/snazzy-light-4G7pJPwS.js                             20.82 kB │ gzip:   3.84 kB │ map:    28.01 kB
dist/assets/snazzy-light-D8dzFmq5.js                             20.82 kB │ gzip:   3.84 kB │ map:    28.01 kB
dist/assets/twig-bUCAh-SE.js                                     20.94 kB │ gzip:   3.69 kB │ map:    29.22 kB
dist/assets/dracula-BHWKrbxM.js                                  21.10 kB │ gzip:   4.03 kB │ map:    27.50 kB
dist/assets/dracula-C2uKkzgK.js                                  21.10 kB │ gzip:   4.03 kB │ map:    27.50 kB
dist/assets/dracula-soft-5eyTD99u.js                             21.12 kB │ gzip:   4.06 kB │ map:    27.52 kB
dist/assets/dracula-soft-D1bVjxWZ.js                             21.12 kB │ gzip:   4.06 kB │ map:    27.52 kB
dist/assets/tooltip-Duhkko8D.js                                  21.14 kB │ gzip:   7.83 kB │ map:   100.80 kB
dist/assets/number-field-DlmcBmfm.js                             21.25 kB │ gzip:   8.07 kB │ map:    94.01 kB
dist/assets/wit-DdvCle-K.js                                      21.50 kB │ gzip:   2.91 kB │ map:    30.10 kB
dist/assets/browserHistoryStore-D86FKzHf.js                      21.76 kB │ gzip:   7.76 kB │ map:   110.26 kB
dist/assets/rose-pine-BthvhNj6.js                                21.78 kB │ gzip:   3.90 kB │ map:    28.77 kB
dist/assets/rose-pine-rh6ipraJ.js                                21.78 kB │ gzip:   3.90 kB │ map:    28.77 kB
dist/assets/rose-pine-moon-DdHjCvFQ.js                           21.80 kB │ gzip:   3.91 kB │ map:    28.80 kB
dist/assets/rose-pine-moon-hon4tzzS.js                           21.80 kB │ gzip:   3.91 kB │ map:    28.80 kB
dist/assets/rose-pine-dawn-DSuRaP6u.js                           21.80 kB │ gzip:   3.91 kB │ map:    28.80 kB
dist/assets/rose-pine-dawn-Dg85fqjY.js                           21.80 kB │ gzip:   3.92 kB │ map:    28.80 kB
dist/assets/nim-iu60TAUF.js                                      22.49 kB │ gzip:   3.18 kB │ map:    32.75 kB
dist/assets/common-lisp-Cv5bFMCO.js                              22.62 kB │ gzip:   6.11 kB │ map:    26.68 kB
dist/assets/surrealql-Dvf99Cpw.js                                22.63 kB │ gzip:   4.35 kB │ map:    32.46 kB
dist/assets/gruvbox-dark-hard-C820rvS2.js                        22.68 kB │ gzip:   4.19 kB │ map:    30.57 kB
dist/assets/gruvbox-dark-hard-DXm60lX3.js                        22.68 kB │ gzip:   4.19 kB │ map:    30.57 kB
dist/assets/gruvbox-dark-soft-04Cj-4VZ.js                        22.68 kB │ gzip:   4.19 kB │ map:    30.57 kB
dist/assets/gruvbox-dark-soft-MrdJrrXF.js                        22.68 kB │ gzip:   4.19 kB │ map:    30.57 kB
dist/assets/gruvbox-light-hard-BC_s9l72.js                       22.68 kB │ gzip:   4.19 kB │ map:    30.57 kB
dist/assets/gruvbox-light-hard-K6wSn29D.js                       22.68 kB │ gzip:   4.19 kB │ map:    30.57 kB
dist/assets/gruvbox-light-soft-BSMLrYjP.js                       22.68 kB │ gzip:   4.19 kB │ map:    30.57 kB
dist/assets/gruvbox-light-soft-DNgJjaY0.js                       22.68 kB │ gzip:   4.19 kB │ map:    30.57 kB
dist/assets/gruvbox-dark-medium-BPjhmG05.js                      22.69 kB │ gzip:   4.19 kB │ map:    30.58 kB
dist/assets/gruvbox-dark-medium-GE2thSmD.js                      22.69 kB │ gzip:   4.19 kB │ map:    30.58 kB
dist/assets/gruvbox-light-medium-BAWPOn9u.js                     22.69 kB │ gzip:   4.20 kB │ map:    30.58 kB
dist/assets/gruvbox-light-medium-CVy3aSlc.js                     22.69 kB │ gzip:   4.19 kB │ map:    30.58 kB
dist/assets/bird2-C6vDhewU.js                                    22.97 kB │ gzip:   4.69 kB │ map:    31.05 kB
dist/assets/settings.projects-BNCReUcp.js                        23.20 kB │ gzip:   8.87 kB │ map:    73.61 kB
dist/assets/sql-DX8_f40I.js                                      23.52 kB │ gzip:   7.54 kB │ map:    27.93 kB
dist/assets/cadence-CQ2zXKGN.js                                  23.70 kB │ gzip:   3.69 kB │ map:    33.58 kB
dist/assets/settings.source-control--nMrbEXZ.js                  23.84 kB │ gzip:   8.59 kB │ map:    70.01 kB
dist/assets/astro-B0dTfk_6.js                                    24.06 kB │ gzip:   7.63 kB │ map:    29.14 kB
dist/assets/apl-B20FPirR.js                                      24.07 kB │ gzip:   4.20 kB │ map:    33.33 kB
dist/assets/templ-cAEbzhac.js                                    24.10 kB │ gzip:   5.44 kB │ map:    30.89 kB
dist/assets/angular-html-B8zQmVQw.js                             24.28 kB │ gzip:   4.02 kB │ map:    35.64 kB
dist/assets/vhdl-BroJfC0k.js                                     24.29 kB │ gzip:   3.90 kB │ map:    33.37 kB
dist/assets/vue-DrWtWO5P.js                                      24.53 kB │ gzip:   2.99 kB │ map:    36.71 kB
dist/assets/composer-logic-D0q4oHad.js                           24.53 kB │ gzip:   7.88 kB │ map:   124.19 kB
dist/assets/purescript-9MfHhQsQ.js                               24.72 kB │ gzip:   3.27 kB │ map:    34.88 kB
dist/assets/typespec-BRdr0IET.js                                 25.08 kB │ gzip:   2.66 kB │ map:    34.69 kB
dist/assets/one-light-CVUd7yD5.js                                25.34 kB │ gzip:   3.67 kB │ map:    33.80 kB
dist/assets/one-light-D7Lr4KcI.js                                25.34 kB │ gzip:   3.67 kB │ map:    33.80 kB
dist/assets/fsharp-D13ZGOAj.js                                   25.34 kB │ gzip:   4.16 kB │ map:    35.86 kB
dist/assets/marko-ClbnMitg.js                                    25.52 kB │ gzip:   3.62 kB │ map:    35.83 kB
dist/assets/night-owl-light-BODRhcTU.js                          25.95 kB │ gzip:   4.27 kB │ map:    35.15 kB
dist/assets/night-owl-light-eJ-hLW7d.js                          25.95 kB │ gzip:   4.27 kB │ map:    35.15 kB
dist/assets/DevicePanel-BPcXgp0k.js                              26.20 kB │ gzip:   8.53 kB │ map:    79.73 kB
dist/assets/system-verilog-DJ5XKQeo.js                           26.24 kB │ gzip:   4.86 kB │ map:    36.26 kB
dist/assets/nord-Cb4Vim4T.js                                     26.76 kB │ gzip:   4.39 kB │ map:    35.35 kB
dist/assets/nord-Cd-F4txO.js                                     26.76 kB │ gzip:   4.39 kB │ map:    35.35 kB
dist/assets/codeql-oeQT6MSM.js                                   26.92 kB │ gzip:   3.83 kB │ map:    36.01 kB
dist/assets/c3-BFHwR3_K.js                                       27.00 kB │ gzip:   3.96 kB │ map:    39.14 kB
dist/assets/sidebar-DwRbXdYn.js                                  27.14 kB │ gzip:   8.76 kB │ map:    73.16 kB
dist/assets/scss-C37MNT3x.js                                     27.29 kB │ gzip:   4.26 kB │ map:    38.32 kB
dist/assets/java-B--2Ad2E.js                                     27.31 kB │ gzip:   4.34 kB │ map:    38.62 kB
dist/assets/coffee-D75SX2Vr.js                                   27.46 kB │ gzip:   6.38 kB │ map:    36.07 kB
dist/assets/razor-BmcSQrCF.js                                    27.49 kB │ gzip:   3.57 kB │ map:    38.30 kB
dist/assets/DiffWorkerPoolProvider-Di88GLNi.js                   28.69 kB │ gzip:   8.24 kB │ map:    86.46 kB
dist/assets/scala-DKOlJaKm.js                                    28.92 kB │ gzip:   3.96 kB │ map:    40.11 kB
dist/assets/night-owl-BsnCLAKc.js                                28.95 kB │ gzip:   5.18 kB │ map:    39.05 kB
dist/assets/night-owl-DhmEMT88.js                                28.95 kB │ gzip:   5.18 kB │ map:    39.05 kB
dist/assets/crystal-BK2hwRJK.js                                  29.45 kB │ gzip:   4.47 kB │ map:    41.17 kB
dist/assets/mermaid-Bk4SNUv9.js                                  29.54 kB │ gzip:   3.68 kB │ map:    44.11 kB
dist/assets/applescript-CCn79oCD.js                              29.61 kB │ gzip:   5.98 kB │ map:    39.34 kB
dist/assets/settingsLayout-B9SqpVcN.js                           30.14 kB │ gzip:  10.86 kB │ map:   110.57 kB
dist/assets/pierre-dark-CpLgRqie.js                              30.59 kB │ gzip:   4.77 kB │ map:    34.23 kB
dist/assets/pierre-light-CoaEpmwp.js                             30.59 kB │ gzip:   4.77 kB │ map:    34.23 kB
dist/assets/pierre-dark-soft-kZQmAZld.js                         30.61 kB │ gzip:   4.81 kB │ map:    34.25 kB
dist/assets/pierre-light-soft-lWLdNTOI.js                        30.61 kB │ gzip:   4.77 kB │ map:    34.25 kB
dist/assets/pierre-dark-tritanopia-CpjhbsIL.js                   30.62 kB │ gzip:   4.72 kB │ map:    34.27 kB
dist/assets/pierre-light-tritanopia-CEbqgOJL.js                  30.63 kB │ gzip:   4.73 kB │ map:    34.28 kB
dist/assets/pierre-dark-protanopia-deuteranopia-B35FxJx-.js      30.66 kB │ gzip:   4.80 kB │ map:    34.32 kB
dist/assets/pierre-light-protanopia-deuteranopia-0fSaH845.js     30.67 kB │ gzip:   4.76 kB │ map:    34.33 kB
dist/assets/julia-N0U_rd_h.js                                    31.05 kB │ gzip:   4.34 kB │ map:    40.55 kB
dist/assets/stylus-B6D30XZt.js                                   31.11 kB │ gzip:   8.05 kB │ map:    38.87 kB
dist/assets/ComboboxClear-BGhpImSJ.js                            32.43 kB │ gzip:  11.36 kB │ map:   161.09 kB
dist/assets/poimandres-BX2TyY6j.js                               33.53 kB │ gzip:   5.53 kB │ map:    43.06 kB
dist/assets/poimandres-DRFjx7u4.js                               33.53 kB │ gzip:   5.53 kB │ map:    43.06 kB
dist/assets/one-dark-pro-CLwyXe_n.js                             33.83 kB │ gzip:   5.54 kB │ map:    44.50 kB
dist/assets/one-dark-pro-DUS_IGRK.js                             33.83 kB │ gzip:   5.54 kB │ map:    44.50 kB
dist/assets/bsl-BkkzgIyY.js                                      33.90 kB │ gzip:   8.38 kB │ map:    37.60 kB
dist/assets/ThemeEditorPanel-DqgCu7_s.js                         33.97 kB │ gzip:  11.61 kB │ map:   134.78 kB
dist/assets/useSettings-BXXVtnsf.js                              34.53 kB │ gzip:  11.41 kB │ map:   178.64 kB
dist/assets/DiffPanel-DxPSTOBn.js                                34.73 kB │ gzip:  12.67 kB │ map:   135.17 kB
dist/assets/UsageLimits-BL4ZRhCA.js                              34.99 kB │ gzip:  11.88 kB │ map:   116.75 kB
dist/assets/haxe-OTjmBuCE.js                                     35.19 kB │ gzip:   5.94 kB │ map:    49.51 kB
dist/assets/nginx-C1gVYW4z.js                                    35.39 kB │ gzip:   4.49 kB │ map:    48.47 kB
dist/assets/houston-CsvMBhTu.js                                  35.46 kB │ gzip:   5.80 kB │ map:    46.39 kB
dist/assets/houston-KyjWKfuY.js                                  35.46 kB │ gzip:   5.80 kB │ map:    46.39 kB
dist/assets/tokyo-night-iIspnLcq.js                              35.71 kB │ gzip:   6.26 kB │ map:    45.34 kB
dist/assets/tokyo-night-oM2G3aXe.js                              35.71 kB │ gzip:   6.26 kB │ map:    45.34 kB
dist/assets/settings.snap-shot-CdEEzvZ-.js                       36.25 kB │ gzip:  11.83 kB │ map:   125.20 kB
dist/assets/pullRequestPresentation-YRaJdsfN.js                  36.64 kB │ gzip:  13.08 kB │ map:   173.33 kB
dist/assets/erlang-Cphh6RMH.js                                   37.52 kB │ gzip:   4.39 kB │ map:    51.55 kB
dist/assets/PreviewPanel-BmD317ZX.js                             37.55 kB │ gzip:  13.70 kB │ map:   135.66 kB
dist/assets/PullRequestCodeTab-BEG78Ebh.js                       37.89 kB │ gzip:  12.80 kB │ map:   173.73 kB
dist/assets/cobol-D-1lOr7S.js                                    39.11 kB │ gzip:  10.92 kB │ map:    47.34 kB
dist/assets/settings.keybindings-D9vifRV8.js                     39.65 kB │ gzip:  13.36 kB │ map:   115.34 kB
dist/assets/asm-Cmm7eHzH.js                                      40.75 kB │ gzip:   8.20 kB │ map:    52.99 kB
dist/assets/WorkerPoolContext-DrU4wWKG.js                        40.92 kB │ gzip:  10.42 kB │ map:   116.68 kB
dist/assets/haskell-D8IpX4py.js                                  41.52 kB │ gzip:   6.44 kB │ map:    57.84 kB
dist/assets/shellscript-DoHCOd1n.js                              41.58 kB │ gzip:   6.16 kB │ map:    56.51 kB
dist/assets/perl-B61DuW_c.js                                     43.18 kB │ gzip:   4.68 kB │ map:    60.74 kB
dist/assets/d-qD-0Kul2.js                                        43.82 kB │ gzip:   8.46 kB │ map:    62.68 kB
dist/assets/welcome-DT8ppiP-.js                                  44.75 kB │ gzip:  15.29 kB │ map:   142.88 kB
dist/assets/pierre-dark-vibrant-CpQYzh95.js                      44.81 kB │ gzip:   5.33 kB │ map:    48.45 kB
dist/assets/pierre-light-vibrant-D80Fkn33.js                     44.81 kB │ gzip:   5.31 kB │ map:    48.46 kB
dist/assets/composerMentionDrag-4PJCi7oz.js                      45.47 kB │ gzip:   9.76 kB │ map:    96.30 kB
dist/assets/toast-BV0SBVb4.js                                    45.58 kB │ gzip:  14.99 kB │ map:   207.79 kB
dist/assets/renderFileChildren-DGZFyKbZ.js                       46.15 kB │ gzip:  12.17 kB │ map:   131.58 kB
dist/assets/ruby-B_uqQtHs.js                                     46.64 kB │ gzip:   5.74 kB │ map:    66.17 kB
dist/assets/go-rLFTqkRN.js                                       46.85 kB │ gzip:   5.18 kB │ map:    66.60 kB
dist/assets/catppuccin-mocha-Co3Xjl64.js                         47.30 kB │ gzip:   8.02 kB │ map:    62.01 kB
dist/assets/catppuccin-mocha-DYhrFGRu.js                         47.30 kB │ gzip:   8.02 kB │ map:    62.01 kB
dist/assets/catppuccin-latte-CpxdcXpJ.js                         47.30 kB │ gzip:   8.02 kB │ map:    62.01 kB
dist/assets/catppuccin-latte-DwIHMF0Q.js                         47.30 kB │ gzip:   8.02 kB │ map:    62.01 kB
dist/assets/catppuccin-frappe-3VR1Za6u.js                        47.31 kB │ gzip:   8.03 kB │ map:    62.02 kB
dist/assets/catppuccin-frappe-DFlFW5gh.js                        47.31 kB │ gzip:   8.03 kB │ map:    62.02 kB
dist/assets/catppuccin-macchiato-DIdIQ04K.js                     47.31 kB │ gzip:   8.03 kB │ map:    62.03 kB
dist/assets/catppuccin-macchiato-DYnBP6_5.js                     47.31 kB │ gzip:   8.03 kB │ map:    62.03 kB
dist/assets/pierre-icons-DT0uqos-.js                             47.36 kB │ gzip:  16.53 kB │ map:    66.62 kB
dist/assets/apex-VAyPSnFM.js                                     47.80 kB │ gzip:   6.85 kB │ map:    66.77 kB
dist/assets/ada-C5qYipkI.js                                      48.11 kB │ gzip:   6.00 kB │ map:    70.95 kB
dist/assets/session-logic-DhM8H8zV.js                            48.35 kB │ gzip:  15.27 kB │ map:   242.23 kB
dist/assets/css-CriSJBt7.js                                      49.13 kB │ gzip:  11.99 kB │ map:    60.63 kB
dist/assets/Match-DLZP5e9c.js                                    49.32 kB │ gzip:  15.88 kB │ map:   197.64 kB
dist/assets/imba-DsUTQ-LC.js                                     49.96 kB │ gzip:   9.51 kB │ map:    68.08 kB
dist/assets/everforest-dark-D-DlICQR.js                          53.79 kB │ gzip:   8.41 kB │ map:    68.26 kB
dist/assets/everforest-dark-sB-x3p7T.js                          53.79 kB │ gzip:   8.41 kB │ map:    68.26 kB
dist/assets/everforest-light-CeVdGHYG.js                         53.79 kB │ gzip:   8.41 kB │ map:    68.27 kB
dist/assets/everforest-light-Df2xbC6M.js                         53.79 kB │ gzip:   8.41 kB │ map:    68.27 kB
dist/assets/wikitext-ClFFjSW2.js                                 55.92 kB │ gzip:   4.85 kB │ map:    77.63 kB
dist/assets/settings.integrations-4V9WBtmy.js                    56.14 kB │ gzip:  18.19 kB │ map:   195.73 kB
dist/assets/stata-CDE9bVYW.js                                    57.03 kB │ gzip:  12.44 kB │ map:    74.17 kB
dist/assets/html-CCKltaHW.js                                     57.35 kB │ gzip:  11.82 kB │ map:    72.99 kB
dist/assets/usage-BQdVdbVs.js                                    58.13 kB │ gzip:  18.23 kB │ map:   215.44 kB
dist/assets/ballerina-B7ZEbQpA.js                                58.73 kB │ gzip:   8.14 kB │ map:    81.52 kB
dist/assets/markdown-BYOwaDjH.js                                 59.37 kB │ gzip:   5.70 kB │ map:    82.32 kB
dist/assets/ocaml-O90oeIOV.js                                    62.48 kB │ gzip:   5.08 kB │ map:    81.10 kB
dist/assets/useHandleNewThread-CoWudxBU.js                       62.88 kB │ gzip:  20.87 kB │ map:   300.63 kB
dist/assets/_chat.pull-requests-Bbur9uX4.js                      63.80 kB │ gzip:  21.62 kB │ map:   256.78 kB
dist/assets/diffFileContents-X-ISInKj.js                         69.83 kB │ gzip:  19.50 kB │ map:   205.96 kB
dist/assets/mojo-BgCJLMeH.js                                     69.83 kB │ gzip:   9.25 kB │ map:    94.93 kB
dist/assets/python-gzcpVVnB.js                                   69.98 kB │ gzip:   9.13 kB │ map:    95.23 kB
dist/assets/Icons-B5hvtCre.js                                    71.73 kB │ gzip:  30.75 kB │ map:   106.95 kB
dist/assets/renderDiffChildren-CM231R-M.js                       71.99 kB │ gzip:  18.21 kB │ map:   210.66 kB
dist/assets/c-BocrcldN.js                                        72.20 kB │ gzip:  10.58 kB │ map:    95.37 kB
dist/assets/latex-OLigb8wZ.js                                    72.91 kB │ gzip:   6.78 kB │ map:   100.93 kB
dist/assets/vyper-CgoNMtux.js                                    74.68 kB │ gzip:  10.73 kB │ map:   100.70 kB
dist/assets/themePalette-CK17mLzN.js                             79.94 kB │ gzip:  23.46 kB │ map:   284.98 kB
dist/assets/settings.diagnostics-CnGQhv2Z.js                     80.24 kB │ gzip:  20.71 kB │ map:   208.15 kB
dist/assets/hack-DcOg1qnq.js                                     81.09 kB │ gzip:  26.47 kB │ map:    98.58 kB
dist/assets/swift-DonLKvLd.js                                    86.72 kB │ gzip:  14.72 kB │ map:   114.50 kB
dist/assets/fortran-free-form-CYNrtFtB.js                        89.01 kB │ gzip:  11.23 kB │ map:   124.04 kB
dist/assets/csharp-oqKa8noW.js                                   90.22 kB │ gzip:  10.75 kB │ map:   126.34 kB
dist/assets/racket-DcIDlBhZ.js                                   92.42 kB │ gzip:  15.11 kB │ map:   106.18 kB
dist/assets/less-DVTAwKKz.js                                     97.66 kB │ gzip:  14.88 kB │ map:   131.85 kB
dist/assets/ThreadTerminalDrawer-CF_HvMeZ.js                     97.82 kB │ gzip:  28.22 kB │ map:   369.11 kB
dist/assets/settings.connections-q7hf5O05.js                     98.48 kB │ gzip:  32.38 kB │ map:   378.28 kB
dist/assets/blade-Bl334a0X.js                                   105.01 kB │ gzip:  28.34 kB │ map:   130.95 kB
dist/assets/objective-c-D1A_Heim.js                             105.45 kB │ gzip:  23.67 kB │ map:   129.64 kB
dist/assets/php-DQlvCSe-.js                                     113.12 kB │ gzip:  28.89 kB │ map:   142.04 kB
dist/assets/settings.providers-BbnWM_kB.js                      113.23 kB │ gzip:  36.77 kB │ map:   378.90 kB
dist/assets/runtime-D7Llbkd4.js                                 120.09 kB │ gzip:  35.17 kB │ map:   618.90 kB
dist/assets/parseMergeConflictDiffFromFile-uFOTj2k5.js          130.01 kB │ gzip:  32.29 kB │ map:   432.47 kB
dist/assets/asciidoc-DE70LPWp.js                                131.56 kB │ gzip:   9.35 kB │ map:   189.10 kB
dist/assets/mdx-DQZ5AkYe.js                                     136.14 kB │ gzip:  23.57 kB │ map:   176.72 kB
dist/assets/desktopPasteAsText-BPhznozU.js                      138.05 kB │ gzip:  44.84 kB │ map:   723.35 kB
dist/assets/ProviderModelPicker-DvyJpEEu.js                     158.55 kB │ gzip:  51.30 kB │ map:   491.37 kB
dist/assets/atomRegistry-t_MU7MiT.js                            166.70 kB │ gzip:  52.67 kB │ map: 1,043.02 kB
dist/assets/objective-cpp-BsSzOQcm.js                           172.01 kB │ gzip:  31.02 kB │ map:   218.52 kB
dist/assets/javascript-CCx7bRBe.js                              174.92 kB │ gzip:  16.72 kB │ map:   236.05 kB
dist/assets/tsx-DO1fCYI6.js                                     175.63 kB │ gzip:  16.71 kB │ map:   236.72 kB
dist/assets/jsx-BDt9ZnmZ.js                                     177.88 kB │ gzip:  16.80 kB │ map:   238.98 kB
dist/assets/typescript-dsqxsVSX.js                              181.18 kB │ gzip:  16.33 kB │ map:   244.39 kB
dist/assets/angular-ts-BkHOY5hm.js                              183.77 kB │ gzip:  16.82 kB │ map:   249.42 kB
dist/assets/vue-vine-C-J1d-sH.js                                190.10 kB │ gzip:  18.11 kB │ map:   255.14 kB
dist/assets/FilePreviewPanel-BHZt8NH9.js                        192.37 kB │ gzip:  63.04 kB │ map:   714.52 kB
dist/assets/PanelLayoutControls-BfJ6E3sN.js                     205.38 kB │ gzip:  60.80 kB │ map:   653.95 kB
dist/assets/fileTreeExpansion-DV21vcJD.js                       218.46 kB │ gzip:  61.53 kB │ map:   697.33 kB
dist/assets/shared_highlighter-BQ3xNDfq.js                      239.63 kB │ gzip:  76.60 kB │ map:   809.12 kB
dist/assets/dynamic-CMBFBk-U.js                                 243.34 kB │ gzip:  57.54 kB │ map:   118.79 kB
dist/assets/wolfram-DLL8P-h_.js                                 262.42 kB │ gzip:  77.67 kB │ map:   279.65 kB
dist/assets/SettingsPanels-QO5WVjQI.js                          274.05 kB │ gzip:  86.04 kB │ map:   820.46 kB
dist/assets/dist-DgLK3_4b.js                                    305.21 kB │ gzip:  88.70 kB │ map: 1,415.72 kB
dist/assets/main-DsaUwtmp.js                                    430.40 kB │ gzip: 137.14 kB │ map: 1,605.05 kB
dist/assets/ChatMarkdown-CP9vGdh8.js                            471.05 kB │ gzip: 149.11 kB │ map: 2,110.90 kB
dist/assets/ComposerPromptEditor-CsWOZq5K.js                    474.67 kB │ gzip: 150.86 kB │ map: 1,977.87 kB
dist/assets/wasm-BnjxR4X6.js                                    622.36 kB │ gzip: 232.13 kB │ map:   622.85 kB
dist/assets/cpp-CLn609JY.js                                     626.16 kB │ gzip:  48.13 kB │ map:   816.16 kB
dist/assets/_chat-FDWKJtFx.js                                   697.06 kB │ gzip: 219.14 kB │ map: 2,609.09 kB
dist/assets/emacs-lisp-B4R74twV.js                              779.92 kB │ gzip: 197.59 kB │ map:   789.84 kB
dist/assets/utils-BI3vDmU-.js                                   779.95 kB │ gzip: 242.63 kB │ map: 6,528.44 kB
dist/assets/heic-to--P4BHcfs.js                               2,995.23 kB │ gzip: 750.97 kB │ map: 2,998.56 kB

[33m[PLUGIN_TIMINGS] [0mYour build spent significant time in plugins. Here is a breakdown:
  - vite-plus:vitest-resolver (93%)
  - @rolldown/plugin-babel (3%)
See https://rolldown.rs/reference/InputOptions.checks#plugintimings for more details.

[plugin builtin:vite-reporter] 
(!) Some chunks are larger than 500 kB after minification. Consider:
- Using dynamic import() to code-split the application
- Use build.rolldownOptions.output.codeSplitting to improve chunking: https://rolldown.rs/reference/OutputOptions.codeSplitting
- Adjust chunk size limit for this warning via build.chunkSizeWarningLimit.
✓ built in 6m 5s

~/apps/server$ node scripts/cli.ts build ⊘ cache disabled
[09:13:21.623] INFO (#1): [cli] Running tsdown...
[09:13:31.363] INFO (#1): [cli] Bundled Pi approval extension into dist/assets/pi
[09:14:03.970] INFO (#1): [cli] Applied development icon overrides to dist/client
[09:14:03.971] INFO (#1): [cli] Bundled web app into dist/client

~/apps/desktop$ node scripts/build-browser-secret.mjs ⊘ cache disabled
file:///workspace/t3code-pi/apps/desktop/scripts/build-browser-secret.mjs:46
      throw new Error(
            ^

Error: Building the Linux browser import helper requires pkg-config and libsecret development headers (Ubuntu/Debian: libsecret-1-dev).
    at file:///workspace/t3code-pi/apps/desktop/scripts/build-browser-secret.mjs:46:13
    at ModuleJob.run (node:internal/modules/esm/module_job:343:25)
    at async onImport.tracePromise.__proto__ (node:internal/modules/esm/loader:681:26)
    at async asyncRunEntryPointWithESMLoader (node:internal/modules/run_main:117:5) {
  [cause]: <ref *1> Error: spawnSync pkg-config ENOENT
      at Object.spawnSync (node:internal/child_process:1120:20)
      at spawnSync (node:child_process:902:24)
      at Module.execFileSync (node:child_process:945:15)
      at file:///workspace/t3code-pi/apps/desktop/scripts/build-browser-secret.mjs:40:32
      at ModuleJob.run (node:internal/modules/esm/module_job:343:25)
      at async onImport.tracePromise.__proto__ (node:internal/modules/esm/loader:681:26)
      at async asyncRunEntryPointWithESMLoader (node:internal/modules/run_main:117:5) {
    errno: -2,
    code: 'ENOENT',
    syscall: 'spawnSync pkg-config',
    path: 'pkg-config',
    spawnargs: [ '--cflags', '--libs', 'libsecret-1' ],
    error: [Circular *1],
    status: null,
    signal: null,
    output: null,
    pid: 0,
    stdout: undefined,
    stderr: undefined
  }
}

Node.js v22.23.1

---
vp run: 0/3 cache hit (0%), 1 failed. (Run `vp run --last-details` for full details)
