[1m[2mnote:[0m[0m You are running [94m`vp test`[39m as a Vite+ built-in command. If you meant to run the test npm script, use [94m`vpr test`[39m instead.

 RUN  v4.1.11 /workspace/t3code-pi/apps/server

(node:19941) ExperimentalWarning: SQLite is an experimental feature and might change at any time
(Use `node --trace-warnings ...` to show where the warning was created)
(node:20523) ExperimentalWarning: SQLite is an experimental feature and might change at any time
(Use `node --trace-warnings ...` to show where the warning was created)

 Test Files  11 passed (11)
      Tests  341 passed (341)
   Start at  14:00:44
   Duration  52.73s (transform 12.67s, setup 2.74s, import 27.78s, tests 19.70s, environment 2ms)

[1m[2mnote:[0m[0m You are running [94m`vp test`[39m as a Vite+ built-in command. If you meant to run the test npm script, use [94m`vpr test`[39m instead.

 RUN  v4.1.11 /workspace/t3code-pi/apps/web


 Test Files  8 passed (8)
      Tests  280 passed (280)
   Start at  14:01:57
   Duration  17.01s (transform 5.94s, setup 1.01s, import 32.73s, tests 1.12s, environment 5ms)

[1m[2mnote:[0m[0m You are running [94m`vp test`[39m as a Vite+ built-in command. If you meant to run the test npm script, use [94m`vpr test`[39m instead.

 RUN  v4.1.11 /workspace/t3code-pi/apps/mobile


 Test Files  2 passed (2)
      Tests  73 passed (73)
   Start at  14:02:16
   Duration  4.85s (transform 5.31s, setup 288ms, import 8.67s, tests 205ms, environment 0ms)

[1m[2mnote:[0m[0m You are running [94m`vp test`[39m as a Vite+ built-in command. If you meant to run the test npm script, use [94m`vpr test`[39m instead.

 RUN  v4.1.11 /workspace/t3code-pi/packages/client-runtime


 Test Files  2 passed (2)
      Tests  29 passed (29)
   Start at  14:02:22
   Duration  2.32s (transform 1.82s, setup 344ms, import 3.77s, tests 32ms, environment 0ms)

[1m[2mnote:[0m[0m You are running [94m`vp test`[39m as a Vite+ built-in command. If you meant to run the test npm script, use [94m`vpr test`[39m instead.

 RUN  v4.1.11 /workspace/t3code-pi/packages/contracts


 Test Files  5 passed (5)
      Tests  110 passed (110)
   Start at  14:02:25
   Duration  2.41s (transform 1.01s, setup 996ms, import 3.02s, tests 365ms, environment 1ms)

[1m[2mnote:[0m[0m You are running [94m`vp test`[39m as a Vite+ built-in command. If you meant to run the test npm script, use [94m`vpr test`[39m instead.

 RUN  v4.1.11 /workspace/t3code-pi/apps/desktop


 Test Files  1 passed (1)
      Tests  26 passed (26)
   Start at  14:02:29
   Duration  5.82s (transform 2.52s, setup 157ms, import 5.12s, tests 321ms, environment 0ms)

[1m[2mnote:[0m[0m You are running [94m`vp test`[39m as a Vite+ built-in command. If you meant to run the test npm script, use [94m`vpr test`[39m instead.

 RUN  v4.1.11 /workspace/t3code-pi


 Test Files  1 passed (1)
      Tests  71 passed (71)
   Start at  14:02:38
   Duration  7.79s (transform 827ms, setup 230ms, import 6.04s, tests 1.25s, environment 0ms)

~/packages/contracts$ tsc --noEmit ⊘ cache disabled
src/agentSessions.ts(16,33): suggestion TS377098: This Schema number API accepts `NaN`, `Infinity`, and `-Infinity`. Use `Schema.Finite` for finite domain numbers. If non-finite values are intentional, disable this diagnostic for that line. effect(schemaNumber)
src/agentSessions.ts(17,18): suggestion TS377098: This Schema number API accepts `NaN`, `Infinity`, and `-Infinity`. Use `Schema.Finite` for finite domain numbers. If non-finite values are intentional, disable this diagnostic for that line. effect(schemaNumber)
src/agentSessions.ts(18,31): suggestion TS377098: This Schema number API accepts `NaN`, `Infinity`, and `-Infinity`. Use `Schema.Finite` for finite domain numbers. If non-finite values are intentional, disable this diagnostic for that line. effect(schemaNumber)
src/agentSessions.ts(19,37): suggestion TS377098: This Schema number API accepts `NaN`, `Infinity`, and `-Infinity`. Use `Schema.Finite` for finite domain numbers. If non-finite values are intentional, disable this diagnostic for that line. effect(schemaNumber)
src/assets.ts(76,21): suggestion TS377098: This Schema number API accepts `NaN`, `Infinity`, and `-Infinity`. Use `Schema.Finite` for finite domain numbers. If non-finite values are intentional, disable this diagnostic for that line. effect(schemaNumber)
src/assets.ts(116,21): suggestion TS377098: This Schema number API accepts `NaN`, `Infinity`, and `-Infinity`. Use `Schema.Finite` for finite domain numbers. If non-finite values are intentional, disable this diagnostic for that line. effect(schemaNumber)
src/auth.ts(202,22): suggestion TS377098: This Schema number API accepts `NaN`, `Infinity`, and `-Infinity`. Use `Schema.Finite` for finite domain numbers. If non-finite values are intentional, disable this diagnostic for that line. effect(schemaNumber)
src/auth.ts(264,20): suggestion TS377098: This Schema number API accepts `NaN`, `Infinity`, and `-Infinity`. Use `Schema.Finite` for finite domain numbers. If non-finite values are intentional, disable this diagnostic for that line. effect(schemaNumber)
src/auth.ts(272,20): suggestion TS377098: This Schema number API accepts `NaN`, `Infinity`, and `-Infinity`. Use `Schema.Finite` for finite domain numbers. If non-finite values are intentional, disable this diagnostic for that line. effect(schemaNumber)
src/auth.ts(281,20): suggestion TS377098: This Schema number API accepts `NaN`, `Infinity`, and `-Infinity`. Use `Schema.Finite` for finite domain numbers. If non-finite values are intentional, disable this diagnostic for that line. effect(schemaNumber)
src/auth.ts(307,20): suggestion TS377098: This Schema number API accepts `NaN`, `Infinity`, and `-Infinity`. Use `Schema.Finite` for finite domain numbers. If non-finite values are intentional, disable this diagnostic for that line. effect(schemaNumber)
src/auth.ts(315,20): suggestion TS377098: This Schema number API accepts `NaN`, `Infinity`, and `-Infinity`. Use `Schema.Finite` for finite domain numbers. If non-finite values are intentional, disable this diagnostic for that line. effect(schemaNumber)
src/background.ts(37,37): suggestion TS377098: This Schema number API accepts `NaN`, `Infinity`, and `-Infinity`. Use `Schema.Finite` for finite domain numbers. If non-finite values are intentional, disable this diagnostic for that line. effect(schemaNumber)
src/background.ts(79,36): suggestion TS377098: This Schema number API accepts `NaN`, `Infinity`, and `-Infinity`. Use `Schema.Finite` for finite domain numbers. If non-finite values are intentional, disable this diagnostic for that line. effect(schemaNumber)
src/background.ts(105,38): suggestion TS377098: This Schema number API accepts `NaN`, `Infinity`, and `-Infinity`. Use `Schema.Finite` for finite domain numbers. If non-finite values are intentional, disable this diagnostic for that line. effect(schemaNumber)
src/device.ts(221,52): suggestion TS377098: This Schema number API accepts `NaN`, `Infinity`, and `-Infinity`. Use `Schema.Finite` for finite domain numbers. If non-finite values are intentional, disable this diagnostic for that line. effect(schemaNumber)
src/device.ts(221,78): suggestion TS377098: This Schema number API accepts `NaN`, `Infinity`, and `-Infinity`. Use `Schema.Finite` for finite domain numbers. If non-finite values are intentional, disable this diagnostic for that line. effect(schemaNumber)
src/device.ts(301,22): suggestion TS377098: This Schema number API accepts `NaN`, `Infinity`, and `-Infinity`. Use `Schema.Finite` for finite domain numbers. If non-finite values are intentional, disable this diagnostic for that line. effect(schemaNumber)
src/device.ts(302,23): suggestion TS377098: This Schema number API accepts `NaN`, `Infinity`, and `-Infinity`. Use `Schema.Finite` for finite domain numbers. If non-finite values are intentional, disable this diagnostic for that line. effect(schemaNumber)
src/device.ts(404,38): suggestion TS377098: This Schema number API accepts `NaN`, `Infinity`, and `-Infinity`. Use `Schema.Finite` for finite domain numbers. If non-finite values are intentional, disable this diagnostic for that line. effect(schemaNumber)
src/environmentHttp.ts(407,24): suggestion TS377098: This Schema number API accepts `NaN`, `Infinity`, and `-Infinity`. Use `Schema.Finite` for finite domain numbers. If non-finite values are intentional, disable this diagnostic for that line. effect(schemaNumber)
src/git.ts(345,41): suggestion TS377098: This Schema number API accepts `NaN`, `Infinity`, and `-Infinity`. Use `Schema.Finite` for finite domain numbers. If non-finite values are intentional, disable this diagnostic for that line. effect(schemaNumber)
src/git.ts(346,36): suggestion TS377098: This Schema number API accepts `NaN`, `Infinity`, and `-Infinity`. Use `Schema.Finite` for finite domain numbers. If non-finite values are intentional, disable this diagnostic for that line. effect(schemaNumber)
src/git.ts(347,40): suggestion TS377098: This Schema number API accepts `NaN`, `Infinity`, and `-Infinity`. Use `Schema.Finite` for finite domain numbers. If non-finite values are intentional, disable this diagnostic for that line. effect(schemaNumber)
src/git.ts(348,40): suggestion TS377098: This Schema number API accepts `NaN`, `Infinity`, and `-Infinity`. Use `Schema.Finite` for finite domain numbers. If non-finite values are intentional, disable this diagnostic for that line. effect(schemaNumber)
src/git.ts(349,40): suggestion TS377098: This Schema number API accepts `NaN`, `Infinity`, and `-Infinity`. Use `Schema.Finite` for finite domain numbers. If non-finite values are intentional, disable this diagnostic for that line. effect(schemaNumber)
src/ipc.ts(334,15): suggestion TS377098: This Schema number API accepts `NaN`, `Infinity`, and `-Infinity`. Use `Schema.Finite` for finite domain numbers. If non-finite values are intentional, disable this diagnostic for that line. effect(schemaNumber)
src/ipc.ts(335,15): suggestion TS377098: This Schema number API accepts `NaN`, `Infinity`, and `-Infinity`. Use `Schema.Finite` for finite domain numbers. If non-finite values are intentional, disable this diagnostic for that line. effect(schemaNumber)
src/ipc.ts(336,19): suggestion TS377098: This Schema number API accepts `NaN`, `Infinity`, and `-Infinity`. Use `Schema.Finite` for finite domain numbers. If non-finite values are intentional, disable this diagnostic for that line. effect(schemaNumber)
src/ipc.ts(337,20): suggestion TS377098: This Schema number API accepts `NaN`, `Infinity`, and `-Infinity`. Use `Schema.Finite` for finite domain numbers. If non-finite values are intentional, disable this diagnostic for that line. effect(schemaNumber)
src/ipc.ts(341,23): suggestion TS377098: This Schema number API accepts `NaN`, `Infinity`, and `-Infinity`. Use `Schema.Finite` for finite domain numbers. If non-finite values are intentional, disable this diagnostic for that line. effect(schemaNumber)
src/ipc.ts(342,24): suggestion TS377098: This Schema number API accepts `NaN`, `Infinity`, and `-Infinity`. Use `Schema.Finite` for finite domain numbers. If non-finite values are intentional, disable this diagnostic for that line. effect(schemaNumber)
src/ipc.ts(387,22): suggestion TS377098: This Schema number API accepts `NaN`, `Infinity`, and `-Infinity`. Use `Schema.Finite` for finite domain numbers. If non-finite values are intentional, disable this diagnostic for that line. effect(schemaNumber)
src/ipc.ts(401,31): suggestion TS377098: This Schema number API accepts `NaN`, `Infinity`, and `-Infinity`. Use `Schema.Finite` for finite domain numbers. If non-finite values are intentional, disable this diagnostic for that line. effect(schemaNumber)
src/ipc.ts(402,41): suggestion TS377098: This Schema number API accepts `NaN`, `Infinity`, and `-Infinity`. Use `Schema.Finite` for finite domain numbers. If non-finite values are intentional, disable this diagnostic for that line. effect(schemaNumber)
src/ipc.ts(465,30): suggestion TS377098: This Schema number API accepts `NaN`, `Infinity`, and `-Infinity`. Use `Schema.Finite` for finite domain numbers. If non-finite values are intentional, disable this diagnostic for that line. effect(schemaNumber)
src/ipc.ts(480,30): suggestion TS377098: This Schema number API accepts `NaN`, `Infinity`, and `-Infinity`. Use `Schema.Finite` for finite domain numbers. If non-finite values are intentional, disable this diagnostic for that line. effect(schemaNumber)
src/ipc.ts(498,41): suggestion TS377098: This Schema number API accepts `NaN`, `Infinity`, and `-Infinity`. Use `Schema.Finite` for finite domain numbers. If non-finite values are intentional, disable this diagnostic for that line. effect(schemaNumber)
src/ipc.ts(586,30): suggestion TS377098: This Schema number API accepts `NaN`, `Infinity`, and `-Infinity`. Use `Schema.Finite` for finite domain numbers. If non-finite values are intentional, disable this diagnostic for that line. effect(schemaNumber)
src/ipc.ts(617,16): suggestion TS377098: This Schema number API accepts `NaN`, `Infinity`, and `-Infinity`. Use `Schema.Finite` for finite domain numbers. If non-finite values are intentional, disable this diagnostic for that line. effect(schemaNumber)
src/ipc.ts(765,18): suggestion TS377098: This Schema number API accepts `NaN`, `Infinity`, and `-Infinity`. Use `Schema.Finite` for finite domain numbers. If non-finite values are intentional, disable this diagnostic for that line. effect(schemaNumber)
src/ipc.ts(911,36): suggestion TS377098: This Schema number API accepts `NaN`, `Infinity`, and `-Infinity`. Use `Schema.Finite` for finite domain numbers. If non-finite values are intentional, disable this diagnostic for that line. effect(schemaNumber)
src/ipc.ts(912,38): suggestion TS377098: This Schema number API accepts `NaN`, `Infinity`, and `-Infinity`. Use `Schema.Finite` for finite domain numbers. If non-finite values are intentional, disable this diagnostic for that line. effect(schemaNumber)
src/ipc.ts(965,13): suggestion TS377098: This Schema number API accepts `NaN`, `Infinity`, and `-Infinity`. Use `Schema.Finite` for finite domain numbers. If non-finite values are intentional, disable this diagnostic for that line. effect(schemaNumber)
src/ipc.ts(966,13): suggestion TS377098: This Schema number API accepts `NaN`, `Infinity`, and `-Infinity`. Use `Schema.Finite` for finite domain numbers. If non-finite values are intentional, disable this diagnostic for that line. effect(schemaNumber)
src/ipc.ts(967,17): suggestion TS377098: This Schema number API accepts `NaN`, `Infinity`, and `-Infinity`. Use `Schema.Finite` for finite domain numbers. If non-finite values are intentional, disable this diagnostic for that line. effect(schemaNumber)
src/ipc.ts(968,18): suggestion TS377098: This Schema number API accepts `NaN`, `Infinity`, and `-Infinity`. Use `Schema.Finite` for finite domain numbers. If non-finite values are intentional, disable this diagnostic for that line. effect(schemaNumber)
src/ipc.ts(977,13): suggestion TS377098: This Schema number API accepts `NaN`, `Infinity`, and `-Infinity`. Use `Schema.Finite` for finite domain numbers. If non-finite values are intentional, disable this diagnostic for that line. effect(schemaNumber)
src/ipc.ts(978,13): suggestion TS377098: This Schema number API accepts `NaN`, `Infinity`, and `-Infinity`. Use `Schema.Finite` for finite domain numbers. If non-finite values are intentional, disable this diagnostic for that line. effect(schemaNumber)
src/ipc.ts(1017,19): suggestion TS377098: This Schema number API accepts `NaN`, `Infinity`, and `-Infinity`. Use `Schema.Finite` for finite domain numbers. If non-finite values are intentional, disable this diagnostic for that line. effect(schemaNumber)
src/ipc.ts(1049,19): suggestion TS377098: This Schema number API accepts `NaN`, `Infinity`, and `-Infinity`. Use `Schema.Finite` for finite domain numbers. If non-finite values are intentional, disable this diagnostic for that line. effect(schemaNumber)
src/ipc.ts(1050,20): suggestion TS377098: This Schema number API accepts `NaN`, `Infinity`, and `-Infinity`. Use `Schema.Finite` for finite domain numbers. If non-finite values are intentional, disable this diagnostic for that line. effect(schemaNumber)
src/ipc.ts(1117,38): suggestion TS377098: This Schema number API accepts `NaN`, `Infinity`, and `-Infinity`. Use `Schema.Finite` for finite domain numbers. If non-finite values are intentional, disable this diagnostic for that line. effect(schemaNumber)
src/preview.ts(341,25): suggestion TS377098: This Schema number API accepts `NaN`, `Infinity`, and `-Infinity`. Use `Schema.Finite` for finite domain numbers. If non-finite values are intentional, disable this diagnostic for that line. effect(schemaNumber)
src/previewAutomation.ts(495,13): suggestion TS377098: This Schema number API accepts `NaN`, `Infinity`, and `-Infinity`. Use `Schema.Finite` for finite domain numbers. If non-finite values are intentional, disable this diagnostic for that line. effect(schemaNumber)
src/previewAutomation.ts(496,13): suggestion TS377098: This Schema number API accepts `NaN`, `Infinity`, and `-Infinity`. Use `Schema.Finite` for finite domain numbers. If non-finite values are intentional, disable this diagnostic for that line. effect(schemaNumber)
src/previewAutomation.ts(497,17): suggestion TS377098: This Schema number API accepts `NaN`, `Infinity`, and `-Infinity`. Use `Schema.Finite` for finite domain numbers. If non-finite values are intentional, disable this diagnostic for that line. effect(schemaNumber)
src/previewAutomation.ts(498,18): suggestion TS377098: This Schema number API accepts `NaN`, `Infinity`, and `-Infinity`. Use `Schema.Finite` for finite domain numbers. If non-finite values are intentional, disable this diagnostic for that line. effect(schemaNumber)
src/previewAutomation.ts(513,32): suggestion TS377098: This Schema number API accepts `NaN`, `Infinity`, and `-Infinity`. Use `Schema.Finite` for finite domain numbers. If non-finite values are intentional, disable this diagnostic for that line. effect(schemaNumber)
src/providerRuntime.ts(409,40): suggestion TS377098: This Schema number API accepts `NaN`, `Infinity`, and `-Infinity`. Use `Schema.Finite` for finite domain numbers. If non-finite values are intentional, disable this diagnostic for that line. effect(schemaNumber)
src/providerRuntime.ts(774,42): suggestion TS377098: This Schema number API accepts `NaN`, `Infinity`, and `-Infinity`. Use `Schema.Finite` for finite domain numbers. If non-finite values are intentional, disable this diagnostic for that line. effect(schemaNumber)
src/providerUsageLimits.ts(24,23): suggestion TS377098: This Schema number API accepts `NaN`, `Infinity`, and `-Infinity`. Use `Schema.Finite` for finite domain numbers. If non-finite values are intentional, disable this diagnostic for that line. effect(schemaNumber)
src/pullRequest.test.ts(95,28): suggestion TS377112: This input is already assignable to the schema's Encoded type. Use `decodeSync` to preserve compile-time type checking instead of discarding the input type through `decodeUnknownSync`. effect(preferTypedSchemaDecoder)
src/pullRequest.ts(932,21): suggestion TS377098: This Schema number API accepts `NaN`, `Infinity`, and `-Infinity`. Use `Schema.Finite` for finite domain numbers. If non-finite values are intentional, disable this diagnostic for that line. effect(schemaNumber)
src/pullRequest.ts(933,21): suggestion TS377098: This Schema number API accepts `NaN`, `Infinity`, and `-Infinity`. Use `Schema.Finite` for finite domain numbers. If non-finite values are intentional, disable this diagnostic for that line. effect(schemaNumber)
src/relay.ts(496,24): suggestion TS377098: This Schema number API accepts `NaN`, `Infinity`, and `-Infinity`. Use `Schema.Finite` for finite domain numbers. If non-finite values are intentional, disable this diagnostic for that line. effect(schemaNumber)
src/relay.ts(877,36): suggestion TS377098: This Schema number API accepts `NaN`, `Infinity`, and `-Infinity`. Use `Schema.Finite` for finite domain numbers. If non-finite values are intentional, disable this diagnostic for that line. effect(schemaNumber)
src/resourceTelemetry.ts(12,40): suggestion TS377098: This Schema number API accepts `NaN`, `Infinity`, and `-Infinity`. Use `Schema.Finite` for finite domain numbers. If non-finite values are intentional, disable this diagnostic for that line. effect(schemaNumber)
src/resourceTelemetry.ts(81,22): suggestion TS377098: This Schema number API accepts `NaN`, `Infinity`, and `-Infinity`. Use `Schema.Finite` for finite domain numbers. If non-finite values are intentional, disable this diagnostic for that line. effect(schemaNumber)
src/resourceTelemetry.ts(250,22): suggestion TS377098: This Schema number API accepts `NaN`, `Infinity`, and `-Infinity`. Use `Schema.Finite` for finite domain numbers. If non-finite values are intentional, disable this diagnostic for that line. effect(schemaNumber)
src/resourceTelemetry.ts(251,51): suggestion TS377098: This Schema number API accepts `NaN`, `Infinity`, and `-Infinity`. Use `Schema.Finite` for finite domain numbers. If non-finite values are intentional, disable this diagnostic for that line. effect(schemaNumber)
src/resourceTelemetry.ts(252,32): suggestion TS377098: This Schema number API accepts `NaN`, `Infinity`, and `-Infinity`. Use `Schema.Finite` for finite domain numbers. If non-finite values are intentional, disable this diagnostic for that line. effect(schemaNumber)
src/resourceTelemetry.ts(270,53): suggestion TS377098: This Schema number API accepts `NaN`, `Infinity`, and `-Infinity`. Use `Schema.Finite` for finite domain numbers. If non-finite values are intentional, disable this diagnostic for that line. effect(schemaNumber)
src/resourceTelemetry.ts(378,22): suggestion TS377098: This Schema number API accepts `NaN`, `Infinity`, and `-Infinity`. Use `Schema.Finite` for finite domain numbers. If non-finite values are intentional, disable this diagnostic for that line. effect(schemaNumber)
src/resourceTelemetry.ts(385,32): suggestion TS377098: This Schema number API accepts `NaN`, `Infinity`, and `-Infinity`. Use `Schema.Finite` for finite domain numbers. If non-finite values are intentional, disable this diagnostic for that line. effect(schemaNumber)
src/resourceTelemetry.ts(386,33): suggestion TS377098: This Schema number API accepts `NaN`, `Infinity`, and `-Infinity`. Use `Schema.Finite` for finite domain numbers. If non-finite values are intentional, disable this diagnostic for that line. effect(schemaNumber)
src/resourceTelemetry.ts(388,51): suggestion TS377098: This Schema number API accepts `NaN`, `Infinity`, and `-Infinity`. Use `Schema.Finite` for finite domain numbers. If non-finite values are intentional, disable this diagnostic for that line. effect(schemaNumber)
src/resourceTelemetry.ts(397,29): suggestion TS377098: This Schema number API accepts `NaN`, `Infinity`, and `-Infinity`. Use `Schema.Finite` for finite domain numbers. If non-finite values are intentional, disable this diagnostic for that line. effect(schemaNumber)
src/resourceTelemetry.ts(403,32): suggestion TS377098: This Schema number API accepts `NaN`, `Infinity`, and `-Infinity`. Use `Schema.Finite` for finite domain numbers. If non-finite values are intentional, disable this diagnostic for that line. effect(schemaNumber)
src/resourceTelemetry.ts(404,33): suggestion TS377098: This Schema number API accepts `NaN`, `Infinity`, and `-Infinity`. Use `Schema.Finite` for finite domain numbers. If non-finite values are intentional, disable this diagnostic for that line. effect(schemaNumber)
src/resourceTelemetry.ts(460,43): suggestion TS377098: This Schema number API accepts `NaN`, `Infinity`, and `-Infinity`. Use `Schema.Finite` for finite domain numbers. If non-finite values are intentional, disable this diagnostic for that line. effect(schemaNumber)
src/resourceTelemetry.ts(475,25): suggestion TS377098: This Schema number API accepts `NaN`, `Infinity`, and `-Infinity`. Use `Schema.Finite` for finite domain numbers. If non-finite values are intentional, disable this diagnostic for that line. effect(schemaNumber)
src/resourceTelemetry.ts(476,25): suggestion TS377098: This Schema number API accepts `NaN`, `Infinity`, and `-Infinity`. Use `Schema.Finite` for finite domain numbers. If non-finite values are intentional, disable this diagnostic for that line. effect(schemaNumber)
src/resourceTelemetry.ts(493,29): suggestion TS377098: This Schema number API accepts `NaN`, `Infinity`, and `-Infinity`. Use `Schema.Finite` for finite domain numbers. If non-finite values are intentional, disable this diagnostic for that line. effect(schemaNumber)
src/resourceTelemetry.ts(494,25): suggestion TS377098: This Schema number API accepts `NaN`, `Infinity`, and `-Infinity`. Use `Schema.Finite` for finite domain numbers. If non-finite values are intentional, disable this diagnostic for that line. effect(schemaNumber)
src/resourceTelemetry.ts(495,25): suggestion TS377098: This Schema number API accepts `NaN`, `Infinity`, and `-Infinity`. Use `Schema.Finite` for finite domain numbers. If non-finite values are intentional, disable this diagnostic for that line. effect(schemaNumber)
src/review.ts(26,21): suggestion TS377098: This Schema number API accepts `NaN`, `Infinity`, and `-Infinity`. Use `Schema.Finite` for finite domain numbers. If non-finite values are intentional, disable this diagnostic for that line. effect(schemaNumber)
src/review.ts(27,21): suggestion TS377098: This Schema number API accepts `NaN`, `Infinity`, and `-Infinity`. Use `Schema.Finite` for finite domain numbers. If non-finite values are intentional, disable this diagnostic for that line. effect(schemaNumber)
src/rpc.test.ts(16,28): suggestion TS377112: This input is already assignable to the schema's Encoded type. Use `decodeExit` to preserve compile-time type checking instead of discarding the input type through `decodeUnknownExit`. effect(preferTypedSchemaDecoder)
src/rpc.test.ts(21,28): suggestion TS377112: This input is already assignable to the schema's Encoded type. Use `decodeSync` to preserve compile-time type checking instead of discarding the input type through `decodeUnknownSync`. effect(preferTypedSchemaDecoder)
src/rpc.test.ts(28,28): suggestion TS377112: This input is already assignable to the schema's Encoded type. Use `decodeSync` to preserve compile-time type checking instead of discarding the input type through `decodeUnknownSync`. effect(preferTypedSchemaDecoder)
src/server.ts(38,17): suggestion TS377098: This Schema number API accepts `NaN`, `Infinity`, and `-Infinity`. Use `Schema.Finite` for finite domain numbers. If non-finite values are intentional, disable this diagnostic for that line. effect(schemaNumber)
src/server.ts(281,27): suggestion TS377098: This Schema number API accepts `NaN`, `Infinity`, and `-Infinity`. Use `Schema.Finite` for finite domain numbers. If non-finite values are intentional, disable this diagnostic for that line. effect(schemaNumber)
src/server.ts(282,29): suggestion TS377098: This Schema number API accepts `NaN`, `Infinity`, and `-Infinity`. Use `Schema.Finite` for finite domain numbers. If non-finite values are intentional, disable this diagnostic for that line. effect(schemaNumber)
src/server.ts(283,25): suggestion TS377098: This Schema number API accepts `NaN`, `Infinity`, and `-Infinity`. Use `Schema.Finite` for finite domain numbers. If non-finite values are intentional, disable this diagnostic for that line. effect(schemaNumber)
src/server.ts(300,22): suggestion TS377098: This Schema number API accepts `NaN`, `Infinity`, and `-Infinity`. Use `Schema.Finite` for finite domain numbers. If non-finite values are intentional, disable this diagnostic for that line. effect(schemaNumber)
src/server.ts(309,22): suggestion TS377098: This Schema number API accepts `NaN`, `Infinity`, and `-Infinity`. Use `Schema.Finite` for finite domain numbers. If non-finite values are intentional, disable this diagnostic for that line. effect(schemaNumber)
src/server.ts(363,22): suggestion TS377098: This Schema number API accepts `NaN`, `Infinity`, and `-Infinity`. Use `Schema.Finite` for finite domain numbers. If non-finite values are intentional, disable this diagnostic for that line. effect(schemaNumber)
src/server.ts(377,27): suggestion TS377098: This Schema number API accepts `NaN`, `Infinity`, and `-Infinity`. Use `Schema.Finite` for finite domain numbers. If non-finite values are intentional, disable this diagnostic for that line. effect(schemaNumber)
src/server.ts(396,25): suggestion TS377098: This Schema number API accepts `NaN`, `Infinity`, and `-Infinity`. Use `Schema.Finite` for finite domain numbers. If non-finite values are intentional, disable this diagnostic for that line. effect(schemaNumber)
src/server.ts(397,25): suggestion TS377098: This Schema number API accepts `NaN`, `Infinity`, and `-Infinity`. Use `Schema.Finite` for finite domain numbers. If non-finite values are intentional, disable this diagnostic for that line. effect(schemaNumber)
src/server.ts(412,29): suggestion TS377098: This Schema number API accepts `NaN`, `Infinity`, and `-Infinity`. Use `Schema.Finite` for finite domain numbers. If non-finite values are intentional, disable this diagnostic for that line. effect(schemaNumber)
src/server.ts(413,25): suggestion TS377098: This Schema number API accepts `NaN`, `Infinity`, and `-Infinity`. Use `Schema.Finite` for finite domain numbers. If non-finite values are intentional, disable this diagnostic for that line. effect(schemaNumber)
src/server.ts(414,25): suggestion TS377098: This Schema number API accepts `NaN`, `Infinity`, and `-Infinity`. Use `Schema.Finite` for finite domain numbers. If non-finite values are intentional, disable this diagnostic for that line. effect(schemaNumber)
src/server.ts(415,28): suggestion TS377098: This Schema number API accepts `NaN`, `Infinity`, and `-Infinity`. Use `Schema.Finite` for finite domain numbers. If non-finite values are intentional, disable this diagnostic for that line. effect(schemaNumber)
src/server.ts(438,33): suggestion TS377098: This Schema number API accepts `NaN`, `Infinity`, and `-Infinity`. Use `Schema.Finite` for finite domain numbers. If non-finite values are intentional, disable this diagnostic for that line. effect(schemaNumber)
src/settings.ts(80,50): suggestion TS377098: This Schema number API accepts `NaN`, `Infinity`, and `-Infinity`. Use `Schema.Finite` for finite domain numbers. If non-finite values are intentional, disable this diagnostic for that line. effect(schemaNumber)
src/settings.ts(1076,29): suggestion TS377112: This input is already assignable to the schema's Encoded type. Use `decodeSync` to preserve compile-time type checking instead of discarding the input type through `decodeUnknownSync`. effect(preferTypedSchemaDecoder)
src/terminal.ts(346,25): suggestion TS377098: This Schema number API accepts `NaN`, `Infinity`, and `-Infinity`. Use `Schema.Finite` for finite domain numbers. If non-finite values are intentional, disable this diagnostic for that line. effect(schemaNumber)
src/terminal.ts(360,25): suggestion TS377098: This Schema number API accepts `NaN`, `Infinity`, and `-Infinity`. Use `Schema.Finite` for finite domain numbers. If non-finite values are intentional, disable this diagnostic for that line. effect(schemaNumber)
src/usage.ts(97,19): suggestion TS377098: This Schema number API accepts `NaN`, `Infinity`, and `-Infinity`. Use `Schema.Finite` for finite domain numbers. If non-finite values are intentional, disable this diagnostic for that line. effect(schemaNumber)
src/usage.ts(103,27): suggestion TS377098: This Schema number API accepts `NaN`, `Infinity`, and `-Infinity`. Use `Schema.Finite` for finite domain numbers. If non-finite values are intentional, disable this diagnostic for that line. effect(schemaNumber)
src/usage.ts(192,27): suggestion TS377098: This Schema number API accepts `NaN`, `Infinity`, and `-Infinity`. Use `Schema.Finite` for finite domain numbers. If non-finite values are intentional, disable this diagnostic for that line. effect(schemaNumber)
src/vcs.ts(119,22): suggestion TS377098: This Schema number API accepts `NaN`, `Infinity`, and `-Infinity`. Use `Schema.Finite` for finite domain numbers. If non-finite values are intentional, disable this diagnostic for that line. effect(schemaNumber)
src/vcs.ts(166,23): suggestion TS377098: This Schema number API accepts `NaN`, `Infinity`, and `-Infinity`. Use `Schema.Finite` for finite domain numbers. If non-finite values are intentional, disable this diagnostic for that line. effect(schemaNumber)

~/packages/client-runtime$ tsc --noEmit ⊘ cache disabled
src/authorization/layer.test.ts(202,21): suggestion TS377117: `Effect.succeedSome` expresses this Option success value directly. effect(preferSucceedSomeOrNone)
src/authorization/tokenStore.ts(19,28): suggestion TS377098: This Schema number API accepts `NaN`, `Infinity`, and `-Infinity`. Use `Schema.Finite` for finite domain numbers. If non-finite values are intentional, disable this diagnostic for that line. effect(schemaNumber)
src/connection/registry.test.ts(278,48): suggestion TS377117: `Effect.succeedNone` expresses this Option success value directly. effect(preferSucceedSomeOrNone)
src/connection/registry.test.ts(281,29): suggestion TS377117: `Effect.succeedNone` expresses this Option success value directly. effect(preferSucceedSomeOrNone)
src/connection/registry.test.ts(283,24): suggestion TS377117: `Effect.succeedNone` expresses this Option success value directly. effect(preferSucceedSomeOrNone)
src/connection/resolver.ts(113,28): suggestion TS377118: `Effect.fromOption` expresses this Option-to-Effect conversion more directly than `Option.match` or an Option tag conditional. effect(optionMatchToFromOption)
src/connection/resolver.ts(189,28): suggestion TS377118: `Effect.fromOption` expresses this Option-to-Effect conversion more directly than `Option.match` or an Option tag conditional. effect(optionMatchToFromOption)
src/connection/supervisor.test.ts(1293,25): suggestion TS377117: `Effect.succeedSome` expresses this Option success value directly. effect(preferSucceedSomeOrNone)
src/connection/supervisor.test.ts(1297,25): suggestion TS377117: `Effect.succeedNone` expresses this Option success value directly. effect(preferSucceedSomeOrNone)
src/connection/supervisor.ts(609,19): suggestion TS377121: This Effect first-completion race has exactly one sleep- or delay-based timer arm. `Effect.timeoutOrElse` expresses the timeout and fallback directly. effect(raceFirstWithSleepToTimeout)
src/platform/storageDocument.test.ts(210,29): suggestion TS377112: This input is already assignable to the schema's Encoded type. Use `decodeSync` to preserve compile-time type checking instead of discarding the input type through `decodeUnknownSync`. effect(preferTypedSchemaDecoder)
src/relay/discovery.test.ts(137,15): suggestion TS377120: `Effect.filterOrFail` expresses this conditional validation more directly than `Effect.flatMap` with an identity `Effect.succeed` branch. effect(flatMapConditionalToFilterOrFail)
src/relay/discovery.test.ts(292,25): suggestion TS377117: `Effect.succeedSome` expresses this Option success value directly. effect(preferSucceedSomeOrNone)
src/relay/discovery.ts(244,16): suggestion TS377019: This `yield* Effect.fail(...)` passes a yieldable error value. `yield*` represents that value directly without wrapping it in `Effect.fail`. effect(unnecessaryFailYieldableError)
src/relay/managedRelay.ts(122,23): suggestion TS377098: This Schema number API accepts `NaN`, `Infinity`, and `-Infinity`. Use `Schema.Finite` for finite domain numbers. If non-finite values are intentional, disable this diagnostic for that line. effect(schemaNumber)
src/relay/managedRelay.ts(669,13): suggestion TS377116: `Effect.catchIf` expresses selective recovery more directly than `Effect.catch` with a conditional `Effect.fail` passthrough. effect(catchConditionalRefailToCatchIf)
src/relay/managedRelayState.ts(183,5): suggestion TS377120: `Effect.filterOrFail` expresses this conditional validation more directly than `Effect.flatMap` with an identity `Effect.succeed` branch. effect(flatMapConditionalToFilterOrFail)
src/rpc/session.test.ts(157,43): suggestion TS377098: This Schema number API accepts `NaN`, `Infinity`, and `-Infinity`. Use `Schema.Finite` for finite domain numbers. If non-finite values are intentional, disable this diagnostic for that line. effect(schemaNumber)
src/rpc/session.test.ts(163,26): suggestion TS377036: This `Schema.Struct` includes a `_tag` field. `Schema.TaggedStruct` is the tagged-struct form for this pattern and makes the tag optional in the constructor. effect(schemaStructWithTag)
src/rpc/session.test.ts(825,30): suggestion TS377117: `Effect.succeedNone` expresses this Option success value directly. effect(preferSucceedSomeOrNone)
src/rpc/session.test.ts(827,31): suggestion TS377117: `Effect.succeedNone` expresses this Option success value directly. effect(preferSucceedSomeOrNone)
src/rpc/session.test.ts(830,37): suggestion TS377117: `Effect.succeedNone` expresses this Option success value directly. effect(preferSucceedSomeOrNone)
src/rpc/session.test.ts(832,32): suggestion TS377117: `Effect.succeedNone` expresses this Option success value directly. effect(preferSucceedSomeOrNone)
src/rpc/session.ts(294,7): suggestion TS377120: `Effect.filterOrElse` expresses this conditional validation more directly than `Effect.flatMap` with an identity `Effect.succeed` branch. effect(flatMapConditionalToFilterOrFail)
src/state/pullRequestDiffHttp.ts(28,20): suggestion TS377098: This Schema number API accepts `NaN`, `Infinity`, and `-Infinity`. Use `Schema.Finite` for finite domain numbers. If non-finite values are intentional, disable this diagnostic for that line. effect(schemaNumber)
src/state/pullRequestRouting.ts(341,11): suggestion TS377116: `Effect.catchIf` expresses selective recovery more directly than `Effect.catch` with a conditional `Effect.fail` passthrough. effect(catchConditionalRefailToCatchIf)
src/state/pullRequests.test.ts(1096,22): suggestion TS377019: This `yield* Effect.fail(...)` passes a yieldable error value. `yield*` represents that value directly without wrapping it in `Effect.fail`. effect(unnecessaryFailYieldableError)
src/state/server.test.ts(781,26): suggestion TS377117: `Effect.succeedNone` expresses this Option success value directly. effect(preferSucceedSomeOrNone)
src/state/server.test.ts(783,27): suggestion TS377117: `Effect.succeedNone` expresses this Option success value directly. effect(preferSucceedSomeOrNone)
src/state/server.test.ts(786,33): suggestion TS377117: `Effect.succeedSome` expresses this Option success value directly. effect(preferSucceedSomeOrNone)
src/state/server.test.ts(788,28): suggestion TS377117: `Effect.succeedNone` expresses this Option success value directly. effect(preferSucceedSomeOrNone)
src/state/server.test.ts(842,26): suggestion TS377117: `Effect.succeedNone` expresses this Option success value directly. effect(preferSucceedSomeOrNone)
src/state/server.test.ts(844,27): suggestion TS377117: `Effect.succeedNone` expresses this Option success value directly. effect(preferSucceedSomeOrNone)
src/state/server.test.ts(847,33): suggestion TS377117: `Effect.succeedSome` expresses this Option success value directly. effect(preferSucceedSomeOrNone)
src/state/server.test.ts(849,28): suggestion TS377117: `Effect.succeedNone` expresses this Option success value directly. effect(preferSucceedSomeOrNone)
src/state/serverUsage.test.ts(128,22): suggestion TS377117: `Effect.succeedNone` expresses this Option success value directly. effect(preferSucceedSomeOrNone)
src/state/serverUsage.test.ts(130,23): suggestion TS377117: `Effect.succeedNone` expresses this Option success value directly. effect(preferSucceedSomeOrNone)
src/state/serverUsage.test.ts(133,29): suggestion TS377117: `Effect.succeedNone` expresses this Option success value directly. effect(preferSucceedSomeOrNone)
src/state/serverUsage.test.ts(135,24): suggestion TS377117: `Effect.succeedNone` expresses this Option success value directly. effect(preferSucceedSomeOrNone)
src/state/session.ts(23,5): suggestion TS377114: `Effect.asSome` expresses wrapping the success value in `Option.some` directly. effect(mapSomeToAsSome)
src/state/shell-sync.test.ts(83,26): suggestion TS377117: `Effect.succeedNone` expresses this Option success value directly. effect(preferSucceedSomeOrNone)
src/state/shell-sync.test.ts(85,27): suggestion TS377117: `Effect.succeedNone` expresses this Option success value directly. effect(preferSucceedSomeOrNone)
src/state/shell-sync.test.ts(88,33): suggestion TS377117: `Effect.succeedNone` expresses this Option success value directly. effect(preferSucceedSomeOrNone)
src/state/shell-sync.test.ts(90,28): suggestion TS377117: `Effect.succeedNone` expresses this Option success value directly. effect(preferSucceedSomeOrNone)
src/state/shell-sync.test.ts(99,21): suggestion TS377117: `Effect.succeedNone` expresses this Option success value directly. effect(preferSucceedSomeOrNone)
src/state/shell-sync.test.ts(179,26): suggestion TS377117: `Effect.succeedNone` expresses this Option success value directly. effect(preferSucceedSomeOrNone)
src/state/shell-sync.test.ts(181,27): suggestion TS377117: `Effect.succeedNone` expresses this Option success value directly. effect(preferSucceedSomeOrNone)
src/state/shell-sync.test.ts(184,33): suggestion TS377117: `Effect.succeedNone` expresses this Option success value directly. effect(preferSucceedSomeOrNone)
src/state/shell-sync.test.ts(186,28): suggestion TS377117: `Effect.succeedNone` expresses this Option success value directly. effect(preferSucceedSomeOrNone)
src/state/shell-sync.test.ts(197,48): suggestion TS377117: `Effect.succeedNone` expresses this Option success value directly. effect(preferSucceedSomeOrNone)
src/state/shell-sync.test.ts(287,26): suggestion TS377117: `Effect.succeedSome` expresses this Option success value directly. effect(preferSucceedSomeOrNone)
src/state/shell-sync.test.ts(289,27): suggestion TS377117: `Effect.succeedNone` expresses this Option success value directly. effect(preferSucceedSomeOrNone)
src/state/shell-sync.test.ts(292,33): suggestion TS377117: `Effect.succeedNone` expresses this Option success value directly. effect(preferSucceedSomeOrNone)
src/state/shell-sync.test.ts(294,28): suggestion TS377117: `Effect.succeedNone` expresses this Option success value directly. effect(preferSucceedSomeOrNone)
src/state/shell-sync.test.ts(367,26): suggestion TS377117: `Effect.succeedSome` expresses this Option success value directly. effect(preferSucceedSomeOrNone)
src/state/shell-sync.test.ts(369,27): suggestion TS377117: `Effect.succeedNone` expresses this Option success value directly. effect(preferSucceedSomeOrNone)
src/state/shell-sync.test.ts(372,33): suggestion TS377117: `Effect.succeedNone` expresses this Option success value directly. effect(preferSucceedSomeOrNone)
src/state/shell-sync.test.ts(374,28): suggestion TS377117: `Effect.succeedNone` expresses this Option success value directly. effect(preferSucceedSomeOrNone)
src/state/sourceControl.test.ts(104,28): suggestion TS377117: `Effect.succeedNone` expresses this Option success value directly. effect(preferSucceedSomeOrNone)
src/state/sourceControl.test.ts(106,29): suggestion TS377117: `Effect.succeedNone` expresses this Option success value directly. effect(preferSucceedSomeOrNone)
src/state/sourceControl.test.ts(109,35): suggestion TS377117: `Effect.succeedNone` expresses this Option success value directly. effect(preferSucceedSomeOrNone)
src/state/sourceControl.test.ts(111,30): suggestion TS377117: `Effect.succeedNone` expresses this Option success value directly. effect(preferSucceedSomeOrNone)
src/state/threads-atoms.test.ts(203,28): suggestion TS377117: `Effect.succeedNone` expresses this Option success value directly. effect(preferSucceedSomeOrNone)
src/state/threads-atoms.test.ts(212,35): suggestion TS377117: `Effect.succeedNone` expresses this Option success value directly. effect(preferSucceedSomeOrNone)
src/state/threads-atoms.test.ts(214,30): suggestion TS377117: `Effect.succeedNone` expresses this Option success value directly. effect(preferSucceedSomeOrNone)
src/state/threads-pagination.test.ts(200,22): suggestion TS377117: `Effect.succeedNone` expresses this Option success value directly. effect(preferSucceedSomeOrNone)
src/state/threads-pagination.test.ts(207,29): suggestion TS377117: `Effect.succeedNone` expresses this Option success value directly. effect(preferSucceedSomeOrNone)
src/state/threads-pagination.test.ts(209,24): suggestion TS377117: `Effect.succeedNone` expresses this Option success value directly. effect(preferSucceedSomeOrNone)
src/state/threads-sync.test.ts(219,22): suggestion TS377117: `Effect.succeedNone` expresses this Option success value directly. effect(preferSucceedSomeOrNone)
src/state/threads-sync.test.ts(237,29): suggestion TS377117: `Effect.succeedNone` expresses this Option success value directly. effect(preferSucceedSomeOrNone)
src/state/threads-sync.test.ts(239,24): suggestion TS377117: `Effect.succeedNone` expresses this Option success value directly. effect(preferSucceedSomeOrNone)
src/state/vcs.test.ts(101,22): suggestion TS377117: `Effect.succeedNone` expresses this Option success value directly. effect(preferSucceedSomeOrNone)
src/state/vcs.test.ts(103,23): suggestion TS377117: `Effect.succeedNone` expresses this Option success value directly. effect(preferSucceedSomeOrNone)
src/state/vcs.test.ts(106,29): suggestion TS377117: `Effect.succeedNone` expresses this Option success value directly. effect(preferSucceedSomeOrNone)
src/state/vcsAction.test.ts(102,22): suggestion TS377117: `Effect.succeedNone` expresses this Option success value directly. effect(preferSucceedSomeOrNone)
src/state/vcsAction.test.ts(104,23): suggestion TS377117: `Effect.succeedNone` expresses this Option success value directly. effect(preferSucceedSomeOrNone)
src/state/vcsAction.test.ts(107,29): suggestion TS377117: `Effect.succeedNone` expresses this Option success value directly. effect(preferSucceedSomeOrNone)
src/state/vcsAction.test.ts(109,24): suggestion TS377117: `Effect.succeedNone` expresses this Option success value directly. effect(preferSucceedSomeOrNone)
src/state/vcsAction.ts(107,33): suggestion TS377098: This Schema number API accepts `NaN`, `Infinity`, and `-Infinity`. Use `Schema.Finite` for finite domain numbers. If non-finite values are intentional, disable this diagnostic for that line. effect(schemaNumber)
src/state/vcsAction.ts(134,23): suggestion TS377098: This Schema number API accepts `NaN`, `Infinity`, and `-Infinity`. Use `Schema.Finite` for finite domain numbers. If non-finite values are intentional, disable this diagnostic for that line. effect(schemaNumber)

~/apps/web$ tsc --noEmit ⊘ cache disabled
~/apps/mobile$ tsc --noEmit ⊘ cache disabled
~/apps/desktop$ tsc --noEmit ⊘ cache disabled
src/app/DesktopAppIdentity.test.ts(80,32): suggestion TS377117: `Effect.succeedNone` expresses this Option success value directly. effect(preferSucceedSomeOrNone)
src/app/DesktopConnectionCatalogStore.test.ts(43,29): suggestion TS377117: `Effect.succeedNone` expresses this Option success value directly. effect(preferSucceedSomeOrNone)
src/app/DesktopConnectionCatalogStore.ts(208,13): suggestion TS377114: `Effect.asSome` expresses wrapping the success value in `Option.some` directly. effect(mapSomeToAsSome)
src/app/DesktopLinuxUrlHandler.ts(31,41): suggestion TS377098: This Schema number API accepts `NaN`, `Infinity`, and `-Infinity`. Use `Schema.Finite` for finite domain numbers. If non-finite values are intentional, disable this diagnostic for that line. effect(schemaNumber)
src/app/DesktopObservability.ts(108,19): suggestion TS377098: This Schema number API accepts `NaN`, `Infinity`, and `-Infinity`. Use `Schema.Finite` for finite domain numbers. If non-finite values are intentional, disable this diagnostic for that line. effect(schemaNumber)
src/backend/DesktopBackendConfiguration.ts(197,5): suggestion TS377114: `Effect.asSome` expresses wrapping the success value in `Option.some` directly. effect(mapSomeToAsSome)
src/backend/DesktopBackendConfiguration.ts(201,13): suggestion TS377117: `Effect.succeedNone` expresses this Option success value directly. effect(preferSucceedSomeOrNone)
src/backend/DesktopBackendManager.test.ts(165,15): suggestion TS377117: `Effect.succeedNone` expresses this Option success value directly. effect(preferSucceedSomeOrNone)
src/backend/DesktopBackendManager.test.ts(1550,22): suggestion TS377117: `Effect.succeedNone` expresses this Option success value directly. effect(preferSucceedSomeOrNone)
src/backend/DesktopBackendManager.ts(137,23): suggestion TS377098: This Schema number API accepts `NaN`, `Infinity`, and `-Infinity`. Use `Schema.Finite` for finite domain numbers. If non-finite values are intentional, disable this diagnostic for that line. effect(schemaNumber)
src/backend/DesktopBackendManager.ts(174,17): suggestion TS377098: This Schema number API accepts `NaN`, `Infinity`, and `-Infinity`. Use `Schema.Finite` for finite domain numbers. If non-finite values are intentional, disable this diagnostic for that line. effect(schemaNumber)
src/backend/DesktopBackendManager.ts(188,17): suggestion TS377098: This Schema number API accepts `NaN`, `Infinity`, and `-Infinity`. Use `Schema.Finite` for finite domain numbers. If non-finite values are intentional, disable this diagnostic for that line. effect(schemaNumber)
src/backend/DesktopBackendManager.ts(190,29): suggestion TS377098: This Schema number API accepts `NaN`, `Infinity`, and `-Infinity`. Use `Schema.Finite` for finite domain numbers. If non-finite values are intentional, disable this diagnostic for that line. effect(schemaNumber)
src/backend/DesktopBackendManager.ts(207,17): suggestion TS377098: This Schema number API accepts `NaN`, `Infinity`, and `-Infinity`. Use `Schema.Finite` for finite domain numbers. If non-finite values are intentional, disable this diagnostic for that line. effect(schemaNumber)
src/backend/DesktopBackendPool.test.ts(70,19): suggestion TS377117: `Effect.succeedNone` expresses this Option success value directly. effect(preferSucceedSomeOrNone)
src/backend/DesktopBackendPool.test.ts(139,7): suggestion TS377017: This Effect.gen contains a single return statement. effect(unnecessaryEffectGen)
src/backend/DesktopLocalEnvironmentAuth.test.ts(63,28): suggestion TS377117: `Effect.succeedSome` expresses this Option success value directly. effect(preferSucceedSomeOrNone)
src/backend/DesktopServerExposure.ts(211,18): suggestion TS377098: This Schema number API accepts `NaN`, `Infinity`, and `-Infinity`. Use `Schema.Finite` for finite domain numbers. If non-finite values are intentional, disable this diagnostic for that line. effect(schemaNumber)
src/backend/DesktopServerExposure.ts(235,32): suggestion TS377098: This Schema number API accepts `NaN`, `Infinity`, and `-Infinity`. Use `Schema.Finite` for finite domain numbers. If non-finite values are intentional, disable this diagnostic for that line. effect(schemaNumber)
src/electron/ElectronDialog.ts(12,41): suggestion TS377098: This Schema number API accepts `NaN`, `Infinity`, and `-Infinity`. Use `Schema.Finite` for finite domain numbers. If non-finite values are intentional, disable this diagnostic for that line. effect(schemaNumber)
src/electron/ElectronDialog.ts(27,41): suggestion TS377098: This Schema number API accepts `NaN`, `Infinity`, and `-Infinity`. Use `Schema.Finite` for finite domain numbers. If non-finite values are intentional, disable this diagnostic for that line. effect(schemaNumber)
src/electron/ElectronDialog.ts(43,39): suggestion TS377098: This Schema number API accepts `NaN`, `Infinity`, and `-Infinity`. Use `Schema.Finite` for finite domain numbers. If non-finite values are intentional, disable this diagnostic for that line. effect(schemaNumber)
src/electron/ElectronDialog.ts(44,27): suggestion TS377098: This Schema number API accepts `NaN`, `Infinity`, and `-Infinity`. Use `Schema.Finite` for finite domain numbers. If non-finite values are intentional, disable this diagnostic for that line. effect(schemaNumber)
src/electron/ElectronDialog.ts(45,40): suggestion TS377098: This Schema number API accepts `NaN`, `Infinity`, and `-Infinity`. Use `Schema.Finite` for finite domain numbers. If non-finite values are intentional, disable this diagnostic for that line. effect(schemaNumber)
src/electron/ElectronDialog.ts(46,25): suggestion TS377098: This Schema number API accepts `NaN`, `Infinity`, and `-Infinity`. Use `Schema.Finite` for finite domain numbers. If non-finite values are intentional, disable this diagnostic for that line. effect(schemaNumber)
src/electron/ElectronDialog.ts(59,25): suggestion TS377098: This Schema number API accepts `NaN`, `Infinity`, and `-Infinity`. Use `Schema.Finite` for finite domain numbers. If non-finite values are intentional, disable this diagnostic for that line. effect(schemaNumber)
src/electron/ElectronDialog.ts(60,27): suggestion TS377098: This Schema number API accepts `NaN`, `Infinity`, and `-Infinity`. Use `Schema.Finite` for finite domain numbers. If non-finite values are intentional, disable this diagnostic for that line. effect(schemaNumber)
src/electron/ElectronMenu.ts(39,36): suggestion TS377098: This Schema number API accepts `NaN`, `Infinity`, and `-Infinity`. Use `Schema.Finite` for finite domain numbers. If non-finite values are intentional, disable this diagnostic for that line. effect(schemaNumber)
src/electron/ElectronMenu.ts(40,23): suggestion TS377098: This Schema number API accepts `NaN`, `Infinity`, and `-Infinity`. Use `Schema.Finite` for finite domain numbers. If non-finite values are intentional, disable this diagnostic for that line. effect(schemaNumber)
src/electron/ElectronMenu.ts(227,18): suggestion TS377117: `Effect.succeedNone` expresses this Option success value directly. effect(preferSucceedSomeOrNone)
src/electron/ElectronWindow.ts(46,31): suggestion TS377098: This Schema number API accepts `NaN`, `Infinity`, and `-Infinity`. Use `Schema.Finite` for finite domain numbers. If non-finite values are intentional, disable this diagnostic for that line. effect(schemaNumber)
src/electron/ElectronWindow.ts(47,32): suggestion TS377098: This Schema number API accepts `NaN`, `Infinity`, and `-Infinity`. Use `Schema.Finite` for finite domain numbers. If non-finite values are intentional, disable this diagnostic for that line. effect(schemaNumber)
src/electron/ElectronWindow.ts(48,34): suggestion TS377098: This Schema number API accepts `NaN`, `Infinity`, and `-Infinity`. Use `Schema.Finite` for finite domain numbers. If non-finite values are intentional, disable this diagnostic for that line. effect(schemaNumber)
src/electron/ElectronWindow.ts(49,35): suggestion TS377098: This Schema number API accepts `NaN`, `Infinity`, and `-Infinity`. Use `Schema.Finite` for finite domain numbers. If non-finite values are intentional, disable this diagnostic for that line. effect(schemaNumber)
src/electron/ElectronWindow.ts(97,36): suggestion TS377098: This Schema number API accepts `NaN`, `Infinity`, and `-Infinity`. Use `Schema.Finite` for finite domain numbers. If non-finite values are intentional, disable this diagnostic for that line. effect(schemaNumber)
src/ipc/methods/serverExposure.ts(16,35): suggestion TS377098: This Schema number API accepts `NaN`, `Infinity`, and `-Infinity`. Use `Schema.Finite` for finite domain numbers. If non-finite values are intentional, disable this diagnostic for that line. effect(schemaNumber)
src/ipc/methods/snapShot.test.ts(54,19): suggestion TS377117: `Effect.succeedSome` expresses this Option success value directly. effect(preferSucceedSomeOrNone)
src/ipc/methods/snapShot.test.ts(90,19): suggestion TS377117: `Effect.succeedSome` expresses this Option success value directly. effect(preferSucceedSomeOrNone)
src/ipc/methods/snapShot.test.ts(123,19): suggestion TS377117: `Effect.succeedSome` expresses this Option success value directly. effect(preferSucceedSomeOrNone)
src/ipc/methods/snapShot.test.ts(159,17): suggestion TS377117: `Effect.succeedSome` expresses this Option success value directly. effect(preferSucceedSomeOrNone)
src/ipc/methods/snapShot.test.ts(223,17): suggestion TS377117: `Effect.succeedSome` expresses this Option success value directly. effect(preferSucceedSomeOrNone)
src/ipc/methods/snapShot.test.ts(259,17): suggestion TS377117: `Effect.succeedSome` expresses this Option success value directly. effect(preferSucceedSomeOrNone)
src/ipc/methods/snapShot.test.ts(280,19): suggestion TS377117: `Effect.succeedSome` expresses this Option success value directly. effect(preferSucceedSomeOrNone)
src/ipc/methods/snapShot.test.ts(298,17): suggestion TS377117: `Effect.succeedSome` expresses this Option success value directly. effect(preferSucceedSomeOrNone)
src/ipc/methods/snapShot.test.ts(323,17): suggestion TS377117: `Effect.succeedSome` expresses this Option success value directly. effect(preferSucceedSomeOrNone)
src/ipc/methods/sshEnvironment.ts(140,7): suggestion TS377116: `Effect.catchIf` expresses selective recovery more directly than `Effect.catch` with a conditional `Effect.fail` passthrough. effect(catchConditionalRefailToCatchIf)
src/ipc/methods/window.test.ts(59,18): suggestion TS377117: `Effect.succeedSome` expresses this Option success value directly. effect(preferSucceedSomeOrNone)
src/ipc/methods/window.test.ts(99,22): suggestion TS377117: `Effect.succeedSome` expresses this Option success value directly. effect(preferSucceedSomeOrNone)
src/ipc/methods/window.test.ts(126,22): suggestion TS377117: `Effect.succeedSome` expresses this Option success value directly. effect(preferSucceedSomeOrNone)
src/ipc/methods/window.test.ts(161,31): suggestion TS377117: `Effect.succeedSome` expresses this Option success value directly. effect(preferSucceedSomeOrNone)
src/ipc/methods/window.test.ts(204,19): suggestion TS377117: `Effect.succeedSome` expresses this Option success value directly. effect(preferSucceedSomeOrNone)
src/ipc/methods/window.test.ts(217,29): suggestion TS377117: `Effect.succeedNone` expresses this Option success value directly. effect(preferSucceedSomeOrNone)
src/ipc/methods/window.ts(49,13): suggestion TS377098: This Schema number API accepts `NaN`, `Infinity`, and `-Infinity`. Use `Schema.Finite` for finite domain numbers. If non-finite values are intentional, disable this diagnostic for that line. effect(schemaNumber)
src/ipc/methods/window.ts(50,13): suggestion TS377098: This Schema number API accepts `NaN`, `Infinity`, and `-Infinity`. Use `Schema.Finite` for finite domain numbers. If non-finite values are intentional, disable this diagnostic for that line. effect(schemaNumber)
src/ipc/methods/wsl.test.ts(37,27): suggestion TS377117: `Effect.succeedNone` expresses this Option success value directly. effect(preferSucceedSomeOrNone)
src/preview/BrowserImport/ChromiumCookies.ts(85,27): suggestion TS377098: This Schema number API accepts `NaN`, `Infinity`, and `-Infinity`. Use `Schema.Finite` for finite domain numbers. If non-finite values are intentional, disable this diagnostic for that line. effect(schemaNumber)
src/preview/BrowserImport/ChromiumCookies.ts(86,21): suggestion TS377098: This Schema number API accepts `NaN`, `Infinity`, and `-Infinity`. Use `Schema.Finite` for finite domain numbers. If non-finite values are intentional, disable this diagnostic for that line. effect(schemaNumber)
src/preview/BrowserImport/ChromiumCookies.ts(87,23): suggestion TS377098: This Schema number API accepts `NaN`, `Infinity`, and `-Infinity`. Use `Schema.Finite` for finite domain numbers. If non-finite values are intentional, disable this diagnostic for that line. effect(schemaNumber)
src/preview/BrowserImport/ChromiumCookies.ts(88,20): suggestion TS377098: This Schema number API accepts `NaN`, `Infinity`, and `-Infinity`. Use `Schema.Finite` for finite domain numbers. If non-finite values are intentional, disable this diagnostic for that line. effect(schemaNumber)
src/preview/BrowserImport/ChromiumKeys.ts(318,11): suggestion TS377116: `Effect.catchIf` expresses selective recovery more directly than `Effect.catch` with a conditional `Effect.fail` passthrough. effect(catchConditionalRefailToCatchIf)
src/preview/BrowserImport/FirefoxCookies.ts(91,18): suggestion TS377098: This Schema number API accepts `NaN`, `Infinity`, and `-Infinity`. Use `Schema.Finite` for finite domain numbers. If non-finite values are intentional, disable this diagnostic for that line. effect(schemaNumber)
src/preview/BrowserImport/FirefoxCookies.ts(92,20): suggestion TS377098: This Schema number API accepts `NaN`, `Infinity`, and `-Infinity`. Use `Schema.Finite` for finite domain numbers. If non-finite values are intentional, disable this diagnostic for that line. effect(schemaNumber)
src/preview/BrowserImport/FirefoxCookies.ts(93,22): suggestion TS377098: This Schema number API accepts `NaN`, `Infinity`, and `-Infinity`. Use `Schema.Finite` for finite domain numbers. If non-finite values are intentional, disable this diagnostic for that line. effect(schemaNumber)
src/preview/BrowserImport/FirefoxCookies.ts(94,34): suggestion TS377098: This Schema number API accepts `NaN`, `Infinity`, and `-Infinity`. Use `Schema.Finite` for finite domain numbers. If non-finite values are intentional, disable this diagnostic for that line. effect(schemaNumber)
src/preview/BrowserImport/FirefoxCookies.ts(96,37): suggestion TS377098: This Schema number API accepts `NaN`, `Infinity`, and `-Infinity`. Use `Schema.Finite` for finite domain numbers. If non-finite values are intentional, disable this diagnostic for that line. effect(schemaNumber)
src/preview/BrowserImport/FirefoxCookies.ts(109,61): suggestion TS377098: This Schema number API accepts `NaN`, `Infinity`, and `-Infinity`. Use `Schema.Finite` for finite domain numbers. If non-finite values are intentional, disable this diagnostic for that line. effect(schemaNumber)
src/preview/BrowserImport/FirefoxCookies.ts(117,82): suggestion TS377088: This generator applies the same inline `Effect.mapError(...)` to every yielded effect. Keep that `Effect.mapError(...)` inline and hoist it once to the generator result: `Effect.gen(...).pipe(Effect.mapError(...))`, or `Effect.fn(function*(){ ... }, Effect.mapError(...))`. effect(redundantMapError)
src/preview/BrowserImport/Sources.ts(369,54): suggestion TS377098: This Schema number API accepts `NaN`, `Infinity`, and `-Infinity`. Use `Schema.Finite` for finite domain numbers. If non-finite values are intentional, disable this diagnostic for that line. effect(schemaNumber)
src/preview/BrowserSession.ts(234,14): suggestion TS377113: `Effect.forEach` expresses this effectful array mapping more directly than `Effect.all` over `Array#map`. effect(allOfMapToForEach)
src/preview/BrowserSession.ts(253,14): suggestion TS377113: `Effect.forEach` expresses this effectful array mapping more directly than `Effect.all` over `Array#map`. effect(allOfMapToForEach)
src/preview/Manager.ts(904,7): suggestion TS377116: `Effect.catchCauseIf` expresses selective recovery more directly than `Effect.catchCause` with a conditional `Effect.failCause` passthrough. effect(catchConditionalRefailToCatchIf)
src/preview/Manager.ts(1063,7): suggestion TS377120: `Effect.filterOrFail` expresses this conditional validation more directly than `Effect.flatMap` with an identity `Effect.succeed` branch. effect(flatMapConditionalToFilterOrFail)
src/preview/Manager.ts(1352,20): suggestion TS377113: `Effect.forEach` expresses this effectful array mapping more directly than `Effect.all` over `Array#map`. effect(allOfMapToForEach)
src/preview/Manager.ts(3939,9): suggestion TS377113: `Effect.forEach` expresses this effectful array mapping more directly than `Effect.all` over `Array#map`. effect(allOfMapToForEach)
src/preview/Manager.ts(4535,49): suggestion TS377098: This Schema number API accepts `NaN`, `Infinity`, and `-Infinity`. Use `Schema.Finite` for finite domain numbers. If non-finite values are intentional, disable this diagnostic for that line. effect(schemaNumber)
src/preview/Manager.ts(4564,27): suggestion TS377098: This Schema number API accepts `NaN`, `Infinity`, and `-Infinity`. Use `Schema.Finite` for finite domain numbers. If non-finite values are intentional, disable this diagnostic for that line. effect(schemaNumber)
src/preview/Manager.ts(4577,27): suggestion TS377098: This Schema number API accepts `NaN`, `Infinity`, and `-Infinity`. Use `Schema.Finite` for finite domain numbers. If non-finite values are intentional, disable this diagnostic for that line. effect(schemaNumber)
src/preview/Manager.ts(4590,43): suggestion TS377098: This Schema number API accepts `NaN`, `Infinity`, and `-Infinity`. Use `Schema.Finite` for finite domain numbers. If non-finite values are intentional, disable this diagnostic for that line. effect(schemaNumber)
src/preview/Manager.ts(4634,27): suggestion TS377098: This Schema number API accepts `NaN`, `Infinity`, and `-Infinity`. Use `Schema.Finite` for finite domain numbers. If non-finite values are intentional, disable this diagnostic for that line. effect(schemaNumber)
src/preview/Manager.ts(4643,27): suggestion TS377098: This Schema number API accepts `NaN`, `Infinity`, and `-Infinity`. Use `Schema.Finite` for finite domain numbers. If non-finite values are intentional, disable this diagnostic for that line. effect(schemaNumber)
src/preview/Manager.ts(4655,26): suggestion TS377098: This Schema number API accepts `NaN`, `Infinity`, and `-Infinity`. Use `Schema.Finite` for finite domain numbers. If non-finite values are intentional, disable this diagnostic for that line. effect(schemaNumber)
src/preview/Manager.ts(4674,47): suggestion TS377098: This Schema number API accepts `NaN`, `Infinity`, and `-Infinity`. Use `Schema.Finite` for finite domain numbers. If non-finite values are intentional, disable this diagnostic for that line. effect(schemaNumber)
src/preview/Manager.ts(4688,47): suggestion TS377098: This Schema number API accepts `NaN`, `Infinity`, and `-Infinity`. Use `Schema.Finite` for finite domain numbers. If non-finite values are intentional, disable this diagnostic for that line. effect(schemaNumber)
src/preview/Manager.ts(4701,15): suggestion TS377098: This Schema number API accepts `NaN`, `Infinity`, and `-Infinity`. Use `Schema.Finite` for finite domain numbers. If non-finite values are intentional, disable this diagnostic for that line. effect(schemaNumber)
src/preview/Manager.ts(4702,15): suggestion TS377098: This Schema number API accepts `NaN`, `Infinity`, and `-Infinity`. Use `Schema.Finite` for finite domain numbers. If non-finite values are intentional, disable this diagnostic for that line. effect(schemaNumber)
src/preview/Manager.ts(4703,27): suggestion TS377098: This Schema number API accepts `NaN`, `Infinity`, and `-Infinity`. Use `Schema.Finite` for finite domain numbers. If non-finite values are intentional, disable this diagnostic for that line. effect(schemaNumber)
src/preview/Manager.ts(4704,28): suggestion TS377098: This Schema number API accepts `NaN`, `Infinity`, and `-Infinity`. Use `Schema.Finite` for finite domain numbers. If non-finite values are intentional, disable this diagnostic for that line. effect(schemaNumber)
src/preview/Manager.ts(4718,47): suggestion TS377098: This Schema number API accepts `NaN`, `Infinity`, and `-Infinity`. Use `Schema.Finite` for finite domain numbers. If non-finite values are intentional, disable this diagnostic for that line. effect(schemaNumber)
src/preview/Manager.ts(4719,26): suggestion TS377098: This Schema number API accepts `NaN`, `Infinity`, and `-Infinity`. Use `Schema.Finite` for finite domain numbers. If non-finite values are intentional, disable this diagnostic for that line. effect(schemaNumber)
src/preview/Manager.ts(4749,25): suggestion TS377098: This Schema number API accepts `NaN`, `Infinity`, and `-Infinity`. Use `Schema.Finite` for finite domain numbers. If non-finite values are intentional, disable this diagnostic for that line. effect(schemaNumber)
src/preview/Manager.ts(4750,26): suggestion TS377098: This Schema number API accepts `NaN`, `Infinity`, and `-Infinity`. Use `Schema.Finite` for finite domain numbers. If non-finite values are intentional, disable this diagnostic for that line. effect(schemaNumber)
src/preview/Manager.ts(4766,23): suggestion TS377098: This Schema number API accepts `NaN`, `Infinity`, and `-Infinity`. Use `Schema.Finite` for finite domain numbers. If non-finite values are intentional, disable this diagnostic for that line. effect(schemaNumber)
src/preview/Manager.ts(4779,27): suggestion TS377098: This Schema number API accepts `NaN`, `Infinity`, and `-Infinity`. Use `Schema.Finite` for finite domain numbers. If non-finite values are intentional, disable this diagnostic for that line. effect(schemaNumber)
src/preview/PlaywrightInjectedRuntime.ts(72,23): suggestion TS377098: This Schema number API accepts `NaN`, `Infinity`, and `-Infinity`. Use `Schema.Finite` for finite domain numbers. If non-finite values are intentional, disable this diagnostic for that line. effect(schemaNumber)
src/preview/PlaywrightInjectedRuntime.ts(86,40): suggestion TS377098: This Schema number API accepts `NaN`, `Infinity`, and `-Infinity`. Use `Schema.Finite` for finite domain numbers. If non-finite values are intentional, disable this diagnostic for that line. effect(schemaNumber)
src/preview/PlaywrightInjectedRuntime.ts(87,27): suggestion TS377098: This Schema number API accepts `NaN`, `Infinity`, and `-Infinity`. Use `Schema.Finite` for finite domain numbers. If non-finite values are intentional, disable this diagnostic for that line. effect(schemaNumber)
src/settings/DesktopAppSettings.test.ts(20,19): suggestion TS377098: This Schema number API accepts `NaN`, `Infinity`, and `-Infinity`. Use `Schema.Finite` for finite domain numbers. If non-finite values are intentional, disable this diagnostic for that line. effect(schemaNumber)
src/settings/DesktopAppSettings.test.ts(21,19): suggestion TS377098: This Schema number API accepts `NaN`, `Infinity`, and `-Infinity`. Use `Schema.Finite` for finite domain numbers. If non-finite values are intentional, disable this diagnostic for that line. effect(schemaNumber)
src/settings/DesktopAppSettings.test.ts(22,23): suggestion TS377098: This Schema number API accepts `NaN`, `Infinity`, and `-Infinity`. Use `Schema.Finite` for finite domain numbers. If non-finite values are intentional, disable this diagnostic for that line. effect(schemaNumber)
src/settings/DesktopAppSettings.test.ts(23,24): suggestion TS377098: This Schema number API accepts `NaN`, `Infinity`, and `-Infinity`. Use `Schema.Finite` for finite domain numbers. If non-finite values are intentional, disable this diagnostic for that line. effect(schemaNumber)
src/settings/DesktopAppSettings.test.ts(30,49): suggestion TS377098: This Schema number API accepts `NaN`, `Infinity`, and `-Infinity`. Use `Schema.Finite` for finite domain numbers. If non-finite values are intentional, disable this diagnostic for that line. effect(schemaNumber)
src/settings/DesktopAppSettings.ts(92,13): suggestion TS377098: This Schema number API accepts `NaN`, `Infinity`, and `-Infinity`. Use `Schema.Finite` for finite domain numbers. If non-finite values are intentional, disable this diagnostic for that line. effect(schemaNumber)
src/settings/DesktopAppSettings.ts(93,13): suggestion TS377098: This Schema number API accepts `NaN`, `Infinity`, and `-Infinity`. Use `Schema.Finite` for finite domain numbers. If non-finite values are intentional, disable this diagnostic for that line. effect(schemaNumber)
src/settings/DesktopAppSettings.ts(94,17): suggestion TS377098: This Schema number API accepts `NaN`, `Infinity`, and `-Infinity`. Use `Schema.Finite` for finite domain numbers. If non-finite values are intentional, disable this diagnostic for that line. effect(schemaNumber)
src/settings/DesktopAppSettings.ts(95,18): suggestion TS377098: This Schema number API accepts `NaN`, `Infinity`, and `-Infinity`. Use `Schema.Finite` for finite domain numbers. If non-finite values are intentional, disable this diagnostic for that line. effect(schemaNumber)
src/settings/DesktopAppSettings.ts(105,49): suggestion TS377098: This Schema number API accepts `NaN`, `Infinity`, and `-Infinity`. Use `Schema.Finite` for finite domain numbers. If non-finite values are intentional, disable this diagnostic for that line. effect(schemaNumber)
src/settings/DesktopClientSettings.ts(78,5): suggestion TS377114: `Effect.asSome` expresses wrapping the success value in `Option.some` directly. effect(mapSomeToAsSome)
src/settings/DesktopClientSettings.ts(101,13): suggestion TS377114: `Effect.asSome` expresses wrapping the success value in `Option.some` directly. effect(mapSomeToAsSome)
src/settings/DesktopSavedEnvironments.test.ts(36,19): suggestion TS377098: This Schema number API accepts `NaN`, `Infinity`, and `-Infinity`. Use `Schema.Finite` for finite domain numbers. If non-finite values are intentional, disable this diagnostic for that line. effect(schemaNumber)
src/settings/DesktopSavedEnvironments.test.ts(90,29): suggestion TS377117: `Effect.succeedNone` expresses this Option success value directly. effect(preferSucceedSomeOrNone)
src/settings/DesktopSavedEnvironments.ts(42,30): suggestion TS377098: This Schema number API accepts `NaN`, `Infinity`, and `-Infinity`. Use `Schema.Finite` for finite domain numbers. If non-finite values are intentional, disable this diagnostic for that line. effect(schemaNumber)
src/settings/DesktopSavedEnvironments.ts(58,38): suggestion TS377098: This Schema number API accepts `NaN`, `Infinity`, and `-Infinity`. Use `Schema.Finite` for finite domain numbers. If non-finite values are intentional, disable this diagnostic for that line. effect(schemaNumber)
src/shell/DesktopShellEnvironment.ts(36,25): suggestion TS377098: This Schema number API accepts `NaN`, `Infinity`, and `-Infinity`. Use `Schema.Finite` for finite domain numbers. If non-finite values are intentional, disable this diagnostic for that line. effect(schemaNumber)
src/shell/DesktopShellEnvironment.ts(55,23): suggestion TS377098: This Schema number API accepts `NaN`, `Infinity`, and `-Infinity`. Use `Schema.Finite` for finite domain numbers. If non-finite values are intentional, disable this diagnostic for that line. effect(schemaNumber)
src/snapShot/ActiveWindow.ts(35,14): suggestion TS377098: This Schema number API accepts `NaN`, `Infinity`, and `-Infinity`. Use `Schema.Finite` for finite domain numbers. If non-finite values are intentional, disable this diagnostic for that line. effect(schemaNumber)
src/snapShot/ActiveWindow.ts(38,15): suggestion TS377098: This Schema number API accepts `NaN`, `Infinity`, and `-Infinity`. Use `Schema.Finite` for finite domain numbers. If non-finite values are intentional, disable this diagnostic for that line. effect(schemaNumber)
src/snapShot/ActiveWindow.ts(39,15): suggestion TS377098: This Schema number API accepts `NaN`, `Infinity`, and `-Infinity`. Use `Schema.Finite` for finite domain numbers. If non-finite values are intentional, disable this diagnostic for that line. effect(schemaNumber)
src/snapShot/ActiveWindow.ts(40,19): suggestion TS377098: This Schema number API accepts `NaN`, `Infinity`, and `-Infinity`. Use `Schema.Finite` for finite domain numbers. If non-finite values are intentional, disable this diagnostic for that line. effect(schemaNumber)
src/snapShot/ActiveWindow.ts(41,20): suggestion TS377098: This Schema number API accepts `NaN`, `Infinity`, and `-Infinity`. Use `Schema.Finite` for finite domain numbers. If non-finite values are intentional, disable this diagnostic for that line. effect(schemaNumber)
src/snapShot/ActiveWindow.ts(45,23): suggestion TS377098: This Schema number API accepts `NaN`, `Infinity`, and `-Infinity`. Use `Schema.Finite` for finite domain numbers. If non-finite values are intentional, disable this diagnostic for that line. effect(schemaNumber)
src/snapShot/CaptureShortcutConfig.ts(33,25): suggestion TS377098: This Schema number API accepts `NaN`, `Infinity`, and `-Infinity`. Use `Schema.Finite` for finite domain numbers. If non-finite values are intentional, disable this diagnostic for that line. effect(schemaNumber)
src/snapShot/DesktopSnapShot.ts(823,53): suggestion TS377099: `Effect.ignoreCause` expresses ignored failure more directly than `Effect.catchCause` returning `Effect.void`. effect(catchToIgnore)
src/snapShot/DesktopSnapShot.ts(849,12): suggestion TS377113: `Effect.forEach` expresses this effectful array mapping more directly than `Effect.all` over `Array#map`. effect(allOfMapToForEach)
src/snapShot/DesktopSnapShot.ts(907,44): suggestion TS377099: `Effect.ignoreCause` expresses ignored failure more directly than `Effect.catchCause` returning `Effect.void`. effect(catchToIgnore)
src/snapShot/DesktopSnapShot.ts(1514,9): suggestion TS377099: `Effect.ignore` expresses ignored failure more directly than `Effect.catch` returning `Effect.void`. effect(catchToIgnore)
src/snapShot/GnomeCaptureSetup.ts(15,51): suggestion TS377098: This Schema number API accepts `NaN`, `Infinity`, and `-Infinity`. Use `Schema.Finite` for finite domain numbers. If non-finite values are intentional, disable this diagnostic for that line. effect(schemaNumber)
src/snapShot/GnomeCaptureSetup.ts(31,19): suggestion TS377098: This Schema number API accepts `NaN`, `Infinity`, and `-Infinity`. Use `Schema.Finite` for finite domain numbers. If non-finite values are intentional, disable this diagnostic for that line. effect(schemaNumber)
src/ssh/DesktopSshPasswordPrompts.test.ts(95,13): suggestion TS377117: `Effect.succeedSome` expresses this Option success value directly. effect(preferSucceedSomeOrNone)
src/ssh/DesktopSshPasswordPrompts.test.ts(96,27): suggestion TS377117: `Effect.succeedSome` expresses this Option success value directly. effect(preferSucceedSomeOrNone)
src/ssh/DesktopSshPasswordPrompts.test.ts(97,27): suggestion TS377117: `Effect.succeedSome` expresses this Option success value directly. effect(preferSucceedSomeOrNone)
src/telemetry/DesktopTelemetryPublisher.ts(293,7): suggestion TS377116: `Effect.catchCauseIf` expresses selective recovery more directly than `Effect.catchCause` with a conditional `Effect.failCause` passthrough. effect(catchConditionalRefailToCatchIf)
src/telemetry/DesktopTelemetryPublisher.ts(310,43): suggestion TS377121: This Effect first-completion race has exactly one sleep- or delay-based timer arm. `Effect.timeoutOrElse` expresses the timeout and fallback directly. effect(raceFirstWithSleepToTimeout)
src/updates/DesktopUpdates.ts(71,19): suggestion TS377098: This Schema number API accepts `NaN`, `Infinity`, and `-Infinity`. Use `Schema.Finite` for finite domain numbers. If non-finite values are intentional, disable this diagnostic for that line. effect(schemaNumber)
src/updates/DesktopUpdates.ts(641,9): suggestion TS377047: This expression can be rewritten in the reusable function form `Effect.fn("desktop.updates.install")(function*(expectedVersion) { ... })`. effect(effectFnOpportunity)
src/updates/updatesTestHarness.ts(109,11): suggestion TS377117: `Effect.succeedNone` expresses this Option success value directly. effect(preferSucceedSomeOrNone)
src/updates/updatesTestHarness.ts(110,25): suggestion TS377117: `Effect.succeedNone` expresses this Option success value directly. effect(preferSucceedSomeOrNone)
src/updates/updatesTestHarness.ts(111,25): suggestion TS377117: `Effect.succeedNone` expresses this Option success value directly. effect(preferSucceedSomeOrNone)
src/updates/updatesTestHarness.ts(133,20): suggestion TS377117: `Effect.succeedNone` expresses this Option success value directly. effect(preferSucceedSomeOrNone)
src/window/DesktopApplicationMenu.test.ts(55,21): suggestion TS377117: `Effect.succeedNone` expresses this Option success value directly. effect(preferSucceedSomeOrNone)
src/window/DesktopApplicationMenu.test.ts(67,19): suggestion TS377117: `Effect.succeedNone` expresses this Option success value directly. effect(preferSucceedSomeOrNone)
src/window/DesktopApplicationMenu.test.ts(102,28): suggestion TS377117: `Effect.succeedNone` expresses this Option success value directly. effect(preferSucceedSomeOrNone)
src/window/DesktopWindow.test.ts(153,8): suggestion TS377117: `Effect.succeedNone` expresses this Option success value directly. effect(preferSucceedSomeOrNone)
src/window/DesktopWindow.test.ts(187,26): suggestion TS377117: `Effect.succeedNone` expresses this Option success value directly. effect(preferSucceedSomeOrNone)
src/window/DesktopWindow.test.ts(296,34): suggestion TS377117: `Effect.succeedNone` expresses this Option success value directly. effect(preferSucceedSomeOrNone)
src/wsl/DesktopWslBackend.ts(141,9): suggestion TS377114: `Effect.asSome` expresses wrapping the success value in `Option.some` directly. effect(mapSomeToAsSome)
src/wsl/DesktopWslBackend.ts(174,11): suggestion TS377114: `Effect.asSome` expresses wrapping the success value in `Option.some` directly. effect(mapSomeToAsSome)
src/wsl/DesktopWslEnvironment.ts(1046,5): suggestion TS377099: `Effect.ignore` expresses ignored failure more directly than `Effect.catch` returning `Effect.void`. effect(catchToIgnore)
src/wsl/DesktopWslEnvironment.ts(1275,11): suggestion TS377047: This expression can be rewritten in the reusable function form `Effect.fn("desktop.wsl.getUserHome")(function*(distro) { ... })`. effect(effectFnOpportunity)
../../scripts/lib/dev-share.ts(94,21): suggestion TS377098: This Schema number API accepts `NaN`, `Infinity`, and `-Infinity`. Use `Schema.Finite` for finite domain numbers. If non-finite values are intentional, disable this diagnostic for that line. effect(schemaNumber)

src/browser/browserRecording.ts(60,23): suggestion TS377098: This Schema number API accepts `NaN`, `Infinity`, and `-Infinity`. Use `Schema.Finite` for finite domain numbers. If non-finite values are intentional, disable this diagnostic for that line. effect(schemaNumber)
src/composerDraftStore.ts(139,21): suggestion TS377098: This Schema number API accepts `NaN`, `Infinity`, and `-Infinity`. Use `Schema.Finite` for finite domain numbers. If non-finite values are intentional, disable this diagnostic for that line. effect(schemaNumber)
src/composerDraftStore.ts(193,21): suggestion TS377098: This Schema number API accepts `NaN`, `Infinity`, and `-Infinity`. Use `Schema.Finite` for finite domain numbers. If non-finite values are intentional, disable this diagnostic for that line. effect(schemaNumber)
src/composerDraftStore.ts(210,21): suggestion TS377098: This Schema number API accepts `NaN`, `Infinity`, and `-Infinity`. Use `Schema.Finite` for finite domain numbers. If non-finite values are intentional, disable this diagnostic for that line. effect(schemaNumber)
src/composerDraftStore.ts(224,21): suggestion TS377098: This Schema number API accepts `NaN`, `Infinity`, and `-Infinity`. Use `Schema.Finite` for finite domain numbers. If non-finite values are intentional, disable this diagnostic for that line. effect(schemaNumber)
src/composerDraftStore.ts(225,19): suggestion TS377098: This Schema number API accepts `NaN`, `Infinity`, and `-Infinity`. Use `Schema.Finite` for finite domain numbers. If non-finite values are intentional, disable this diagnostic for that line. effect(schemaNumber)
src/composerDraftStore.ts(350,19): suggestion TS377098: This Schema number API accepts `NaN`, `Infinity`, and `-Infinity`. Use `Schema.Finite` for finite domain numbers. If non-finite values are intentional, disable this diagnostic for that line. effect(schemaNumber)
src/connection/platform.ts(216,17): suggestion TS377117: `Effect.succeedNone` expresses this Option success value directly. effect(preferSucceedSomeOrNone)
src/connection/storage.ts(590,22): suggestion TS377117: `Effect.succeedNone` expresses this Option success value directly. effect(preferSucceedSomeOrNone)
src/connection/storage.ts(626,22): suggestion TS377117: `Effect.succeedNone` expresses this Option success value directly. effect(preferSucceedSomeOrNone)
src/connection/storage.ts(664,22): suggestion TS377117: `Effect.succeedNone` expresses this Option success value directly. effect(preferSucceedSomeOrNone)
src/connection/storage.ts(706,22): suggestion TS377117: `Effect.succeedNone` expresses this Option success value directly. effect(preferSucceedSomeOrNone)
src/environments/primary/auth.ts(41,20): suggestion TS377098: This Schema number API accepts `NaN`, `Infinity`, and `-Infinity`. Use `Schema.Finite` for finite domain numbers. If non-finite values are intentional, disable this diagnostic for that line. effect(schemaNumber)
src/environments/primary/auth.ts(73,28): suggestion TS377098: This Schema number API accepts `NaN`, `Infinity`, and `-Infinity`. Use `Schema.Finite` for finite domain numbers. If non-finite values are intentional, disable this diagnostic for that line. effect(schemaNumber)
src/environments/primary/auth.ts(89,23): suggestion TS377098: This Schema number API accepts `NaN`, `Infinity`, and `-Infinity`. Use `Schema.Finite` for finite domain numbers. If non-finite values are intentional, disable this diagnostic for that line. effect(schemaNumber)
src/environments/primary/auth.ts(90,23): suggestion TS377098: This Schema number API accepts `NaN`, `Infinity`, and `-Infinity`. Use `Schema.Finite` for finite domain numbers. If non-finite values are intentional, disable this diagnostic for that line. effect(schemaNumber)
src/environments/primary/auth.ts(101,28): suggestion TS377098: This Schema number API accepts `NaN`, `Infinity`, and `-Infinity`. Use `Schema.Finite` for finite domain numbers. If non-finite values are intentional, disable this diagnostic for that line. effect(schemaNumber)
src/promptStashStore.ts(58,48): suggestion TS377098: This Schema number API accepts `NaN`, `Infinity`, and `-Infinity`. Use `Schema.Finite` for finite domain numbers. If non-finite values are intentional, disable this diagnostic for that line. effect(schemaNumber)
src/reviewCommentContext.ts(6,17): suggestion TS377098: This Schema number API accepts `NaN`, `Infinity`, and `-Infinity`. Use `Schema.Finite` for finite domain numbers. If non-finite values are intentional, disable this diagnostic for that line. effect(schemaNumber)
src/reviewCommentContext.ts(8,15): suggestion TS377098: This Schema number API accepts `NaN`, `Infinity`, and `-Infinity`. Use `Schema.Finite` for finite domain numbers. If non-finite values are intentional, disable this diagnostic for that line. effect(schemaNumber)
src/reviewCommentContext.ts(18,22): suggestion TS377098: This Schema number API accepts `NaN`, `Infinity`, and `-Infinity`. Use `Schema.Finite` for finite domain numbers. If non-finite values are intentional, disable this diagnostic for that line. effect(schemaNumber)
src/reviewCommentContext.ts(19,20): suggestion TS377098: This Schema number API accepts `NaN`, `Infinity`, and `-Infinity`. Use `Schema.Finite` for finite domain numbers. If non-finite values are intentional, disable this diagnostic for that line. effect(schemaNumber)
src/state/desktopUpdate.ts(17,26): suggestion TS377098: This Schema number API accepts `NaN`, `Infinity`, and `-Infinity`. Use `Schema.Finite` for finite domain numbers. If non-finite values are intentional, disable this diagnostic for that line. effect(schemaNumber)

~/apps/server$ tsc --noEmit ⊘ cache disabled

integration/orphanedProviderSessionStartup.integration.test.ts(103,19): suggestion TS377103: `Effect.succeed` expresses this constant value more directly than `Effect.sync`. effect(syncToSucceed)
scripts/evaluate-thread-titles.ts(55,25): suggestion TS377098: This Schema number API accepts `NaN`, `Infinity`, and `-Infinity`. Use `Schema.Finite` for finite domain numbers. If non-finite values are intentional, disable this diagnostic for that line. effect(schemaNumber)
scripts/migrate-dev-db.ts(87,17): suggestion TS377098: This Schema number API accepts `NaN`, `Infinity`, and `-Infinity`. Use `Schema.Finite` for finite domain numbers. If non-finite values are intentional, disable this diagnostic for that line. effect(schemaNumber)
scripts/migrate-dev-db.ts(120,18): suggestion TS377098: This Schema number API accepts `NaN`, `Infinity`, and `-Infinity`. Use `Schema.Finite` for finite domain numbers. If non-finite values are intentional, disable this diagnostic for that line. effect(schemaNumber)
scripts/migrate-dev-db.ts(170,78): suggestion TS377098: This Schema number API accepts `NaN`, `Infinity`, and `-Infinity`. Use `Schema.Finite` for finite domain numbers. If non-finite values are intentional, disable this diagnostic for that line. effect(schemaNumber)
scripts/t3-sqlite-state.ts(97,10): suggestion TS377098: This Schema number API accepts `NaN`, `Infinity`, and `-Infinity`. Use `Schema.Finite` for finite domain numbers. If non-finite values are intentional, disable this diagnostic for that line. effect(schemaNumber)
scripts/t3-sqlite-state.ts(98,23): suggestion TS377098: This Schema number API accepts `NaN`, `Infinity`, and `-Infinity`. Use `Schema.Finite` for finite domain numbers. If non-finite values are intentional, disable this diagnostic for that line. effect(schemaNumber)
src/assets/AssetAccess.ts(91,23): suggestion TS377098: This Schema number API accepts `NaN`, `Infinity`, and `-Infinity`. Use `Schema.Finite` for finite domain numbers. If non-finite values are intentional, disable this diagnostic for that line. effect(schemaNumber)
src/assets/AssetAccess.ts(98,23): suggestion TS377098: This Schema number API accepts `NaN`, `Infinity`, and `-Infinity`. Use `Schema.Finite` for finite domain numbers. If non-finite values are intentional, disable this diagnostic for that line. effect(schemaNumber)
src/assets/AssetAccess.ts(106,23): suggestion TS377098: This Schema number API accepts `NaN`, `Infinity`, and `-Infinity`. Use `Schema.Finite` for finite domain numbers. If non-finite values are intentional, disable this diagnostic for that line. effect(schemaNumber)
src/assets/AssetAccess.ts(119,23): suggestion TS377098: This Schema number API accepts `NaN`, `Infinity`, and `-Infinity`. Use `Schema.Finite` for finite domain numbers. If non-finite values are intentional, disable this diagnostic for that line. effect(schemaNumber)
src/assets/AssetAccess.ts(126,23): suggestion TS377098: This Schema number API accepts `NaN`, `Infinity`, and `-Infinity`. Use `Schema.Finite` for finite domain numbers. If non-finite values are intentional, disable this diagnostic for that line. effect(schemaNumber)
src/assets/AssetAccess.ts(132,23): suggestion TS377098: This Schema number API accepts `NaN`, `Infinity`, and `-Infinity`. Use `Schema.Finite` for finite domain numbers. If non-finite values are intentional, disable this diagnostic for that line. effect(schemaNumber)
src/assets/AssetAccess.ts(138,23): suggestion TS377098: This Schema number API accepts `NaN`, `Infinity`, and `-Infinity`. Use `Schema.Finite` for finite domain numbers. If non-finite values are intentional, disable this diagnostic for that line. effect(schemaNumber)
src/assets/AssetAccess.ts(146,23): suggestion TS377098: This Schema number API accepts `NaN`, `Infinity`, and `-Infinity`. Use `Schema.Finite` for finite domain numbers. If non-finite values are intentional, disable this diagnostic for that line. effect(schemaNumber)
src/assets/AssetAccess.ts(193,5): suggestion TS377114: `Effect.asSome` expresses wrapping the success value in `Option.some` directly. effect(mapSomeToAsSome)
src/assets/AssetAccess.ts(216,7): suggestion TS377114: `Effect.asSome` expresses wrapping the success value in `Option.some` directly. effect(mapSomeToAsSome)
src/assets/AssetAccess.ts(218,46): suggestion TS377117: `Effect.succeedNone` expresses this Option success value directly. effect(preferSucceedSomeOrNone)
src/assets/AttachmentUpload.test.ts(44,21): suggestion TS377098: This Schema number API accepts `NaN`, `Infinity`, and `-Infinity`. Use `Schema.Finite` for finite domain numbers. If non-finite values are intentional, disable this diagnostic for that line. effect(schemaNumber)
src/assets/AttachmentUpload.test.ts(45,21): suggestion TS377098: This Schema number API accepts `NaN`, `Infinity`, and `-Infinity`. Use `Schema.Finite` for finite domain numbers. If non-finite values are intentional, disable this diagnostic for that line. effect(schemaNumber)
src/assets/AttachmentUpload.ts(52,21): suggestion TS377098: This Schema number API accepts `NaN`, `Infinity`, and `-Infinity`. Use `Schema.Finite` for finite domain numbers. If non-finite values are intentional, disable this diagnostic for that line. effect(schemaNumber)
src/assets/AttachmentUpload.ts(53,21): suggestion TS377098: This Schema number API accepts `NaN`, `Infinity`, and `-Infinity`. Use `Schema.Finite` for finite domain numbers. If non-finite values are intentional, disable this diagnostic for that line. effect(schemaNumber)
src/assets/NativeAppIconResolver.ts(46,5): suggestion TS377114: `Effect.asSome` expresses wrapping the success value in `Option.some` directly. effect(mapSomeToAsSome)
src/assets/NativeAppIconResolver.ts(49,44): suggestion TS377117: `Effect.succeedNone` expresses this Option success value directly. effect(preferSucceedSomeOrNone)
src/auth/PairingGrantStore.test.ts(50,35): suggestion TS377117: `Effect.succeedNone` expresses this Option success value directly. effect(preferSucceedSomeOrNone)
src/auth/PairingGrantStore.test.ts(53,34): suggestion TS377117: `Effect.succeedNone` expresses this Option success value directly. effect(preferSucceedSomeOrNone)
src/auth/ServerSecretStore.ts(177,13): suggestion TS377117: `Effect.succeedNone` expresses this Option success value directly. effect(preferSucceedSomeOrNone)
src/auth/SessionStore.ts(142,29): suggestion TS377098: This Schema number API accepts `NaN`, `Infinity`, and `-Infinity`. Use `Schema.Finite` for finite domain numbers. If non-finite values are intentional, disable this diagnostic for that line. effect(schemaNumber)
src/auth/SessionStore.ts(433,15): suggestion TS377098: This Schema number API accepts `NaN`, `Infinity`, and `-Infinity`. Use `Schema.Finite` for finite domain numbers. If non-finite values are intentional, disable this diagnostic for that line. effect(schemaNumber)
src/auth/SessionStore.ts(434,15): suggestion TS377098: This Schema number API accepts `NaN`, `Infinity`, and `-Infinity`. Use `Schema.Finite` for finite domain numbers. If non-finite values are intentional, disable this diagnostic for that line. effect(schemaNumber)
src/auth/SessionStore.ts(442,15): suggestion TS377098: This Schema number API accepts `NaN`, `Infinity`, and `-Infinity`. Use `Schema.Finite` for finite domain numbers. If non-finite values are intentional, disable this diagnostic for that line. effect(schemaNumber)
src/auth/SessionStore.ts(443,15): suggestion TS377098: This Schema number API accepts `NaN`, `Infinity`, and `-Infinity`. Use `Schema.Finite` for finite domain numbers. If non-finite values are intentional, disable this diagnostic for that line. effect(schemaNumber)
src/auth/dpop.ts(118,20): suggestion TS377019: This `yield* Effect.fail(...)` passes a yieldable error value. `yield*` represents that value directly without wrapping it in `Effect.fail`. effect(unnecessaryFailYieldableError)
src/auth/http.test.ts(72,18): suggestion TS377117: `Effect.succeedNone` expresses this Option success value directly. effect(preferSucceedSomeOrNone)
src/bootstrap.ts(18,16): suggestion TS377098: This Schema number API accepts `NaN`, `Infinity`, and `-Infinity`. Use `Schema.Finite` for finite domain numbers. If non-finite values are intentional, disable this diagnostic for that line. effect(schemaNumber)
src/bootstrap.ts(30,16): suggestion TS377098: This Schema number API accepts `NaN`, `Infinity`, and `-Infinity`. Use `Schema.Finite` for finite domain numbers. If non-finite values are intentional, disable this diagnostic for that line. effect(schemaNumber)
src/bootstrap.ts(45,16): suggestion TS377098: This Schema number API accepts `NaN`, `Infinity`, and `-Infinity`. Use `Schema.Finite` for finite domain numbers. If non-finite values are intentional, disable this diagnostic for that line. effect(schemaNumber)
src/bootstrap.ts(57,16): suggestion TS377098: This Schema number API accepts `NaN`, `Infinity`, and `-Infinity`. Use `Schema.Finite` for finite domain numbers. If non-finite values are intentional, disable this diagnostic for that line. effect(schemaNumber)
src/checkpointing/CheckpointDiffQuery.test.ts(92,52): suggestion TS377117: `Effect.succeedNone` expresses this Option success value directly. effect(preferSucceedSomeOrNone)
src/checkpointing/CheckpointDiffQuery.test.ts(94,40): suggestion TS377117: `Effect.succeedNone` expresses this Option success value directly. effect(preferSucceedSomeOrNone)
src/checkpointing/CheckpointDiffQuery.test.ts(95,54): suggestion TS377117: `Effect.succeedNone` expresses this Option success value directly. effect(preferSucceedSomeOrNone)
src/checkpointing/CheckpointDiffQuery.test.ts(116,39): suggestion TS377117: `Effect.succeedNone` expresses this Option success value directly. effect(preferSucceedSomeOrNone)
src/checkpointing/CheckpointDiffQuery.test.ts(117,40): suggestion TS377117: `Effect.succeedNone` expresses this Option success value directly. effect(preferSucceedSomeOrNone)
src/checkpointing/CheckpointDiffQuery.test.ts(118,44): suggestion TS377117: `Effect.succeedNone` expresses this Option success value directly. effect(preferSucceedSomeOrNone)
src/checkpointing/CheckpointDiffQuery.test.ts(209,52): suggestion TS377117: `Effect.succeedNone` expresses this Option success value directly. effect(preferSucceedSomeOrNone)
src/checkpointing/CheckpointDiffQuery.test.ts(211,40): suggestion TS377117: `Effect.succeedNone` expresses this Option success value directly. effect(preferSucceedSomeOrNone)
src/checkpointing/CheckpointDiffQuery.test.ts(212,54): suggestion TS377117: `Effect.succeedNone` expresses this Option success value directly. effect(preferSucceedSomeOrNone)
src/checkpointing/CheckpointDiffQuery.test.ts(214,47): suggestion TS377117: `Effect.succeedSome` expresses this Option success value directly. effect(preferSucceedSomeOrNone)
src/checkpointing/CheckpointDiffQuery.test.ts(218,39): suggestion TS377117: `Effect.succeedNone` expresses this Option success value directly. effect(preferSucceedSomeOrNone)
src/checkpointing/CheckpointDiffQuery.test.ts(219,40): suggestion TS377117: `Effect.succeedNone` expresses this Option success value directly. effect(preferSucceedSomeOrNone)
src/checkpointing/CheckpointDiffQuery.test.ts(220,44): suggestion TS377117: `Effect.succeedNone` expresses this Option success value directly. effect(preferSucceedSomeOrNone)
src/checkpointing/CheckpointDiffQuery.test.ts(301,52): suggestion TS377117: `Effect.succeedNone` expresses this Option success value directly. effect(preferSucceedSomeOrNone)
src/checkpointing/CheckpointDiffQuery.test.ts(303,40): suggestion TS377117: `Effect.succeedNone` expresses this Option success value directly. effect(preferSucceedSomeOrNone)
src/checkpointing/CheckpointDiffQuery.test.ts(304,54): suggestion TS377117: `Effect.succeedNone` expresses this Option success value directly. effect(preferSucceedSomeOrNone)
src/checkpointing/CheckpointDiffQuery.test.ts(306,47): suggestion TS377117: `Effect.succeedSome` expresses this Option success value directly. effect(preferSucceedSomeOrNone)
src/checkpointing/CheckpointDiffQuery.test.ts(310,39): suggestion TS377117: `Effect.succeedNone` expresses this Option success value directly. effect(preferSucceedSomeOrNone)
src/checkpointing/CheckpointDiffQuery.test.ts(311,40): suggestion TS377117: `Effect.succeedNone` expresses this Option success value directly. effect(preferSucceedSomeOrNone)
src/checkpointing/CheckpointDiffQuery.test.ts(312,44): suggestion TS377117: `Effect.succeedNone` expresses this Option success value directly. effect(preferSucceedSomeOrNone)
src/checkpointing/CheckpointDiffQuery.test.ts(378,52): suggestion TS377117: `Effect.succeedNone` expresses this Option success value directly. effect(preferSucceedSomeOrNone)
src/checkpointing/CheckpointDiffQuery.test.ts(380,40): suggestion TS377117: `Effect.succeedNone` expresses this Option success value directly. effect(preferSucceedSomeOrNone)
src/checkpointing/CheckpointDiffQuery.test.ts(381,54): suggestion TS377117: `Effect.succeedNone` expresses this Option success value directly. effect(preferSucceedSomeOrNone)
src/checkpointing/CheckpointDiffQuery.test.ts(383,47): suggestion TS377117: `Effect.succeedSome` expresses this Option success value directly. effect(preferSucceedSomeOrNone)
src/checkpointing/CheckpointDiffQuery.test.ts(387,39): suggestion TS377117: `Effect.succeedNone` expresses this Option success value directly. effect(preferSucceedSomeOrNone)
src/checkpointing/CheckpointDiffQuery.test.ts(388,40): suggestion TS377117: `Effect.succeedNone` expresses this Option success value directly. effect(preferSucceedSomeOrNone)
src/checkpointing/CheckpointDiffQuery.test.ts(389,44): suggestion TS377117: `Effect.succeedNone` expresses this Option success value directly. effect(preferSucceedSomeOrNone)
src/checkpointing/CheckpointDiffQuery.test.ts(440,52): suggestion TS377117: `Effect.succeedNone` expresses this Option success value directly. effect(preferSucceedSomeOrNone)
src/checkpointing/CheckpointDiffQuery.test.ts(442,40): suggestion TS377117: `Effect.succeedNone` expresses this Option success value directly. effect(preferSucceedSomeOrNone)
src/checkpointing/CheckpointDiffQuery.test.ts(443,54): suggestion TS377117: `Effect.succeedNone` expresses this Option success value directly. effect(preferSucceedSomeOrNone)
src/checkpointing/CheckpointDiffQuery.test.ts(445,47): suggestion TS377117: `Effect.succeedNone` expresses this Option success value directly. effect(preferSucceedSomeOrNone)
src/checkpointing/CheckpointDiffQuery.test.ts(446,45): suggestion TS377117: `Effect.succeedNone` expresses this Option success value directly. effect(preferSucceedSomeOrNone)
src/checkpointing/CheckpointDiffQuery.test.ts(449,39): suggestion TS377117: `Effect.succeedNone` expresses this Option success value directly. effect(preferSucceedSomeOrNone)
src/checkpointing/CheckpointDiffQuery.test.ts(450,40): suggestion TS377117: `Effect.succeedNone` expresses this Option success value directly. effect(preferSucceedSomeOrNone)
src/checkpointing/CheckpointDiffQuery.test.ts(451,44): suggestion TS377117: `Effect.succeedNone` expresses this Option success value directly. effect(preferSucceedSomeOrNone)
src/cli/pair.ts(109,23): suggestion TS377098: This Schema number API accepts `NaN`, `Infinity`, and `-Infinity`. Use `Schema.Finite` for finite domain numbers. If non-finite values are intentional, disable this diagnostic for that line. effect(schemaNumber)
src/cli/pair.ts(118,23): suggestion TS377098: This Schema number API accepts `NaN`, `Infinity`, and `-Infinity`. Use `Schema.Finite` for finite domain numbers. If non-finite values are intentional, disable this diagnostic for that line. effect(schemaNumber)
src/cli/pair.ts(127,23): suggestion TS377098: This Schema number API accepts `NaN`, `Infinity`, and `-Infinity`. Use `Schema.Finite` for finite domain numbers. If non-finite values are intentional, disable this diagnostic for that line. effect(schemaNumber)
src/cli/project.ts(135,32): suggestion TS377098: This Schema number API accepts `NaN`, `Infinity`, and `-Infinity`. Use `Schema.Finite` for finite domain numbers. If non-finite values are intentional, disable this diagnostic for that line. effect(schemaNumber)
src/cli/theme.ts(78,51): suggestion TS377098: This Schema number API accepts `NaN`, `Infinity`, and `-Infinity`. Use `Schema.Finite` for finite domain numbers. If non-finite values are intentional, disable this diagnostic for that line. effect(schemaNumber)
src/cli/theme.ts(116,44): suggestion TS377098: This Schema number API accepts `NaN`, `Infinity`, and `-Infinity`. Use `Schema.Finite` for finite domain numbers. If non-finite values are intentional, disable this diagnostic for that line. effect(schemaNumber)
src/cli/theme.ts(263,16): suggestion TS377019: This `yield* Effect.fail(...)` passes a yieldable error value. `yield*` represents that value directly without wrapping it in `Effect.fail`. effect(unnecessaryFailYieldableError)
src/cli/theme.ts(302,12): suggestion TS377019: This `yield* Effect.fail(...)` passes a yieldable error value. `yield*` represents that value directly without wrapping it in `Effect.fail`. effect(unnecessaryFailYieldableError)
src/cli/theme.ts(305,12): suggestion TS377019: This `yield* Effect.fail(...)` passes a yieldable error value. `yield*` represents that value directly without wrapping it in `Effect.fail`. effect(unnecessaryFailYieldableError)
src/cli/theme.ts(323,12): suggestion TS377019: This `yield* Effect.fail(...)` passes a yieldable error value. `yield*` represents that value directly without wrapping it in `Effect.fail`. effect(unnecessaryFailYieldableError)
src/cli/theme.ts(328,12): suggestion TS377019: This `yield* Effect.fail(...)` passes a yieldable error value. `yield*` represents that value directly without wrapping it in `Effect.fail`. effect(unnecessaryFailYieldableError)
src/cli/theme.ts(333,12): suggestion TS377019: This `yield* Effect.fail(...)` passes a yieldable error value. `yield*` represents that value directly without wrapping it in `Effect.fail`. effect(unnecessaryFailYieldableError)
src/cli/theme.ts(341,12): suggestion TS377019: This `yield* Effect.fail(...)` passes a yieldable error value. `yield*` represents that value directly without wrapping it in `Effect.fail`. effect(unnecessaryFailYieldableError)
src/cli/theme.ts(482,16): suggestion TS377019: This `yield* Effect.fail(...)` passes a yieldable error value. `yield*` represents that value directly without wrapping it in `Effect.fail`. effect(unnecessaryFailYieldableError)
src/cli/theme.ts(517,16): suggestion TS377019: This `yield* Effect.fail(...)` passes a yieldable error value. `yield*` represents that value directly without wrapping it in `Effect.fail`. effect(unnecessaryFailYieldableError)
src/cli/theme.ts(521,18): suggestion TS377019: This `yield* Effect.fail(...)` passes a yieldable error value. `yield*` represents that value directly without wrapping it in `Effect.fail`. effect(unnecessaryFailYieldableError)
src/cli/theme.ts(525,16): suggestion TS377019: This `yield* Effect.fail(...)` passes a yieldable error value. `yield*` represents that value directly without wrapping it in `Effect.fail`. effect(unnecessaryFailYieldableError)
src/cloud/CliTokenManager.test.ts(51,24): suggestion TS377098: This Schema number API accepts `NaN`, `Infinity`, and `-Infinity`. Use `Schema.Finite` for finite domain numbers. If non-finite values are intentional, disable this diagnostic for that line. effect(schemaNumber)
src/cloud/CliTokenManager.ts(124,28): suggestion TS377098: This Schema number API accepts `NaN`, `Infinity`, and `-Infinity`. Use `Schema.Finite` for finite domain numbers. If non-finite values are intentional, disable this diagnostic for that line. effect(schemaNumber)
src/cloud/CliTokenManager.ts(137,22): suggestion TS377098: This Schema number API accepts `NaN`, `Infinity`, and `-Infinity`. Use `Schema.Finite` for finite domain numbers. If non-finite values are intentional, disable this diagnostic for that line. effect(schemaNumber)
src/cloud/CliTokenManager.ts(151,22): suggestion TS377098: This Schema number API accepts `NaN`, `Infinity`, and `-Infinity`. Use `Schema.Finite` for finite domain numbers. If non-finite values are intentional, disable this diagnostic for that line. effect(schemaNumber)
src/cloud/CliTokenManager.ts(152,36): suggestion TS377098: This Schema number API accepts `NaN`, `Infinity`, and `-Infinity`. Use `Schema.Finite` for finite domain numbers. If non-finite values are intentional, disable this diagnostic for that line. effect(schemaNumber)
src/cloud/CliTokenManager.ts(344,7): suggestion TS377114: `Effect.asSome` expresses wrapping the success value in `Option.some` directly. effect(mapSomeToAsSome)
src/cloud/ManagedEndpointRuntime.test.ts(41,18): suggestion TS377117: `Effect.succeedNone` expresses this Option success value directly. effect(preferSucceedSomeOrNone)
src/cloud/bootService.ts(420,38): suggestion TS377098: This Schema number API accepts `NaN`, `Infinity`, and `-Infinity`. Use `Schema.Finite` for finite domain numbers. If non-finite values are intentional, disable this diagnostic for that line. effect(schemaNumber)
src/cloud/bootService.ts(421,42): suggestion TS377098: This Schema number API accepts `NaN`, `Infinity`, and `-Infinity`. Use `Schema.Finite` for finite domain numbers. If non-finite values are intentional, disable this diagnostic for that line. effect(schemaNumber)
src/cloud/bootService.ts(422,42): suggestion TS377098: This Schema number API accepts `NaN`, `Infinity`, and `-Infinity`. Use `Schema.Finite` for finite domain numbers. If non-finite values are intentional, disable this diagnostic for that line. effect(schemaNumber)
src/cloud/http.test.ts(222,24): suggestion TS377117: `Effect.succeedNone` expresses this Option success value directly. effect(preferSucceedSomeOrNone)
src/cloud/http.test.ts(320,26): suggestion TS377117: `Effect.succeedSome` expresses this Option success value directly. effect(preferSucceedSomeOrNone)
src/cloud/http.ts(139,10): suggestion TS377113: `Effect.forEach` expresses this effectful array mapping more directly than `Effect.all` over `Array#map`. effect(allOfMapToForEach)
src/cloud/pinnedRuntime.ts(77,38): suggestion TS377098: This Schema number API accepts `NaN`, `Infinity`, and `-Infinity`. Use `Schema.Finite` for finite domain numbers. If non-finite values are intentional, disable this diagnostic for that line. effect(schemaNumber)
src/cloud/pinnedRuntime.ts(78,42): suggestion TS377098: This Schema number API accepts `NaN`, `Infinity`, and `-Infinity`. Use `Schema.Finite` for finite domain numbers. If non-finite values are intentional, disable this diagnostic for that line. effect(schemaNumber)
src/cloud/pinnedRuntime.ts(79,42): suggestion TS377098: This Schema number API accepts `NaN`, `Infinity`, and `-Infinity`. Use `Schema.Finite` for finite domain numbers. If non-finite values are intentional, disable this diagnostic for that line. effect(schemaNumber)
src/cloud/selfUpdate.test.ts(108,19): suggestion TS377103: `Effect.succeed` expresses this constant value more directly than `Effect.sync`. effect(syncToSucceed)
src/desktopUpdate/DesktopAppUpdate.ts(109,17): suggestion TS377117: `Effect.succeedSome` expresses this Option success value directly. effect(preferSucceedSomeOrNone)
src/device/DeviceHost.ts(35,46): suggestion TS377098: This Schema number API accepts `NaN`, `Infinity`, and `-Infinity`. Use `Schema.Finite` for finite domain numbers. If non-finite values are intentional, disable this diagnostic for that line. effect(schemaNumber)
src/device/DeviceHubProxy.ts(144,10): suggestion TS377099: `Effect.ignoreCause` expresses ignored failure more directly than `Effect.catchCause` returning `Effect.void`. effect(catchToIgnore)
src/device/DeviceToolchain.ts(52,38): suggestion TS377098: This Schema number API accepts `NaN`, `Infinity`, and `-Infinity`. Use `Schema.Finite` for finite domain numbers. If non-finite values are intentional, disable this diagnostic for that line. effect(schemaNumber)
src/device/LocalDeviceHost.ts(304,11): suggestion TS377099: `Effect.ignoreCause` expresses ignored failure more directly than `Effect.catchCause` returning `Effect.void`. effect(catchToIgnore)
src/device/LocalDeviceHost.ts(400,7): suggestion TS377099: `Effect.ignoreCause` expresses ignored failure more directly than `Effect.catchCause` returning `Effect.void`. effect(catchToIgnore)
src/diagnostics/ProcessDiagnostics.ts(19,17): suggestion TS377098: This Schema number API accepts `NaN`, `Infinity`, and `-Infinity`. Use `Schema.Finite` for finite domain numbers. If non-finite values are intentional, disable this diagnostic for that line. effect(schemaNumber)
src/diagnostics/TraceDiagnostics.ts(423,30): suggestion TS377113: `Effect.forEach` expresses this effectful array mapping more directly than `Effect.all` over `Array#map`. effect(allOfMapToForEach)
src/environment/ServerEnvironment.test.ts(35,16): suggestion TS377117: `Effect.succeedNone` expresses this Option success value directly. effect(preferSucceedSomeOrNone)
src/environment/ServerEnvironment.ts(133,11): suggestion TS377116: `Effect.catchTag` expresses selective recovery more directly than `Effect.catch` with a conditional `Effect.fail` passthrough. effect(catchConditionalRefailToCatchIf)
src/environment/ServerEnvironmentLabel.ts(37,27): suggestion TS377098: This Schema number API accepts `NaN`, `Infinity`, and `-Infinity`. Use `Schema.Finite` for finite domain numbers. If non-finite values are intentional, disable this diagnostic for that line. effect(schemaNumber)
src/environment/ServerEnvironmentLabel.ts(131,7): suggestion TS377114: `Effect.asSome` expresses wrapping the success value in `Option.some` directly. effect(mapSomeToAsSome)
src/environment/ServerEnvironmentMachine.ts(110,5): suggestion TS377095: `Effect.orElseSucceed` expresses the same recovery more directly than `Effect.catch` followed by `Effect.succeed`. effect(catchToOrElseSucceed)
src/environment/ServerEnvironmentMachine.ts(128,7): suggestion TS377095: `Effect.orElseSucceed` expresses the same recovery more directly than `Effect.catch` followed by `Effect.succeed`. effect(catchToOrElseSucceed)
src/git/GitManager.ts(2068,62): suggestion TS377099: `Effect.ignore` expresses ignored failure more directly than `Effect.catch` returning `Effect.void`. effect(catchToIgnore)
src/git/linkCreatedPullRequest.test.ts(86,34): suggestion TS377117: `Effect.succeedSome` expresses this Option success value directly. effect(preferSucceedSomeOrNone)
src/keybindings.test.ts(570,16): suggestion TS377113: `Effect.forEach` expresses this effectful array mapping more directly than `Effect.all` over `Array#map`. effect(allOfMapToForEach)
src/mcp/McpHttpServer.test.ts(59,35): suggestion TS377117: `Effect.succeedNone` expresses this Option success value directly. effect(preferSucceedSomeOrNone)
src/mcp/McpInvocationContext.ts(50,3): suggestion TS377120: `Effect.filterOrFail` expresses this conditional validation more directly than `Effect.flatMap` with an identity `Effect.succeed` branch. effect(flatMapConditionalToFilterOrFail)
src/mcp/McpSessionRegistry.ts(233,7): suggestion TS377103: `Effect.succeed` expresses this constant value more directly than `Effect.sync`. effect(syncToSucceed)
src/mcp/toolkits/preview/handlers.ts(90,11): suggestion TS377095: `Effect.orElseSucceed` expresses the same recovery more directly than `Effect.catch` followed by `Effect.succeed`. effect(catchToOrElseSucceed)
src/mcp/toolkits/preview/handlers.ts(178,5): suggestion TS377116: `Effect.catchIf` expresses selective recovery more directly than `Effect.catch` with a conditional `Effect.fail` passthrough. effect(catchConditionalRefailToCatchIf)
src/orchestration/Layers/CheckpointReactor.ts(100,7): suggestion TS377116: `Effect.catchCauseIf` expresses selective recovery more directly than `Effect.catchCause` with a conditional `Effect.failCause` passthrough. effect(catchConditionalRefailToCatchIf)
src/orchestration/Layers/CheckpointReactor.ts(628,7): suggestion TS377116: `Effect.catchCauseIf` expresses selective recovery more directly than `Effect.catchCause` with a conditional `Effect.failCause` passthrough. effect(catchConditionalRefailToCatchIf)
src/orchestration/Layers/CheckpointReactor.ts(646,9): suggestion TS377116: `Effect.catchCauseIf` expresses selective recovery more directly than `Effect.catchCause` with a conditional `Effect.failCause` passthrough. effect(catchConditionalRefailToCatchIf)
src/orchestration/Layers/CheckpointReactor.ts(753,11): suggestion TS377116: `Effect.catchTag` expresses selective recovery more directly than `Effect.catch` with a conditional `Effect.fail` passthrough. effect(catchConditionalRefailToCatchIf)
src/orchestration/Layers/CheckpointReactor.ts(794,48): suggestion TS377016: `Effect.void` represents the same outcome as `Effect.succeed(undefined)` or `Effect.succeed(void 0)`. effect(effectSucceedWithVoid)
src/orchestration/Layers/CheckpointReactor.ts(1017,7): suggestion TS377116: `Effect.catchCauseIf` expresses selective recovery more directly than `Effect.catchCause` with a conditional `Effect.failCause` passthrough. effect(catchConditionalRefailToCatchIf)
src/orchestration/Layers/OrchestrationEngine.test.ts(449,50): suggestion TS377117: `Effect.succeedNone` expresses this Option success value directly. effect(preferSucceedSomeOrNone)
src/orchestration/Layers/OrchestrationEngine.test.ts(450,38): suggestion TS377117: `Effect.succeedNone` expresses this Option success value directly. effect(preferSucceedSomeOrNone)
src/orchestration/Layers/OrchestrationEngine.test.ts(452,52): suggestion TS377117: `Effect.succeedNone` expresses this Option success value directly. effect(preferSucceedSomeOrNone)
src/orchestration/Layers/OrchestrationEngine.test.ts(454,45): suggestion TS377117: `Effect.succeedNone` expresses this Option success value directly. effect(preferSucceedSomeOrNone)
src/orchestration/Layers/OrchestrationEngine.test.ts(455,43): suggestion TS377117: `Effect.succeedNone` expresses this Option success value directly. effect(preferSucceedSomeOrNone)
src/orchestration/Layers/OrchestrationEngine.test.ts(458,37): suggestion TS377117: `Effect.succeedNone` expresses this Option success value directly. effect(preferSucceedSomeOrNone)
src/orchestration/Layers/OrchestrationEngine.test.ts(459,38): suggestion TS377117: `Effect.succeedNone` expresses this Option success value directly. effect(preferSucceedSomeOrNone)
src/orchestration/Layers/OrchestrationEngine.test.ts(460,42): suggestion TS377117: `Effect.succeedNone` expresses this Option success value directly. effect(preferSucceedSomeOrNone)
src/orchestration/Layers/OrchestrationEngine.ts(403,23): suggestion TS377099: `Effect.ignore` expresses ignored failure more directly than `Effect.catch` returning `Effect.void`. effect(catchToIgnore)
src/orchestration/Layers/ProjectionSnapshotQuery.ts(107,22): suggestion TS377098: This Schema number API accepts `NaN`, `Infinity`, and `-Infinity`. Use `Schema.Finite` for finite domain numbers. If non-finite values are intentional, disable this diagnostic for that line. effect(schemaNumber)
src/orchestration/Layers/ProjectionSnapshotQuery.ts(114,25): suggestion TS377098: This Schema number API accepts `NaN`, `Infinity`, and `-Infinity`. Use `Schema.Finite` for finite domain numbers. If non-finite values are intentional, disable this diagnostic for that line. effect(schemaNumber)
src/orchestration/Layers/ProjectionSnapshotQuery.ts(120,48): suggestion TS377098: This Schema number API accepts `NaN`, `Infinity`, and `-Infinity`. Use `Schema.Finite` for finite domain numbers. If non-finite values are intentional, disable this diagnostic for that line. effect(schemaNumber)
src/orchestration/Layers/ProjectionSnapshotQuery.ts(172,24): suggestion TS377098: This Schema number API accepts `NaN`, `Infinity`, and `-Infinity`. Use `Schema.Finite` for finite domain numbers. If non-finite values are intentional, disable this diagnostic for that line. effect(schemaNumber)
src/orchestration/Layers/ProjectionSnapshotQuery.ts(173,23): suggestion TS377098: This Schema number API accepts `NaN`, `Infinity`, and `-Infinity`. Use `Schema.Finite` for finite domain numbers. If non-finite values are intentional, disable this diagnostic for that line. effect(schemaNumber)
src/orchestration/Layers/ProjectionSnapshotQuery.ts(180,22): suggestion TS377098: This Schema number API accepts `NaN`, `Infinity`, and `-Infinity`. Use `Schema.Finite` for finite domain numbers. If non-finite values are intentional, disable this diagnostic for that line. effect(schemaNumber)
src/orchestration/Layers/ProjectionSnapshotQuery.ts(181,24): suggestion TS377098: This Schema number API accepts `NaN`, `Infinity`, and `-Infinity`. Use `Schema.Finite` for finite domain numbers. If non-finite values are intentional, disable this diagnostic for that line. effect(schemaNumber)
src/orchestration/Layers/ProjectionSnapshotQuery.ts(228,25): suggestion TS377098: This Schema number API accepts `NaN`, `Infinity`, and `-Infinity`. Use `Schema.Finite` for finite domain numbers. If non-finite values are intentional, disable this diagnostic for that line. effect(schemaNumber)
src/orchestration/Layers/ProjectionSnapshotQuery.ts(229,23): suggestion TS377098: This Schema number API accepts `NaN`, `Infinity`, and `-Infinity`. Use `Schema.Finite` for finite domain numbers. If non-finite values are intentional, disable this diagnostic for that line. effect(schemaNumber)
src/orchestration/Layers/ProjectionSnapshotQuery.ts(1691,70): suggestion TS377098: This Schema number API accepts `NaN`, `Infinity`, and `-Infinity`. Use `Schema.Finite` for finite domain numbers. If non-finite values are intentional, disable this diagnostic for that line. effect(schemaNumber)
src/orchestration/Layers/ProjectionSnapshotQuery.ts(1692,66): suggestion TS377098: This Schema number API accepts `NaN`, `Infinity`, and `-Infinity`. Use `Schema.Finite` for finite domain numbers. If non-finite values are intentional, disable this diagnostic for that line. effect(schemaNumber)
src/orchestration/Layers/ProviderCommandReactor.ts(502,7): suggestion TS377116: `Effect.catchCauseIf` expresses selective recovery more directly than `Effect.catchCause` with a conditional `Effect.failCause` passthrough. effect(catchConditionalRefailToCatchIf)
src/orchestration/Layers/ProviderCommandReactor.ts(1147,9): suggestion TS377116: `Effect.catchCauseIf` expresses selective recovery more directly than `Effect.catchCause` with a conditional `Effect.failCause` passthrough. effect(catchConditionalRefailToCatchIf)
src/orchestration/Layers/ProviderCommandReactor.ts(1167,9): suggestion TS377116: `Effect.catchCauseIf` expresses selective recovery more directly than `Effect.catchCause` with a conditional `Effect.failCause` passthrough. effect(catchConditionalRefailToCatchIf)
src/orchestration/Layers/ProviderCommandReactor.ts(1183,9): suggestion TS377116: `Effect.catchCauseIf` expresses selective recovery more directly than `Effect.catchCause` with a conditional `Effect.failCause` passthrough. effect(catchConditionalRefailToCatchIf)
src/orchestration/Layers/ProviderCommandReactor.ts(1492,7): suggestion TS377114: `Effect.asSome` expresses wrapping the success value in `Option.some` directly. effect(mapSomeToAsSome)
src/orchestration/Layers/ProviderRuntimeIngestion.ts(2667,9): suggestion TS377116: `Effect.catchCauseIf` expresses selective recovery more directly than `Effect.catchCause` with a conditional `Effect.failCause` passthrough. effect(catchConditionalRefailToCatchIf)
src/orchestration/Layers/ThreadDeletionReactor.ts(30,5): suggestion TS377116: `Effect.catchCauseIf` expresses selective recovery more directly than `Effect.catchCause` with a conditional `Effect.failCause` passthrough. effect(catchConditionalRefailToCatchIf)
src/orchestration/Layers/ThreadDeletionReactor.ts(70,7): suggestion TS377116: `Effect.catchCauseIf` expresses selective recovery more directly than `Effect.catchCause` with a conditional `Effect.failCause` passthrough. effect(catchConditionalRefailToCatchIf)
src/orchestration/PullRequestSyncReactor.ts(262,13): suggestion TS377116: `Effect.catchCauseIf` expresses selective recovery more directly than `Effect.catchCause` with a conditional `Effect.failCause` passthrough. effect(catchConditionalRefailToCatchIf)
src/orchestration/ThreadPullRequestReactor.ts(210,15): suggestion TS377116: `Effect.catchCauseIf` expresses selective recovery more directly than `Effect.catchCause` with a conditional `Effect.failCause` passthrough. effect(catchConditionalRefailToCatchIf)
src/orchestration/ThreadPullRequestReactor.ts(276,17): suggestion TS377116: `Effect.catchCauseIf` expresses selective recovery more directly than `Effect.catchCause` with a conditional `Effect.failCause` passthrough. effect(catchConditionalRefailToCatchIf)
src/orchestration/ThreadPullRequestReactor.ts(288,11): suggestion TS377116: `Effect.catchCauseIf` expresses selective recovery more directly than `Effect.catchCause` with a conditional `Effect.failCause` passthrough. effect(catchConditionalRefailToCatchIf)
src/orchestration/ThreadPullRequestReactor.ts(303,7): suggestion TS377116: `Effect.catchCauseIf` expresses selective recovery more directly than `Effect.catchCause` with a conditional `Effect.failCause` passthrough. effect(catchConditionalRefailToCatchIf)
src/orchestration/ThreadSettlementReactor.ts(140,11): suggestion TS377116: `Effect.catchCauseIf` expresses selective recovery more directly than `Effect.catchCause` with a conditional `Effect.failCause` passthrough. effect(catchConditionalRefailToCatchIf)
src/orchestration/ThreadSettlementReactor.ts(279,11): suggestion TS377116: `Effect.catchCauseIf` expresses selective recovery more directly than `Effect.catchCause` with a conditional `Effect.failCause` passthrough. effect(catchConditionalRefailToCatchIf)
src/orchestration/ThreadSettlementReactor.ts(297,7): suggestion TS377116: `Effect.catchCauseIf` expresses selective recovery more directly than `Effect.catchCause` with a conditional `Effect.failCause` passthrough. effect(catchConditionalRefailToCatchIf)
src/orchestration/commandInvariants.ts(122,5): suggestion TS377120: `Effect.filterOrFail` expresses this conditional validation more directly than `Effect.flatMap` with an identity `Effect.succeed` branch. effect(flatMapConditionalToFilterOrFail)
src/orchestration/commandInvariants.ts(141,5): suggestion TS377120: `Effect.filterOrFail` expresses this conditional validation more directly than `Effect.flatMap` with an identity `Effect.succeed` branch. effect(flatMapConditionalToFilterOrFail)
src/orchestration/decider.pullRequests.test.ts(298,41): suggestion TS377112: This input is already assignable to the schema's Encoded type. Use `decodeEffect` to preserve compile-time type checking instead of discarding the input type through `decodeUnknownEffect`. effect(preferTypedSchemaDecoder)
src/orchestration/decider.ts(488,16): suggestion TS377019: This `yield* Effect.fail(...)` passes a yieldable error value. `yield*` represents that value directly without wrapping it in `Effect.fail`. effect(unnecessaryFailYieldableError)
src/orchestration/decider.ts(645,16): suggestion TS377019: This `yield* Effect.fail(...)` passes a yieldable error value. `yield*` represents that value directly without wrapping it in `Effect.fail`. effect(unnecessaryFailYieldableError)
src/orchestration/decider.ts(657,16): suggestion TS377019: This `yield* Effect.fail(...)` passes a yieldable error value. `yield*` represents that value directly without wrapping it in `Effect.fail`. effect(unnecessaryFailYieldableError)
src/orchestration/decider.ts(669,16): suggestion TS377019: This `yield* Effect.fail(...)` passes a yieldable error value. `yield*` represents that value directly without wrapping it in `Effect.fail`. effect(unnecessaryFailYieldableError)
src/orchestration/decider.ts(836,16): suggestion TS377019: This `yield* Effect.fail(...)` passes a yieldable error value. `yield*` represents that value directly without wrapping it in `Effect.fail`. effect(unnecessaryFailYieldableError)
src/orchestration/decider.ts(923,9): suggestion TS377012: This Effect generator contains `try/catch`; in this context, error handling is expressed with Effect APIs such as Effect.try, Effect.tryPromise, Effect.catch, Effect.catchTag). effect(tryCatchInEffectGen)
src/orchestration/decider.ts(1842,18): suggestion TS377019: This `yield* Effect.fail(...)` passes a yieldable error value. `yield*` represents that value directly without wrapping it in `Effect.fail`. effect(unnecessaryFailYieldableError)
src/orchestration/workflowScriptQuery.ts(35,12): suggestion TS377019: This `yield* Effect.fail(...)` passes a yieldable error value. `yield*` represents that value directly without wrapping it in `Effect.fail`. effect(unnecessaryFailYieldableError)
src/orchestration/workflowScriptQuery.ts(63,12): suggestion TS377019: This `yield* Effect.fail(...)` passes a yieldable error value. `yield*` represents that value directly without wrapping it in `Effect.fail`. effect(unnecessaryFailYieldableError)
src/orchestration/workflowScriptQuery.ts(68,12): suggestion TS377019: This `yield* Effect.fail(...)` passes a yieldable error value. `yield*` represents that value directly without wrapping it in `Effect.fail`. effect(unnecessaryFailYieldableError)
src/persistence/AuthPairingLinks.ts(271,25): suggestion TS377117: `Effect.succeedNone` expresses this Option success value directly. effect(preferSucceedSomeOrNone)
src/persistence/AuthPairingLinks.ts(281,15): suggestion TS377114: `Effect.asSome` expresses wrapping the success value in `Option.some` directly. effect(mapSomeToAsSome)
src/persistence/AuthPairingLinks.ts(332,25): suggestion TS377117: `Effect.succeedNone` expresses this Option success value directly. effect(preferSucceedSomeOrNone)
src/persistence/AuthPairingLinks.ts(342,15): suggestion TS377114: `Effect.asSome` expresses wrapping the success value in `Option.some` directly. effect(mapSomeToAsSome)
src/persistence/AuthSessions.ts(425,25): suggestion TS377117: `Effect.succeedNone` expresses this Option success value directly. effect(preferSucceedSomeOrNone)
src/persistence/Errors.test.ts(12,23): suggestion TS377098: This Schema number API accepts `NaN`, `Infinity`, and `-Infinity`. Use `Schema.Finite` for finite domain numbers. If non-finite values are intentional, disable this diagnostic for that line. effect(schemaNumber)
src/persistence/Layers/OrchestrationEventStore.ts(75,17): suggestion TS377098: This Schema number API accepts `NaN`, `Infinity`, and `-Infinity`. Use `Schema.Finite` for finite domain numbers. If non-finite values are intentional, disable this diagnostic for that line. effect(schemaNumber)
src/persistence/Layers/OrchestrationEventStore.ts(82,17): suggestion TS377098: This Schema number API accepts `NaN`, `Infinity`, and `-Infinity`. Use `Schema.Finite` for finite domain numbers. If non-finite values are intentional, disable this diagnostic for that line. effect(schemaNumber)
src/persistence/Layers/OrchestrationEventStore.ts(85,22): suggestion TS377098: This Schema number API accepts `NaN`, `Infinity`, and `-Infinity`. Use `Schema.Finite` for finite domain numbers. If non-finite values are intentional, disable this diagnostic for that line. effect(schemaNumber)
src/persistence/Layers/OrchestrationEventStore.ts(86,24): suggestion TS377098: This Schema number API accepts `NaN`, `Infinity`, and `-Infinity`. Use `Schema.Finite` for finite domain numbers. If non-finite values are intentional, disable this diagnostic for that line. effect(schemaNumber)
src/persistence/Layers/OrchestrationEventStore.ts(87,26): suggestion TS377098: This Schema number API accepts `NaN`, `Infinity`, and `-Infinity`. Use `Schema.Finite` for finite domain numbers. If non-finite values are intentional, disable this diagnostic for that line. effect(schemaNumber)
src/persistence/Layers/OrchestrationEventStore.ts(333,46): suggestion TS377098: This Schema number API accepts `NaN`, `Infinity`, and `-Infinity`. Use `Schema.Finite` for finite domain numbers. If non-finite values are intentional, disable this diagnostic for that line. effect(schemaNumber)
src/persistence/Layers/ProjectionCheckpoints.ts(192,25): suggestion TS377117: `Effect.succeedNone` expresses this Option success value directly. effect(preferSucceedSomeOrNone)
src/persistence/Layers/ProjectionCheckpoints.ts(194,13): suggestion TS377117: `Effect.succeedSome` expresses this Option success value directly. effect(preferSucceedSomeOrNone)
src/persistence/Layers/ProjectionPendingApprovals.ts(74,43): suggestion TS377098: This Schema number API accepts `NaN`, `Infinity`, and `-Infinity`. Use `Schema.Finite` for finite domain numbers. If non-finite values are intentional, disable this diagnostic for that line. effect(schemaNumber)
src/persistence/Layers/ProjectionProjects.ts(22,22): suggestion TS377098: This Schema number API accepts `NaN`, `Infinity`, and `-Infinity`. Use `Schema.Finite` for finite domain numbers. If non-finite values are intentional, disable this diagnostic for that line. effect(schemaNumber)
src/persistence/Layers/ProjectionThreadMessages.ts(24,25): suggestion TS377098: This Schema number API accepts `NaN`, `Infinity`, and `-Infinity`. Use `Schema.Finite` for finite domain numbers. If non-finite values are intentional, disable this diagnostic for that line. effect(schemaNumber)
src/persistence/Layers/ProjectionThreadMessages.ts(29,81): suggestion TS377098: This Schema number API accepts `NaN`, `Infinity`, and `-Infinity`. Use `Schema.Finite` for finite domain numbers. If non-finite values are intentional, disable this diagnostic for that line. effect(schemaNumber)
src/persistence/Layers/ProjectionTurns.ts(320,25): suggestion TS377117: `Effect.succeedNone` expresses this Option success value directly. effect(preferSucceedSomeOrNone)
src/persistence/Layers/ProjectionTurns.ts(322,13): suggestion TS377117: `Effect.succeedSome` expresses this Option success value directly. effect(preferSucceedSomeOrNone)
src/persistence/ProviderSessionRuntime.ts(401,25): suggestion TS377117: `Effect.succeedNone` expresses this Option success value directly. effect(preferSucceedSomeOrNone)
src/persistence/ProviderSessionRuntime.ts(411,15): suggestion TS377114: `Effect.asSome` expresses wrapping the success value in `Option.some` directly. effect(mapSomeToAsSome)
src/persistence/ProviderSessionRuntime.ts(431,13): suggestion TS377114: `Effect.asSome` expresses wrapping the success value in `Option.some` directly. effect(mapSomeToAsSome)
src/processRunner.ts(53,25): suggestion TS377098: This Schema number API accepts `NaN`, `Infinity`, and `-Infinity`. Use `Schema.Finite` for finite domain numbers. If non-finite values are intentional, disable this diagnostic for that line. effect(schemaNumber)
src/processRunner.ts(74,51): suggestion TS377098: This Schema number API accepts `NaN`, `Infinity`, and `-Infinity`. Use `Schema.Finite` for finite domain numbers. If non-finite values are intentional, disable this diagnostic for that line. effect(schemaNumber)
src/processRunner.ts(88,24): suggestion TS377098: This Schema number API accepts `NaN`, `Infinity`, and `-Infinity`. Use `Schema.Finite` for finite domain numbers. If non-finite values are intentional, disable this diagnostic for that line. effect(schemaNumber)
src/processRunner.ts(102,22): suggestion TS377098: This Schema number API accepts `NaN`, `Infinity`, and `-Infinity`. Use `Schema.Finite` for finite domain numbers. If non-finite values are intentional, disable this diagnostic for that line. effect(schemaNumber)
src/processRunner.ts(103,27): suggestion TS377098: This Schema number API accepts `NaN`, `Infinity`, and `-Infinity`. Use `Schema.Finite` for finite domain numbers. If non-finite values are intentional, disable this diagnostic for that line. effect(schemaNumber)
src/processRunner.ts(125,23): suggestion TS377098: This Schema number API accepts `NaN`, `Infinity`, and `-Infinity`. Use `Schema.Finite` for finite domain numbers. If non-finite values are intentional, disable this diagnostic for that line. effect(schemaNumber)
src/project/AgentSessionImporter.test.ts(235,29): suggestion TS377117: `Effect.succeedNone` expresses this Option success value directly. effect(preferSucceedSomeOrNone)
src/project/AgentSessionImporter.test.ts(459,29): suggestion TS377117: `Effect.succeedSome` expresses this Option success value directly. effect(preferSucceedSomeOrNone)
src/project/AgentSessionImporter.test.ts(514,29): suggestion TS377117: `Effect.succeedNone` expresses this Option success value directly. effect(preferSucceedSomeOrNone)
src/project/AgentSessionScanner.ts(665,34): suggestion TS377114: `Effect.asSome` expresses wrapping the success value in `Option.some` directly. effect(mapSomeToAsSome)
src/project/ProjectFaviconResolver.ts(146,5): suggestion TS377114: `Effect.asSome` expresses wrapping the success value in `Option.some` directly. effect(mapSomeToAsSome)
src/project/ProjectFaviconResolver.ts(178,9): suggestion TS377114: `Effect.asSome` expresses wrapping the success value in `Option.some` directly. effect(mapSomeToAsSome)
src/project/RepositoryIdentityResolver.ts(164,9): suggestion TS377120: `Effect.filterOrElse` expresses this conditional validation more directly than `Effect.flatMap` with an identity `Effect.succeed` branch. effect(flatMapConditionalToFilterOrFail)
src/project/RepositoryIdentityResolver.ts(166,45): suggestion TS377095: `Effect.orElseSucceed` expresses the same recovery more directly than `Effect.catch` followed by `Effect.succeed`. effect(catchToOrElseSucceed)
src/project/T3ProjectFileLoader.ts(71,9): suggestion TS377114: `Effect.asSome` expresses wrapping the success value in `Option.some` directly. effect(mapSomeToAsSome)
src/project/T3ProjectFileLoader.ts(90,9): suggestion TS377114: `Effect.asSome` expresses wrapping the success value in `Option.some` directly. effect(mapSomeToAsSome)
src/provider/AntigravityInstallation.test.ts(328,53): suggestion TS377098: This Schema number API accepts `NaN`, `Infinity`, and `-Infinity`. Use `Schema.Finite` for finite domain numbers. If non-finite values are intentional, disable this diagnostic for that line. effect(schemaNumber)
src/provider/AntigravityInstallation.ts(56,66): suggestion TS377098: This Schema number API accepts `NaN`, `Infinity`, and `-Infinity`. Use `Schema.Finite` for finite domain numbers. If non-finite values are intentional, disable this diagnostic for that line. effect(schemaNumber)
src/provider/AntigravityInstallation.ts(57,63): suggestion TS377098: This Schema number API accepts `NaN`, `Infinity`, and `-Infinity`. Use `Schema.Finite` for finite domain numbers. If non-finite values are intentional, disable this diagnostic for that line. effect(schemaNumber)
src/provider/AntigravityInstallation.ts(318,26): suggestion TS377112: This input is already assignable to the schema's Encoded type. Use `decodeEffect` to preserve compile-time type checking instead of discarding the input type through `decodeUnknownEffect`. effect(preferTypedSchemaDecoder)
src/provider/ClaudeModelManifest.ts(16,84): suggestion TS377098: This Schema number API accepts `NaN`, `Infinity`, and `-Infinity`. Use `Schema.Finite` for finite domain numbers. If non-finite values are intentional, disable this diagnostic for that line. effect(schemaNumber)
src/provider/ClaudeModelManifest.ts(17,52): suggestion TS377098: This Schema number API accepts `NaN`, `Infinity`, and `-Infinity`. Use `Schema.Finite` for finite domain numbers. If non-finite values are intentional, disable this diagnostic for that line. effect(schemaNumber)
src/provider/Drivers/AntigravitySkills.ts(89,13): suggestion TS377016: `Effect.void` represents the same outcome as `Effect.succeed(undefined)` or `Effect.succeed(void 0)`. effect(effectSucceedWithVoid)
src/provider/Drivers/CursorDriver.ts(143,9): suggestion TS377120: `Effect.filterOrElse` expresses this conditional validation more directly than `Effect.flatMap` with an identity `Effect.succeed` branch. effect(flatMapConditionalToFilterOrFail)
src/provider/Drivers/GrokDriver.ts(96,9): suggestion TS377120: `Effect.filterOrElse` expresses this conditional validation more directly than `Effect.flatMap` with an identity `Effect.succeed` branch. effect(flatMapConditionalToFilterOrFail)
src/provider/Drivers/GrokSkills.ts(34,38): suggestion TS377098: This Schema number API accepts `NaN`, `Infinity`, and `-Infinity`. Use `Schema.Finite` for finite domain numbers. If non-finite values are intentional, disable this diagnostic for that line. effect(schemaNumber)
src/provider/Layers/AntigravityAdapter.ts(847,62): suggestion TS377016: `Effect.void` represents the same outcome as `Effect.succeed(undefined)` or `Effect.succeed(void 0)`. effect(effectSucceedWithVoid)
src/provider/Layers/AntigravityAdapter.ts(1038,58): suggestion TS377016: `Effect.void` represents the same outcome as `Effect.succeed(undefined)` or `Effect.succeed(void 0)`. effect(effectSucceedWithVoid)
src/provider/Layers/ClaudeAdapter.test.ts(6066,19): suggestion TS377111: `AbortController` is manually constructed inside Effect code. Use `Effect.abortSignal` for Effect-managed cancellation. effect(abortControllerInEffect)
src/provider/Layers/ClaudeAdapter.test.ts(6178,19): suggestion TS377111: `AbortController` is manually constructed inside Effect code. Use `Effect.abortSignal` for Effect-managed cancellation. effect(abortControllerInEffect)
src/provider/Layers/ClaudeAdapter.test.ts(6205,19): suggestion TS377111: `AbortController` is manually constructed inside Effect code. Use `Effect.abortSignal` for Effect-managed cancellation. effect(abortControllerInEffect)
src/provider/Layers/ClaudeAdapter.test.ts(6264,19): suggestion TS377111: `AbortController` is manually constructed inside Effect code. Use `Effect.abortSignal` for Effect-managed cancellation. effect(abortControllerInEffect)
src/provider/Layers/ClaudeAdapter.test.ts(6289,19): suggestion TS377111: `AbortController` is manually constructed inside Effect code. Use `Effect.abortSignal` for Effect-managed cancellation. effect(abortControllerInEffect)
src/provider/Layers/ClaudeAdapter.test.ts(7554,19): suggestion TS377111: `AbortController` is manually constructed inside Effect code. Use `Effect.abortSignal` for Effect-managed cancellation. effect(abortControllerInEffect)
src/provider/Layers/ClaudeAdapter.test.ts(7678,19): suggestion TS377111: `AbortController` is manually constructed inside Effect code. Use `Effect.abortSignal` for Effect-managed cancellation. effect(abortControllerInEffect)
src/provider/Layers/ClaudeAdapter.test.ts(7777,17): suggestion TS377111: `AbortController` is manually constructed inside Effect code. Use `Effect.abortSignal` for Effect-managed cancellation. effect(abortControllerInEffect)
src/provider/Layers/ClaudeAdapter.test.ts(7904,17): suggestion TS377111: `AbortController` is manually constructed inside Effect code. Use `Effect.abortSignal` for Effect-managed cancellation. effect(abortControllerInEffect)
src/provider/Layers/ClaudeAdapter.test.ts(7956,26): suggestion TS377111: `AbortController` is manually constructed inside Effect code. Use `Effect.abortSignal` for Effect-managed cancellation. effect(abortControllerInEffect)
src/provider/Layers/ClaudeAdapter.test.ts(8031,26): suggestion TS377111: `AbortController` is manually constructed inside Effect code. Use `Effect.abortSignal` for Effect-managed cancellation. effect(abortControllerInEffect)
src/provider/Layers/ClaudeAdapter.test.ts(8105,19): suggestion TS377111: `AbortController` is manually constructed inside Effect code. Use `Effect.abortSignal` for Effect-managed cancellation. effect(abortControllerInEffect)
src/provider/Layers/ClaudeAdapter.ts(5360,30): suggestion TS377074: `Effect.runPromise` is called inside an Effect with a separate services invocation. In this context, child Effects run with the surrounding services, which can be accessed through `Effect.context` and `Effect.runPromiseWith`. effect(runEffectInsideEffect)
src/provider/Layers/ClaudeAdapter.ts(5550,16): suggestion TS377019: This `yield* Effect.fail(...)` passes a yieldable error value. `yield*` represents that value directly without wrapping it in `Effect.fail`. effect(unnecessaryFailYieldableError)
src/provider/Layers/CodexAdapter.test.ts(228,21): suggestion TS377117: `Effect.succeedNone` expresses this Option success value directly. effect(preferSucceedSomeOrNone)
src/provider/Layers/CodexCollabRuntime.integration.test.ts(35,18): suggestion TS377098: This Schema number API accepts `NaN`, `Infinity`, and `-Infinity`. Use `Schema.Finite` for finite domain numbers. If non-finite values are intentional, disable this diagnostic for that line. effect(schemaNumber)
src/provider/Layers/CodexSessionRuntime.ts(1525,11): suggestion TS377099: `Effect.ignore` expresses ignored failure more directly than `Effect.catch` returning `Effect.void`. effect(catchToIgnore)
src/provider/Layers/EventNdjsonLogger.ts(99,19): suggestion TS377098: This Schema number API accepts `NaN`, `Infinity`, and `-Infinity`. Use `Schema.Finite` for finite domain numbers. If non-finite values are intentional, disable this diagnostic for that line. effect(schemaNumber)
src/provider/Layers/EventNdjsonLogger.ts(100,21): suggestion TS377098: This Schema number API accepts `NaN`, `Infinity`, and `-Infinity`. Use `Schema.Finite` for finite domain numbers. If non-finite values are intentional, disable this diagnostic for that line. effect(schemaNumber)
src/provider/Layers/GrokAdapter.ts(817,7): suggestion TS377099: `Effect.ignore` expresses ignored failure more directly than `Effect.catch` returning `Effect.void`. effect(catchToIgnore)
src/provider/Layers/GrokAdapter.ts(2011,21): suggestion TS377099: `Effect.ignore` expresses ignored failure more directly than `Effect.catch` returning `Effect.void`. effect(catchToIgnore)
src/provider/Layers/OpenCodeAdapter.test.ts(581,21): suggestion TS377117: `Effect.succeedNone` expresses this Option success value directly. effect(preferSucceedSomeOrNone)
src/provider/Layers/OpenCodeAdapter.ts(1100,49): suggestion TS377099: `Effect.ignoreCause` expresses ignored failure more directly than `Effect.catchCause` returning `Effect.void`. effect(catchToIgnore)
src/provider/Layers/OpenCodeAdapter.ts(1265,9): suggestion TS377099: `Effect.ignoreCause` expresses ignored failure more directly than `Effect.catchCause` returning `Effect.void`. effect(catchToIgnore)
src/provider/Layers/OpenCodeAdapter.ts(1495,9): suggestion TS377099: `Effect.ignoreCause` expresses ignored failure more directly than `Effect.catchCause` returning `Effect.void`. effect(catchToIgnore)
src/provider/Layers/OpenCodeAdapter.ts(1702,19): suggestion TS377016: `Effect.void` represents the same outcome as `Effect.succeed(undefined)` or `Effect.succeed(void 0)`. effect(effectSucceedWithVoid)
src/provider/Layers/OpenCodeAdapter.ts(2047,9): suggestion TS377099: `Effect.ignoreCause` expresses ignored failure more directly than `Effect.catchCause` returning `Effect.void`. effect(catchToIgnore)
src/provider/Layers/OpenCodeAdapter.ts(2166,9): suggestion TS377099: `Effect.ignoreCause` expresses ignored failure more directly than `Effect.catchCause` returning `Effect.void`. effect(catchToIgnore)
src/provider/Layers/OpenCodeAdapter.ts(2733,37): suggestion TS377111: `AbortController` is manually constructed inside Effect code. Use `Effect.abortSignal` for Effect-managed cancellation. effect(abortControllerInEffect)
src/provider/Layers/PiRpcClient.ts(722,11): suggestion TS377114: `Effect.asSome` expresses wrapping the success value in `Option.some` directly. effect(mapSomeToAsSome)
src/provider/Layers/ProviderService.test.ts(4897,3): suggestion TS377117: `Effect.succeedSome` expresses this Option success value directly. effect(preferSucceedSomeOrNone)
src/provider/Layers/ProviderService.ts(2301,7): suggestion TS377114: `Effect.asSome` expresses wrapping the success value in `Option.some` directly. effect(mapSomeToAsSome)
src/provider/Layers/ProviderSessionDirectory.ts(97,15): suggestion TS377114: `Effect.asSome` expresses wrapping the success value in `Option.some` directly. effect(mapSomeToAsSome)
src/provider/Layers/cursorUsageLimits.ts(20,72): suggestion TS377098: This Schema number API accepts `NaN`, `Infinity`, and `-Infinity`. Use `Schema.Finite` for finite domain numbers. If non-finite values are intentional, disable this diagnostic for that line. effect(schemaNumber)
src/provider/Layers/cursorUsageLimits.ts(23,48): suggestion TS377098: This Schema number API accepts `NaN`, `Infinity`, and `-Infinity`. Use `Schema.Finite` for finite domain numbers. If non-finite values are intentional, disable this diagnostic for that line. effect(schemaNumber)
src/provider/Layers/cursorUsageLimits.ts(24,47): suggestion TS377098: This Schema number API accepts `NaN`, `Infinity`, and `-Infinity`. Use `Schema.Finite` for finite domain numbers. If non-finite values are intentional, disable this diagnostic for that line. effect(schemaNumber)
src/provider/Layers/cursorUsageLimits.ts(25,46): suggestion TS377098: This Schema number API accepts `NaN`, `Infinity`, and `-Infinity`. Use `Schema.Finite` for finite domain numbers. If non-finite values are intentional, disable this diagnostic for that line. effect(schemaNumber)
src/provider/Layers/cursorUsageLimits.ts(130,5): suggestion TS377095: `Effect.orElseSucceed` expresses the same recovery more directly than `Effect.catch` followed by `Effect.succeed`. effect(catchToOrElseSucceed)
src/provider/Layers/grokUsageLimits.ts(27,50): suggestion TS377098: This Schema number API accepts `NaN`, `Infinity`, and `-Infinity`. Use `Schema.Finite` for finite domain numbers. If non-finite values are intentional, disable this diagnostic for that line. effect(schemaNumber)
src/provider/Layers/grokUsageLimits.ts(138,5): suggestion TS377095: `Effect.orElseSucceed` expresses the same recovery more directly than `Effect.catch` followed by `Effect.succeed`. effect(catchToOrElseSucceed)
src/provider/ModelManifest.ts(195,23): suggestion TS377098: This Schema number API accepts `NaN`, `Infinity`, and `-Infinity`. Use `Schema.Finite` for finite domain numbers. If non-finite values are intentional, disable this diagnostic for that line. effect(schemaNumber)
src/provider/ModelManifest.ts(406,7): suggestion TS377099: `Effect.ignoreCause` expresses ignored failure more directly than `Effect.catchCause` returning `Effect.void`. effect(catchToIgnore)
src/provider/acp/AcpSessionRuntime.ts(748,15): suggestion TS377118: `Effect.fromOption` expresses this Option-to-Effect conversion more directly than `Option.match` or an Option tag conditional. effect(optionMatchToFromOption)
src/provider/acp/AcpSessionRuntime.ts(802,15): suggestion TS377118: `Effect.fromOption` expresses this Option-to-Effect conversion more directly than `Option.match` or an Option tag conditional. effect(optionMatchToFromOption)
src/provider/acp/AcpSessionRuntime.ts(1025,17): suggestion TS377116: `Effect.catchCauseIf` expresses selective recovery more directly than `Effect.catchCause` with a conditional `Effect.failCause` passthrough. effect(catchConditionalRefailToCatchIf)
src/provider/antigravityAuthSupport.ts(268,9): suggestion TS377116: `Effect.catchTag` expresses selective recovery more directly than `Effect.catch` with a conditional `Effect.fail` passthrough. effect(catchConditionalRefailToCatchIf)
src/provider/antigravityAuthSupport.ts(269,46): suggestion TS377016: `Effect.void` represents the same outcome as `Effect.succeed(undefined)` or `Effect.succeed(void 0)`. effect(effectSucceedWithVoid)
src/provider/makeManagedServerProvider.ts(255,9): suggestion TS377121: This Effect first-completion race has exactly one sleep- or delay-based timer arm. `Effect.timeoutOrElse` expresses the timeout and fallback directly. effect(raceFirstWithSleepToTimeout)
src/provider/providerInstallation.ts(121,9): suggestion TS377095: `Effect.orElseSucceed` expresses the same recovery more directly than `Effect.catch` followed by `Effect.succeed`. effect(catchToOrElseSucceed)
src/provider/providerSnapshot.ts(42,22): suggestion TS377098: This Schema number API accepts `NaN`, `Infinity`, and `-Infinity`. Use `Schema.Finite` for finite domain numbers. If non-finite values are intentional, disable this diagnostic for that line. effect(schemaNumber)
src/provider/providerSnapshot.ts(43,26): suggestion TS377098: This Schema number API accepts `NaN`, `Infinity`, and `-Infinity`. Use `Schema.Finite` for finite domain numbers. If non-finite values are intentional, disable this diagnostic for that line. effect(schemaNumber)
src/provider/providerSnapshot.ts(44,26): suggestion TS377098: This Schema number API accepts `NaN`, `Infinity`, and `-Infinity`. Use `Schema.Finite` for finite domain numbers. If non-finite values are intentional, disable this diagnostic for that line. effect(schemaNumber)
src/pullRequest/GitHubPullRequestCli.ts(1757,9): suggestion TS377120: `Effect.filterOrElse` expresses this conditional validation more directly than `Effect.flatMap` with an identity `Effect.succeed` branch. effect(flatMapConditionalToFilterOrFail)
src/pullRequest/GitHubPullRequestCli.ts(1955,11): suggestion TS377120: `Effect.filterOrElse` expresses this conditional validation more directly than `Effect.flatMap` with an identity `Effect.succeed` branch. effect(flatMapConditionalToFilterOrFail)
src/pullRequest/GitLabPullRequestCli.ts(1253,18): suggestion TS377019: This `yield* Effect.fail(...)` passes a yieldable error value. `yield*` represents that value directly without wrapping it in `Effect.fail`. effect(unnecessaryFailYieldableError)
src/pullRequest/PullRequestProvider.ts(55,37): suggestion TS377098: This Schema number API accepts `NaN`, `Infinity`, and `-Infinity`. Use `Schema.Finite` for finite domain numbers. If non-finite values are intentional, disable this diagnostic for that line. effect(schemaNumber)
src/pullRequest/PullRequestReadCache.ts(80,46): suggestion TS377112: This input is already assignable to the schema's Encoded type. Use `decodeEffect` to preserve compile-time type checking instead of discarding the input type through `decodeUnknownEffect`. effect(preferTypedSchemaDecoder)
src/pullRequest/PullRequestService.test.ts(3038,12): suggestion TS377113: `Effect.forEach` expresses this effectful array mapping more directly than `Effect.all` over `Array#map`. effect(allOfMapToForEach)
src/pullRequest/PullRequestService.test.ts(4054,9): suggestion TS377017: This Effect.gen contains a single return statement. effect(unnecessaryEffectGen)
src/pullRequest/PullRequestService.test.ts(4116,9): suggestion TS377017: This Effect.gen contains a single return statement. effect(unnecessaryEffectGen)
src/pullRequest/PullRequestService.ts(2697,35): suggestion TS377112: This input is already assignable to the schema's Encoded type. Use `decodeEffect` to preserve compile-time type checking instead of discarding the input type through `decodeUnknownEffect`. effect(preferTypedSchemaDecoder)
src/pullRequest/azureDevOpsPullRequestJson.ts(421,50): suggestion TS377098: This Schema number API accepts `NaN`, `Infinity`, and `-Infinity`. Use `Schema.Finite` for finite domain numbers. If non-finite values are intentional, disable this diagnostic for that line. effect(schemaNumber)
src/pullRequest/gitHubPullRequestJson.ts(2151,68): suggestion TS377098: This Schema number API accepts `NaN`, `Infinity`, and `-Infinity`. Use `Schema.Finite` for finite domain numbers. If non-finite values are intentional, disable this diagnostic for that line. effect(schemaNumber)
src/relay/AgentAwarenessRelay.test.ts(536,38): suggestion TS377117: `Effect.succeedSome` expresses this Option success value directly. effect(preferSucceedSomeOrNone)
src/relay/AgentAwarenessRelay.test.ts(753,39): suggestion TS377117: `Effect.succeedSome` expresses this Option success value directly. effect(preferSucceedSomeOrNone)
src/relay/AgentAwarenessRelay.test.ts(754,40): suggestion TS377117: `Effect.succeedSome` expresses this Option success value directly. effect(preferSucceedSomeOrNone)
src/resourceTelemetry/DesktopTelemetryReceiver.ts(53,29): suggestion TS377098: This Schema number API accepts `NaN`, `Infinity`, and `-Infinity`. Use `Schema.Finite` for finite domain numbers. If non-finite values are intentional, disable this diagnostic for that line. effect(schemaNumber)
src/resourceTelemetry/DesktopTelemetryReceiver.ts(54,29): suggestion TS377098: This Schema number API accepts `NaN`, `Infinity`, and `-Infinity`. Use `Schema.Finite` for finite domain numbers. If non-finite values are intentional, disable this diagnostic for that line. effect(schemaNumber)
src/resourceTelemetry/DesktopTelemetryReceiver.ts(76,16): suggestion TS377098: This Schema number API accepts `NaN`, `Infinity`, and `-Infinity`. Use `Schema.Finite` for finite domain numbers. If non-finite values are intentional, disable this diagnostic for that line. effect(schemaNumber)
src/resourceTelemetry/DesktopTelemetryReceiver.ts(88,16): suggestion TS377098: This Schema number API accepts `NaN`, `Infinity`, and `-Infinity`. Use `Schema.Finite` for finite domain numbers. If non-finite values are intentional, disable this diagnostic for that line. effect(schemaNumber)
src/resourceTelemetry/DesktopTelemetryReceiver.ts(99,16): suggestion TS377098: This Schema number API accepts `NaN`, `Infinity`, and `-Infinity`. Use `Schema.Finite` for finite domain numbers. If non-finite values are intentional, disable this diagnostic for that line. effect(schemaNumber)
src/resourceTelemetry/DesktopTelemetryReceiver.ts(100,26): suggestion TS377098: This Schema number API accepts `NaN`, `Infinity`, and `-Infinity`. Use `Schema.Finite` for finite domain numbers. If non-finite values are intentional, disable this diagnostic for that line. effect(schemaNumber)
src/resourceTelemetry/DesktopTelemetryReceiver.ts(118,16): suggestion TS377098: This Schema number API accepts `NaN`, `Infinity`, and `-Infinity`. Use `Schema.Finite` for finite domain numbers. If non-finite values are intentional, disable this diagnostic for that line. effect(schemaNumber)
src/resourceTelemetry/DesktopTelemetryReceiver.ts(131,16): suggestion TS377098: This Schema number API accepts `NaN`, `Infinity`, and `-Infinity`. Use `Schema.Finite` for finite domain numbers. If non-finite values are intentional, disable this diagnostic for that line. effect(schemaNumber)
src/resourceTelemetry/DesktopTelemetryReceiver.ts(132,28): suggestion TS377098: This Schema number API accepts `NaN`, `Infinity`, and `-Infinity`. Use `Schema.Finite` for finite domain numbers. If non-finite values are intentional, disable this diagnostic for that line. effect(schemaNumber)
src/resourceTelemetry/HostResources.ts(63,15): suggestion TS377095: `Effect.orElseSucceed` expresses the same recovery more directly than `Effect.catch` followed by `Effect.succeed`. effect(catchToOrElseSucceed)
src/resourceTelemetry/HostResources.ts(71,11): suggestion TS377095: `Effect.orElseSucceed` expresses the same recovery more directly than `Effect.catch` followed by `Effect.succeed`. effect(catchToOrElseSucceed)
src/resourceTelemetry/NativeTelemetryClient.ts(70,23): suggestion TS377098: This Schema number API accepts `NaN`, `Infinity`, and `-Infinity`. Use `Schema.Finite` for finite domain numbers. If non-finite values are intentional, disable this diagnostic for that line. effect(schemaNumber)
src/resourceTelemetry/NativeTelemetryClient.ts(82,23): suggestion TS377098: This Schema number API accepts `NaN`, `Infinity`, and `-Infinity`. Use `Schema.Finite` for finite domain numbers. If non-finite values are intentional, disable this diagnostic for that line. effect(schemaNumber)
src/resourceTelemetry/NativeTelemetryClient.ts(93,29): suggestion TS377098: This Schema number API accepts `NaN`, `Infinity`, and `-Infinity`. Use `Schema.Finite` for finite domain numbers. If non-finite values are intentional, disable this diagnostic for that line. effect(schemaNumber)
src/resourceTelemetry/NativeTelemetryClient.ts(94,29): suggestion TS377098: This Schema number API accepts `NaN`, `Infinity`, and `-Infinity`. Use `Schema.Finite` for finite domain numbers. If non-finite values are intentional, disable this diagnostic for that line. effect(schemaNumber)
src/resourceTelemetry/NativeTelemetryClient.ts(128,22): suggestion TS377098: This Schema number API accepts `NaN`, `Infinity`, and `-Infinity`. Use `Schema.Finite` for finite domain numbers. If non-finite values are intentional, disable this diagnostic for that line. effect(schemaNumber)
src/resourceTelemetry/ResourceMonitorBinary.ts(45,18): suggestion TS377098: This Schema number API accepts `NaN`, `Infinity`, and `-Infinity`. Use `Schema.Finite` for finite domain numbers. If non-finite values are intentional, disable this diagnostic for that line. effect(schemaNumber)
src/server.test.ts(652,11): suggestion TS377120: `Effect.filterOrElse` expresses this conditional validation more directly than `Effect.flatMap` with an identity `Effect.succeed` branch. effect(flatMapConditionalToFilterOrFail)
src/server.test.ts(815,32): suggestion TS377016: `Effect.void` represents the same outcome as `Effect.succeed(undefined)` or `Effect.succeed(void 0)`. effect(effectSucceedWithVoid)
src/server.test.ts(825,31): suggestion TS377117: `Effect.succeedNone` expresses this Option success value directly. effect(preferSucceedSomeOrNone)
src/server.test.ts(851,49): suggestion TS377103: `Effect.succeed` expresses this constant value more directly than `Effect.sync`. effect(syncToSucceed)
src/server.test.ts(1027,38): suggestion TS377117: `Effect.succeedNone` expresses this Option success value directly. effect(preferSucceedSomeOrNone)
src/server.test.ts(1028,37): suggestion TS377117: `Effect.succeedNone` expresses this Option success value directly. effect(preferSucceedSomeOrNone)
src/server.test.ts(1029,38): suggestion TS377117: `Effect.succeedNone` expresses this Option success value directly. effect(preferSucceedSomeOrNone)
src/server.test.ts(1030,42): suggestion TS377117: `Effect.succeedNone` expresses this Option success value directly. effect(preferSucceedSomeOrNone)
src/server.test.ts(1037,50): suggestion TS377117: `Effect.succeedNone` expresses this Option success value directly. effect(preferSucceedSomeOrNone)
src/server.test.ts(1038,52): suggestion TS377117: `Effect.succeedNone` expresses this Option success value directly. effect(preferSucceedSomeOrNone)
src/server.test.ts(1040,45): suggestion TS377117: `Effect.succeedNone` expresses this Option success value directly. effect(preferSucceedSomeOrNone)
src/server.test.ts(1191,24): suggestion TS377117: `Effect.succeedNone` expresses this Option success value directly. effect(preferSucceedSomeOrNone)
src/server.test.ts(8660,15): suggestion TS377117: `Effect.succeedSome` expresses this Option success value directly. effect(preferSucceedSomeOrNone)
src/server.test.ts(8834,17): suggestion TS377117: `Effect.succeedSome` expresses this Option success value directly. effect(preferSucceedSomeOrNone)
src/server.test.ts(8836,17): suggestion TS377117: `Effect.succeedSome` expresses this Option success value directly. effect(preferSucceedSomeOrNone)
src/server.test.ts(9120,17): suggestion TS377117: `Effect.succeedSome` expresses this Option success value directly. effect(preferSucceedSomeOrNone)
src/server.test.ts(9439,15): suggestion TS377117: `Effect.succeedSome` expresses this Option success value directly. effect(preferSucceedSomeOrNone)
src/server.test.ts(9527,22): suggestion TS377117: `Effect.succeedSome` expresses this Option success value directly. effect(preferSucceedSomeOrNone)
src/server.test.ts(9620,48): suggestion TS377117: `Effect.succeedNone` expresses this Option success value directly. effect(preferSucceedSomeOrNone)
src/server.test.ts(9851,15): suggestion TS377117: `Effect.succeedSome` expresses this Option success value directly. effect(preferSucceedSomeOrNone)
src/server.test.ts(10155,39): suggestion TS377117: `Effect.succeedNone` expresses this Option success value directly. effect(preferSucceedSomeOrNone)
src/server.test.ts(10213,21): suggestion TS377117: `Effect.succeedSome` expresses this Option success value directly. effect(preferSucceedSomeOrNone)
src/server.test.ts(10275,40): suggestion TS377117: `Effect.succeedNone` expresses this Option success value directly. effect(preferSucceedSomeOrNone)
src/server.test.ts(10321,15): suggestion TS377117: `Effect.succeedSome` expresses this Option success value directly. effect(preferSucceedSomeOrNone)
src/server.test.ts(10469,15): suggestion TS377117: `Effect.succeedSome` expresses this Option success value directly. effect(preferSucceedSomeOrNone)
src/server.test.ts(10523,17): suggestion TS377117: `Effect.succeedSome` expresses this Option success value directly. effect(preferSucceedSomeOrNone)
src/server.test.ts(10589,15): suggestion TS377117: `Effect.succeedSome` expresses this Option success value directly. effect(preferSucceedSomeOrNone)
src/server.test.ts(10692,15): suggestion TS377117: `Effect.succeedSome` expresses this Option success value directly. effect(preferSucceedSomeOrNone)
src/server.test.ts(10764,15): suggestion TS377117: `Effect.succeedSome` expresses this Option success value directly. effect(preferSucceedSomeOrNone)
src/serverRuntimeStartup.reconcile.test.ts(402,16): suggestion TS377117: `Effect.succeedSome` expresses this Option success value directly. effect(preferSucceedSomeOrNone)
src/serverRuntimeStartup.reconcile.test.ts(459,9): suggestion TS377117: `Effect.succeedSome` expresses this Option success value directly. effect(preferSucceedSomeOrNone)
src/serverRuntimeStartup.reconcile.test.ts(613,15): suggestion TS377117: `Effect.succeedNone` expresses this Option success value directly. effect(preferSucceedSomeOrNone)
src/serverRuntimeStartup.reconcile.test.ts(616,17): suggestion TS377117: `Effect.succeedSome` expresses this Option success value directly. effect(preferSucceedSomeOrNone)
src/serverRuntimeStartup.reconcile.test.ts(660,25): suggestion TS377117: `Effect.succeedNone` expresses this Option success value directly. effect(preferSucceedSomeOrNone)
src/serverRuntimeStartup.reconcile.test.ts(761,11): suggestion TS377117: `Effect.succeedSome` expresses this Option success value directly. effect(preferSucceedSomeOrNone)
src/serverRuntimeStartup.reconcile.test.ts(947,20): suggestion TS377019: This `yield* Effect.fail(...)` passes a yieldable error value. `yield*` represents that value directly without wrapping it in `Effect.fail`. effect(unnecessaryFailYieldableError)
src/serverRuntimeStartup.test.ts(177,11): suggestion TS377117: `Effect.succeedSome` expresses this Option success value directly. effect(preferSucceedSomeOrNone)
src/serverRuntimeStartup.test.ts(194,50): suggestion TS377117: `Effect.succeedSome` expresses this Option success value directly. effect(preferSucceedSomeOrNone)
src/serverRuntimeStartup.test.ts(196,43): suggestion TS377117: `Effect.succeedNone` expresses this Option success value directly. effect(preferSucceedSomeOrNone)
src/serverRuntimeStartup.test.ts(197,41): suggestion TS377117: `Effect.succeedNone` expresses this Option success value directly. effect(preferSucceedSomeOrNone)
src/serverRuntimeStartup.test.ts(324,50): suggestion TS377117: `Effect.succeedNone` expresses this Option success value directly. effect(preferSucceedSomeOrNone)
src/serverRuntimeStartup.test.ts(326,43): suggestion TS377117: `Effect.succeedNone` expresses this Option success value directly. effect(preferSucceedSomeOrNone)
src/serverRuntimeStartup.test.ts(327,41): suggestion TS377117: `Effect.succeedNone` expresses this Option success value directly. effect(preferSucceedSomeOrNone)
src/serverRuntimeStartup.test.ts(394,50): suggestion TS377117: `Effect.succeedNone` expresses this Option success value directly. effect(preferSucceedSomeOrNone)
src/serverRuntimeStartup.test.ts(399,45): suggestion TS377117: `Effect.succeedNone` expresses this Option success value directly. effect(preferSucceedSomeOrNone)
src/serverRuntimeStartup.test.ts(400,43): suggestion TS377117: `Effect.succeedNone` expresses this Option success value directly. effect(preferSucceedSomeOrNone)
src/serverRuntimeStartup.test.ts(459,48): suggestion TS377117: `Effect.succeedNone` expresses this Option success value directly. effect(preferSucceedSomeOrNone)
src/serverRuntimeStartup.test.ts(462,50): suggestion TS377117: `Effect.succeedNone` expresses this Option success value directly. effect(preferSucceedSomeOrNone)
src/serverRuntimeStartup.test.ts(464,43): suggestion TS377117: `Effect.succeedNone` expresses this Option success value directly. effect(preferSucceedSomeOrNone)
src/serverRuntimeStartup.test.ts(465,41): suggestion TS377117: `Effect.succeedNone` expresses this Option success value directly. effect(preferSucceedSomeOrNone)
src/serverRuntimeStartup.ts(64,18): suggestion TS377098: This Schema number API accepts `NaN`, `Infinity`, and `-Infinity`. Use `Schema.Finite` for finite domain numbers. If non-finite values are intentional, disable this diagnostic for that line. effect(schemaNumber)
src/serverRuntimeStartup.ts(267,9): suggestion TS377116: `Effect.catchCauseIf` expresses selective recovery more directly than `Effect.catchCause` with a conditional `Effect.failCause` passthrough. effect(catchConditionalRefailToCatchIf)
src/serverRuntimeStartup.ts(316,5): suggestion TS377120: `Effect.filterOrElse` expresses this conditional validation more directly than `Effect.flatMap` with an identity `Effect.succeed` branch. effect(flatMapConditionalToFilterOrFail)
src/serverRuntimeStartup.ts(490,5): suggestion TS377114: `Effect.asSome` expresses wrapping the success value in `Option.some` directly. effect(mapSomeToAsSome)
src/serverRuntimeStartup.ts(552,7): suggestion TS377116: `Effect.catchCauseIf` expresses selective recovery more directly than `Effect.catchCause` with a conditional `Effect.failCause` passthrough. effect(catchConditionalRefailToCatchIf)
src/serverRuntimeStartup.ts(609,11): suggestion TS377116: `Effect.catchCauseIf` expresses selective recovery more directly than `Effect.catchCause` with a conditional `Effect.failCause` passthrough. effect(catchConditionalRefailToCatchIf)
src/serverRuntimeStartup.ts(636,11): suggestion TS377116: `Effect.catchCauseIf` expresses selective recovery more directly than `Effect.catchCause` with a conditional `Effect.failCause` passthrough. effect(catchConditionalRefailToCatchIf)
src/serverRuntimeStartup.ts(742,3): suggestion TS377116: `Effect.catchCauseIf` expresses selective recovery more directly than `Effect.catchCause` with a conditional `Effect.failCause` passthrough. effect(catchConditionalRefailToCatchIf)
src/serverRuntimeStartup.ts(816,9): suggestion TS377116: `Effect.catchCauseIf` expresses selective recovery more directly than `Effect.catchCause` with a conditional `Effect.failCause` passthrough. effect(catchConditionalRefailToCatchIf)
src/serverRuntimeStartup.ts(827,3): suggestion TS377116: `Effect.catchCauseIf` expresses selective recovery more directly than `Effect.catchCause` with a conditional `Effect.failCause` passthrough. effect(catchConditionalRefailToCatchIf)
src/serverRuntimeState.ts(145,34): suggestion TS377117: `Effect.succeedSome` expresses this Option success value directly. effect(preferSucceedSomeOrNone)
src/serverRuntimeState.ts(158,7): suggestion TS377114: `Effect.asSome` expresses wrapping the success value in `Option.some` directly. effect(mapSomeToAsSome)
src/sourceControl/BitbucketApi.ts(103,37): suggestion TS377098: This Schema number API accepts `NaN`, `Infinity`, and `-Infinity`. Use `Schema.Finite` for finite domain numbers. If non-finite values are intentional, disable this diagnostic for that line. effect(schemaNumber)
src/sourceControl/GitHubCli.test.ts(158,30): suggestion TS377113: `Effect.forEach` expresses this effectful array mapping more directly than `Effect.all` over `Array#map`. effect(allOfMapToForEach)
src/sourceControl/GitLabCli.ts(333,14): suggestion TS377098: This Schema number API accepts `NaN`, `Infinity`, and `-Infinity`. Use `Schema.Finite` for finite domain numbers. If non-finite values are intentional, disable this diagnostic for that line. effect(schemaNumber)
src/sourceControl/SourceControlProviderRegistry.ts(292,17): suggestion TS377113: `Effect.forEach` expresses this effectful array mapping more directly than `Effect.all` over `Array#map`. effect(allOfMapToForEach)
src/sourceControl/SourceControlRateLimit.ts(40,21): suggestion TS377098: This Schema number API accepts `NaN`, `Infinity`, and `-Infinity`. Use `Schema.Finite` for finite domain numbers. If non-finite values are intentional, disable this diagnostic for that line. effect(schemaNumber)
src/sourceControl/gitLabMergeRequests.ts(52,59): suggestion TS377098: This Schema number API accepts `NaN`, `Infinity`, and `-Infinity`. Use `Schema.Finite` for finite domain numbers. If non-finite values are intentional, disable this diagnostic for that line. effect(schemaNumber)
src/sourceControl/gitLabMergeRequests.ts(53,59): suggestion TS377098: This Schema number API accepts `NaN`, `Infinity`, and `-Infinity`. Use `Schema.Finite` for finite domain numbers. If non-finite values are intentional, disable this diagnostic for that line. effect(schemaNumber)
src/storageCleanup.ts(422,7): suggestion TS377116: `Effect.catchCauseIf` expresses selective recovery more directly than `Effect.catchCause` with a conditional `Effect.failCause` passthrough. effect(catchConditionalRefailToCatchIf)
src/telemetry/Identify.ts(135,5): suggestion TS377114: `Effect.asSome` expresses wrapping the success value in `Option.some` directly. effect(mapSomeToAsSome)
src/telemetry/Identify.ts(281,7): suggestion TS377114: `Effect.asSome` expresses wrapping the success value in `Option.some` directly. effect(mapSomeToAsSome)
src/terminal/Manager.ts(114,52): suggestion TS377098: This Schema number API accepts `NaN`, `Infinity`, and `-Infinity`. Use `Schema.Finite` for finite domain numbers. If non-finite values are intentional, disable this diagnostic for that line. effect(schemaNumber)
src/terminal/Manager.ts(136,25): suggestion TS377098: This Schema number API accepts `NaN`, `Infinity`, and `-Infinity`. Use `Schema.Finite` for finite domain numbers. If non-finite values are intentional, disable this diagnostic for that line. effect(schemaNumber)
src/terminal/Manager.ts(1937,7): suggestion TS377118: `Effect.fromOption` expresses this Option-to-Effect conversion more directly than `Option.match` or an Option tag conditional. effect(optionMatchToFromOption)
src/terminal/Manager.ts(2370,7): suggestion TS377114: `Effect.asSome` expresses wrapping the success value in `Option.some` directly. effect(mapSomeToAsSome)
src/terminal/Manager.ts(2396,9): suggestion TS377114: `Effect.asSome` expresses wrapping the success value in `Option.some` directly. effect(mapSomeToAsSome)
src/textGeneration/AntigravityTextGeneration.ts(241,60): suggestion TS377016: `Effect.void` represents the same outcome as `Effect.succeed(undefined)` or `Effect.succeed(void 0)`. effect(effectSucceedWithVoid)
src/textGeneration/CodexTextGeneration.test.ts(559,57): suggestion TS377099: `Effect.ignore` expresses ignored failure more directly than `Effect.catch` returning `Effect.void`. effect(catchToIgnore)
src/textGeneration/CodexTextGeneration.test.ts(582,46): suggestion TS377099: `Effect.ignore` expresses ignored failure more directly than `Effect.catch` returning `Effect.void`. effect(catchToIgnore)
src/textGeneration/CodexTextGeneration.ts(99,38): suggestion TS377099: `Effect.ignore` expresses ignored failure more directly than `Effect.catch` returning `Effect.void`. effect(catchToIgnore)
src/textGeneration/CodexTextGeneration.ts(266,21): suggestion TS377113: `Effect.forEach` expresses this effectful array mapping more directly than `Effect.all` over `Array#map`. effect(allOfMapToForEach)
src/textGeneration/ThreadTitleLinks.ts(18,5): suggestion TS377012: This Effect generator contains `try/catch`; in this context, error handling is expressed with Effect APIs such as Effect.try, Effect.tryPromise, Effect.catch, Effect.catchTag). effect(tryCatchInEffectGen)
src/textGeneration/ThreadTitleLinks.ts(43,9): suggestion TS377095: `Effect.orElseSucceed` expresses the same recovery more directly than `Effect.catch` followed by `Effect.succeed`. effect(catchToOrElseSucceed)
src/usage/UsageService.ts(90,23): suggestion TS377098: This Schema number API accepts `NaN`, `Infinity`, and `-Infinity`. Use `Schema.Finite` for finite domain numbers. If non-finite values are intentional, disable this diagnostic for that line. effect(schemaNumber)
src/usage/UsageService.ts(228,7): suggestion TS377099: `Effect.ignoreCause` expresses ignored failure more directly than `Effect.catchCause` returning `Effect.void`. effect(catchToIgnore)
src/usage/UsageService.ts(375,7): suggestion TS377099: `Effect.ignoreCause` expresses ignored failure more directly than `Effect.catchCause` returning `Effect.void`. effect(catchToIgnore)
src/usage/cliproxyApi.ts(34,57): suggestion TS377098: This Schema number API accepts `NaN`, `Infinity`, and `-Infinity`. Use `Schema.Finite` for finite domain numbers. If non-finite values are intentional, disable this diagnostic for that line. effect(schemaNumber)
src/usage/cliproxyApi.ts(36,24): suggestion TS377098: This Schema number API accepts `NaN`, `Infinity`, and `-Infinity`. Use `Schema.Finite` for finite domain numbers. If non-finite values are intentional, disable this diagnostic for that line. effect(schemaNumber)
src/usage/cliproxyApi.ts(37,50): suggestion TS377098: This Schema number API accepts `NaN`, `Infinity`, and `-Infinity`. Use `Schema.Finite` for finite domain numbers. If non-finite values are intentional, disable this diagnostic for that line. effect(schemaNumber)
src/usage/cliproxyApi.ts(38,48): suggestion TS377098: This Schema number API accepts `NaN`, `Infinity`, and `-Infinity`. Use `Schema.Finite` for finite domain numbers. If non-finite values are intentional, disable this diagnostic for that line. effect(schemaNumber)
src/usage/cliproxyApi.ts(50,23): suggestion TS377098: This Schema number API accepts `NaN`, `Infinity`, and `-Infinity`. Use `Schema.Finite` for finite domain numbers. If non-finite values are intentional, disable this diagnostic for that line. effect(schemaNumber)
src/usage/cliproxyApi.ts(60,55): suggestion TS377098: This Schema number API accepts `NaN`, `Infinity`, and `-Infinity`. Use `Schema.Finite` for finite domain numbers. If non-finite values are intentional, disable this diagnostic for that line. effect(schemaNumber)
src/vcs/GitVcsDriver.ts(1093,13): suggestion TS377095: `Effect.orElseSucceed` expresses the same recovery more directly than `Effect.catch` followed by `Effect.succeed`. effect(catchToOrElseSucceed)
src/vcs/GitVcsDriverCore.ts(903,11): suggestion TS377118: `Effect.fromOption` expresses this Option-to-Effect conversion more directly than `Option.match` or an Option tag conditional. effect(optionMatchToFromOption)
src/vcs/GitVcsDriverCore.ts(961,7): suggestion TS377120: `Effect.filterOrFail` expresses this conditional validation more directly than `Effect.flatMap` with an identity `Effect.succeed` branch. effect(flatMapConditionalToFilterOrFail)
src/vcs/VcsStatusBroadcaster.ts(544,19): suggestion TS377113: `Effect.forEach` expresses this effectful array mapping more directly than `Effect.all` over `Array#map`. effect(allOfMapToForEach)
src/workspace/WorkspaceSearchIndex.ts(74,25): suggestion TS377098: This Schema number API accepts `NaN`, `Infinity`, and `-Infinity`. Use `Schema.Finite` for finite domain numbers. If non-finite values are intentional, disable this diagnostic for that line. effect(schemaNumber)
src/workspace/WorkspaceSearchIndex.ts(75,22): suggestion TS377098: This Schema number API accepts `NaN`, `Infinity`, and `-Infinity`. Use `Schema.Finite` for finite domain numbers. If non-finite values are intentional, disable this diagnostic for that line. effect(schemaNumber)
src/ws.ts(852,20): suggestion TS377117: `Effect.succeedSome` expresses this Option success value directly. effect(preferSucceedSomeOrNone)
src/ws.ts(861,20): suggestion TS377117: `Effect.succeedSome` expresses this Option success value directly. effect(preferSucceedSomeOrNone)
src/ws.ts(872,22): suggestion TS377117: `Effect.succeedNone` expresses this Option success value directly. effect(preferSucceedSomeOrNone)
src/ws.ts(890,11): suggestion TS377114: `Effect.asSome` expresses wrapping the success value in `Option.some` directly. effect(mapSomeToAsSome)
../../scripts/lib/dev-share.ts(94,21): suggestion TS377098: This Schema number API accepts `NaN`, `Infinity`, and `-Infinity`. Use `Schema.Finite` for finite domain numbers. If non-finite values are intentional, disable this diagnostic for that line. effect(schemaNumber)

---
vp run: 0/6 cache hit (0%). (Run `vp run --last-details` for full details)
[1m[2mnote:[0m[0m You are running [94m`vp fmt`[39m as a Vite+ built-in command. If you meant to run the fmt npm script, use [94m`vpr fmt`[39m instead.
Checking formatting...

All matched files use the correct format.
Finished in 762ms on 1 files using 4 threads.
